-- phpMyAdmin SQL Dump
-- version 4.9.5
-- https://www.phpmyadmin.net/
--
-- Host: localhost:3306
-- Generation Time: Jun 24, 2021 at 05:55 AM
-- Server version: 10.3.28-MariaDB-log-cll-lve
-- PHP Version: 7.3.27

SET SQL_MODE = "NO_AUTO_VALUE_ON_ZERO";
SET AUTOCOMMIT = 0;
START TRANSACTION;
SET time_zone = "+00:00";


/*!40101 SET @OLD_CHARACTER_SET_CLIENT=@@CHARACTER_SET_CLIENT */;
/*!40101 SET @OLD_CHARACTER_SET_RESULTS=@@CHARACTER_SET_RESULTS */;
/*!40101 SET @OLD_COLLATION_CONNECTION=@@COLLATION_CONNECTION */;
/*!40101 SET NAMES utf8mb4 */;

--
-- Database: `planbvaf_unitedMarines`
--

-- --------------------------------------------------------

--
-- Table structure for table `agents`
--

CREATE TABLE `agents` (
  `id` int(11) NOT NULL,
  `name` varchar(255) DEFAULT NULL,
  `phone` varchar(15) DEFAULT NULL,
  `deleted_at` timestamp NULL DEFAULT NULL
) ENGINE=InnoDB DEFAULT CHARSET=utf8mb4;

--
-- Dumping data for table `agents`
--

INSERT INTO `agents` (`id`, `name`, `phone`, `deleted_at`) VALUES
(1, 'test1', '123456789', '2021-05-24 15:59:40'),
(3, 'venus traders', NULL, '2021-06-15 17:18:51'),
(4, 'agent name', '134568777775', NULL),
(5, 'sea pearl', NULL, '2021-06-15 14:07:09'),
(6, 'zeeshan ag', NULL, '2021-06-15 14:07:13'),
(7, 'cargo linker', '7675543455', '2021-06-17 12:03:27'),
(8, 'barai int.l', '134568777775', NULL),
(9, 'oiouy jihuhb', '7675543455', NULL),
(10, 'rabanni oiu', '898786565456', NULL),
(11, 'a.ant gtt', '098653456767', NULL),
(12, 'behram tehmuras', '134568777775', NULL),
(13, 'fariya', '7675543455', NULL),
(14, 'behsram taurmoas', '134568777775', NULL),
(15, 'sadyjuw', '7675543455', NULL),
(16, 'al fatima int.l', NULL, NULL),
(17, 'salman int.l', NULL, NULL),
(18, 'expeditor ag', NULL, NULL),
(19, 'pak apparels', NULL, NULL),
(20, 'rehan & usman', NULL, NULL),
(21, 'igy & sons', NULL, NULL),
(22, 'gft', NULL, NULL),
(23, 'tanoli associates', NULL, NULL),
(24, 't.a cargo', NULL, NULL),
(25, 'al sharqi real', NULL, NULL),
(26, 'safron int.l', NULL, NULL),
(27, 'fariya', '134568777775', NULL),
(28, 'maryam', '134568777775', '2021-06-17 12:23:43'),
(29, 'fdd', NULL, NULL),
(30, 'ghg', NULL, NULL),
(31, 'alishba', NULL, NULL),
(32, 'oester ent.p', NULL, NULL),
(33, 'cirrus int.l', NULL, NULL),
(34, 'a.a ent.p', NULL, NULL),
(35, 'nusrat ent.p', NULL, NULL),
(36, 'umer ent..p', NULL, NULL),
(37, 'htj', NULL, NULL),
(38, 'gg fg', NULL, NULL),
(39, 'gg', NULL, NULL),
(40, 'safana', NULL, NULL),
(41, 'venus traders', NULL, NULL),
(42, 'arshad & brothers', NULL, NULL),
(43, 'rabi ent.p', NULL, NULL),
(44, 'cargo cor.p', NULL, NULL),
(45, 'target ag', NULL, NULL),
(46, 'sikandar ent.p', NULL, NULL),
(47, 'kuehne + nagel', NULL, NULL),
(48, 'sohaill ahmed ent.p', NULL, NULL),
(49, 'khan traders', NULL, NULL),
(50, 'cargo linker', NULL, NULL),
(51, 'express freight', NULL, NULL),
(52, 'unique freight', NULL, NULL),
(53, 'express custom', NULL, NULL),
(54, 'shahrukh ent.p', NULL, NULL),
(55, 'union ent.p', NULL, NULL),
(56, 'dtfgfg gv', NULL, NULL),
(57, 'umer ent.p', NULL, NULL),
(58, 'vbvb', NULL, NULL),
(59, 'arshad * brothers', NULL, NULL),
(60, 'expediator ag', NULL, NULL),
(61, 'fbbrfb', NULL, NULL),
(62, 'oyster ent.p', NULL, NULL),
(63, 'umar ent.p', NULL, NULL);

-- --------------------------------------------------------

--
-- Table structure for table `containers`
--

CREATE TABLE `containers` (
  `id` int(11) NOT NULL,
  `name` varchar(100) NOT NULL,
  `size` varchar(100) DEFAULT NULL,
  `itemtype_Id` int(11) NOT NULL,
  `deleted_at` timestamp NULL DEFAULT NULL
) ENGINE=InnoDB DEFAULT CHARSET=utf8mb4;

--
-- Dumping data for table `containers`
--

INSERT INTO `containers` (`id`, `name`, `size`, `itemtype_Id`, `deleted_at`) VALUES
(1, 'bmou-603065-8', '40', 3, NULL),
(2, 'tghu-622382-1', '40', 5, NULL),
(3, 'tcnu-837286-4', '40', 3, NULL),
(4, 'oolu-898284-8', '40', 1, NULL),
(5, 'sfdasf', '20', 1, NULL),
(6, 'eisu-998566-0', '40', 3, NULL),
(7, 'eisu-946901-0', '40', 2, NULL),
(8, 'uacu-575200-8', '40', 3, NULL),
(9, 'cbhu-958030-2', '40', 3, NULL),
(10, 'kdr', '40', 2, NULL),
(11, 'abv', '20', 2, '2021-06-17 12:08:38'),
(12, 'hlxu-855058-2', '40', 3, NULL),
(13, 'hlbu-146696-0', '40', 3, NULL),
(14, 'fariya', '667', 2, '2021-06-17 12:28:40'),
(15, 'container2.0', '20', 1, NULL),
(16, 'tclu-123456-7', '40', 3, NULL),
(17, 'd', '40', 3, NULL),
(18, 'tclu-951243-3', '40', 3, NULL),
(19, 'cbhu-12345', '40', 3, NULL),
(20, 'gghggh', '40', 3, NULL),
(21, 'tgbu-494182-8', '40', 3, NULL),
(22, 'beau-493597-7', '40', 3, NULL),
(23, 'dfsu-678418-2', '40', 3, NULL),
(24, 'gesu-372391-8', '20', 1, NULL),
(25, 'eitu-143010-2', '40', 3, NULL),
(26, 'dfsu-754683-0', '40', 3, NULL),
(27, 'vbvgvgf', '20', 1, NULL),
(28, 'vgvhbh', '20', 1, NULL),
(29, 'vgvhbhjbjn', '20', 1, NULL),
(30, 'fdvgvvf', '40', 2, NULL),
(31, 'smsms', '40', 3, NULL),
(32, 'ytythy', '20', 1, NULL),
(33, 'jnjn', '20', 1, NULL),
(34, 'dvvd', '40', 3, NULL),
(35, 'cnjj', '40', 3, NULL),
(36, 'tghu-640185-7', '40', 3, NULL),
(37, 'txgu-501096-7', '40', 3, NULL),
(38, 'cclu-769818-0', '40', 3, NULL),
(39, 'hlbu-161416-3', '40', 3, NULL),
(40, 'whlu-244060-6', '20', 1, NULL),
(41, 'gcxu-213417-2', '20', 1, NULL),
(42, 'cmau-105738-7', NULL, 1, NULL),
(43, 'pciu-924463-0', '40', 3, NULL),
(44, 'msku-471162-0', '40', 3, NULL),
(45, 'tllu-261654-2', '20', 1, NULL),
(46, 'hlxu-115983-2', '20', 1, NULL),
(47, 'bsiu-955908-6', '40', 3, NULL),
(48, 'caiu-730043-9', '40', 3, NULL),
(49, 'uacu-563272-2', '40', 3, NULL),
(50, 'hlxu-840709-9', '40', 3, NULL),
(51, 'hlbu-202296-0', '40', 3, NULL),
(52, 'tcnu-496102-2', NULL, 1, NULL),
(53, 'tcku-945267-7', '40', 1, NULL),
(54, 'oolu-857279-8', '40', 1, NULL),
(55, 'hlbu-236470-5', '20', 1, NULL),
(56, 'temu-190585-3', '20', 1, NULL),
(57, 'whsu-575218-3', '40', 1, NULL),
(58, 'clhu-912508-4', '40', 3, NULL);

-- --------------------------------------------------------

--
-- Table structure for table `exportcargodetails`
--

CREATE TABLE `exportcargodetails` (
  `id` int(11) NOT NULL,
  `userId` int(11) DEFAULT NULL,
  `exportCargoId` int(11) DEFAULT NULL,
  `index` int(11) DEFAULT NULL,
  `description` longtext DEFAULT NULL,
  `marksAndNo` varchar(100) DEFAULT NULL,
  `containerNo` int(11) DEFAULT NULL,
  `size` varchar(255) DEFAULT NULL,
  `itemTypeId` int(11) DEFAULT NULL,
  `sealNo` varchar(255) DEFAULT NULL,
  `length` double NOT NULL DEFAULT 0,
  `breadth` double NOT NULL DEFAULT 0,
  `depth` double NOT NULL DEFAULT 0,
  `packagesNos` varchar(255) DEFAULT NULL,
  `noOfPackages` double DEFAULT NULL,
  `average` double NOT NULL DEFAULT 0,
  `remarks` longtext DEFAULT NULL,
  `remarkUserId` int(11) DEFAULT NULL,
  `cargo_date` date DEFAULT NULL,
  `updated_at` datetime DEFAULT NULL,
  `created_at` timestamp NULL DEFAULT current_timestamp(),
  `deleted_by` int(11) DEFAULT NULL,
  `deleted_at` timestamp NULL DEFAULT NULL
) ENGINE=InnoDB DEFAULT CHARSET=utf8mb4;

--
-- Dumping data for table `exportcargodetails`
--

INSERT INTO `exportcargodetails` (`id`, `userId`, `exportCargoId`, `index`, `description`, `marksAndNo`, `containerNo`, `size`, `itemTypeId`, `sealNo`, `length`, `breadth`, `depth`, `packagesNos`, `noOfPackages`, `average`, `remarks`, `remarkUserId`, `cargo_date`, `updated_at`, `created_at`, `deleted_by`, `deleted_at`) VALUES
(1, 1, 1, NULL, 'CARTONS', 'SKU = 288926', NULL, NULL, NULL, '--', 40, 30, 21, 'CARTONS', 323, 8.1396, 'SOUND CONDITION AT THE TIME OF ARRIVAL/STUFFING', 1, '2021-03-16', '2021-06-22 09:24:44', '2021-06-22 13:24:16', NULL, NULL),
(2, 1, 2, NULL, 'CARTONS', 'SKU = 258549', NULL, NULL, NULL, '--', 35, 33, 12, 'CARTONS', 412, 5.710319999999999, 'SOUND CONDITION AT THE TIME OF ARRIVAL/STUFFING', 1, '2021-03-16', '2021-06-22 09:28:17', '2021-06-22 13:27:15', NULL, NULL),
(3, 1, 3, NULL, 'CARTONS', 'SKU = 236211', NULL, NULL, NULL, '--', 34, 33, 13, 'CARTONS', 317, 4.623762, 'SOUND CONDITION AT THE TIME OF ARRIVAL/STUFFING', 1, '2021-03-16', '2021-06-22 09:33:16', '2021-06-22 13:31:40', NULL, NULL),
(4, 1, 3, NULL, 'CARTONS', '236419', NULL, NULL, NULL, '--', 34, 30, 19, 'CARTONS', 257, 4.980659999999999, 'SOUND CONDITION AT THE TIME OF ARRIVAL/STUFFING', 1, '2021-03-16', '2021-06-22 09:33:16', '2021-06-22 13:31:40', NULL, NULL),
(5, 1, 3, NULL, 'CARTONS', '334054', NULL, NULL, NULL, '--', 34, 32, 13, 'CARTONS', 196, 2.772224, 'SOUND CONDITION AT THE TIME OF ARRIVAL/STUFFING', 1, '2021-03-16', '2021-06-22 09:33:16', '2021-06-22 13:31:40', NULL, NULL),
(6, 1, 3, NULL, 'CARTONS', '334053', NULL, NULL, NULL, '--', 34, 30, 19, 'CARTONS', 288, 5.58144, 'SOUND CONDITION AT THE TIME OF ARRIVAL/STUFFING', 1, '2021-03-16', '2021-06-22 09:33:16', '2021-06-22 13:31:40', NULL, NULL),
(7, 1, 3, NULL, 'CARTONS', '334054.', NULL, NULL, NULL, '--', 34, 32, 13, 'CARTONS', 208, 2.9419519999999997, 'SOUND CONDITION AT THE TIME OF ARRIVAL/STUFFING', 1, '2021-03-16', '2021-06-22 09:33:16', '2021-06-22 13:31:40', NULL, NULL),
(8, 1, 3, NULL, 'CARTONS', '236211', NULL, NULL, NULL, '--', 33, 33, 12, 'CARTONS', 223, 2.914164, 'SOUND CONDITION AT THE TIME OF ARRIVAL/STUFFING', 1, '2021-03-16', '2021-06-22 09:33:16', '2021-06-22 13:31:40', NULL, NULL),
(9, 1, 3, NULL, 'CARTONS', '236419.', NULL, NULL, NULL, '--', 34, 30, 19, 'CARTONS', 259, 5.01942, 'SOUND CONDITION AT THE TIME OF ARRIVAL/STUFFING', 1, '2021-03-16', '2021-06-22 09:33:16', '2021-06-22 13:31:40', NULL, NULL),
(10, 1, 4, NULL, 'CARTONS', 'SKU = 288888', NULL, NULL, NULL, '--', 41, 26, 16, 'CARTONS', 18, 0.307008, 'SOUND CONDITION AT THE TIME OF ARRIVAL/STUFFING', 1, '2021-03-18', '2021-06-22 09:36:43', '2021-06-22 13:36:03', NULL, NULL),
(11, 1, 4, NULL, 'CARTONS', '288892', NULL, NULL, NULL, '--', 40, 28, 17, 'CARTONS', 48, 0.91392, 'SOUND CONDITION AT THE TIME OF ARRIVAL/STUFFING', 1, '2021-03-18', '2021-06-22 09:36:43', '2021-06-22 13:36:03', NULL, NULL),
(12, 1, 4, NULL, 'CARTONS', '288901', NULL, NULL, NULL, '--', 41, 28, 18, 'CARTONS', 78, 1.611792, 'SOUND CONDITION AT THE TIME OF ARRIVAL/STUFFING', 1, '2021-03-18', '2021-06-22 09:36:43', '2021-06-22 13:36:03', NULL, NULL),
(13, 1, 4, NULL, 'CARTONS', '288888', NULL, NULL, NULL, '--', 30, 29, 22, 'CARTONS', 1012, 19.36968, 'SOUND CONDITION AT THE TIME OF ARRIVAL/STUFFING', 1, '2021-03-18', '2021-06-22 09:36:43', '2021-06-22 13:36:03', NULL, NULL),
(14, 1, 5, NULL, 'CARTONS', 'SKU = 279888', NULL, NULL, NULL, '--', 35, 32, 13, 'CARTONS', 171, 2.48976, 'SOUND CONDITION AT THE TIME OF ARRIVAL/STUFFING', 1, '2021-03-17', '2021-06-22 09:39:11', '2021-06-22 13:38:39', NULL, NULL),
(15, 1, 5, NULL, 'CARTONS', '279888', NULL, NULL, NULL, '--', 35, 32, 13, 'CARTONS', 185, 2.6936, 'SOUND CONDITION AT THE TIME OF ARRIVAL/STUFFING', 1, '2021-03-17', '2021-06-22 09:39:11', '2021-06-22 13:38:39', NULL, NULL),
(16, 1, 6, NULL, 'CARTONS', 'SKU = 317365', NULL, NULL, NULL, '--', 40, 27, 21, 'CARTONS', 160, 3.6288, 'SOUND CONDITION AT THE TIME OF ARRIVAL/STUFFING', 1, '2021-03-19', '2021-06-22 09:41:17', '2021-06-22 13:40:51', NULL, NULL),
(17, 1, 6, NULL, 'CARTONS', '317372', NULL, NULL, NULL, '--', 42, 27, 22, 'CARTONS', 160, 3.9916799999999997, 'SOUND CONDITION AT THE TIME OF ARRIVAL/STUFFING', 1, '2021-03-19', '2021-06-22 09:41:17', '2021-06-22 13:40:51', NULL, NULL),
(18, 2, 7, NULL, 'gggg', 'fff', NULL, NULL, NULL, 'ff', 21120, 234, 4, '653', 322, 2070.431744, NULL, NULL, '2021-06-17', '2021-06-23 10:39:58', '2021-06-22 13:51:47', NULL, NULL),
(19, 1, 8, NULL, 'CARTONS', 'P.O = 3101392', NULL, NULL, NULL, '--', 60, 41, 20, 'CARTONS', 148, 7.2816, 'SOUND CONDITION AT THE TIME OF ARRIVAL/STUFFING', 1, '2021-06-08', '2021-06-22 10:13:12', '2021-06-22 14:12:33', NULL, NULL),
(20, 1, 8, NULL, 'CARTONS', 'P.O = 3101392', NULL, NULL, NULL, '--', 60, 41, 30, 'CARTONS', 38, 2.8044, 'SOUND CONDITION AT THE TIME OF ARRIVAL/STUFFING', 1, '2021-06-08', '2021-06-22 10:13:12', '2021-06-22 14:12:33', NULL, NULL),
(21, 1, 9, NULL, 'CARTONS', 'P.O = 28000', NULL, NULL, NULL, '--', 60, 40, 26, 'CARTONS', 174, 10.8576, 'SOUND CONDITION AT THE TIME OF ARRIVAL/STUFFING', 1, '2021-06-09', '2021-06-22 10:16:48', '2021-06-22 14:15:41', NULL, NULL),
(22, 1, 9, NULL, 'CARTONS', '27998', NULL, NULL, NULL, '--', 60, 40, 26, 'CARTONS', 173, 10.7952, 'SOUND CONDITION AT THE TIME OF ARRIVAL/STUFFING', 1, '2021-06-09', '2021-06-22 10:16:48', '2021-06-22 14:15:41', NULL, NULL),
(23, 1, 9, NULL, 'CARTONS', '27999', NULL, NULL, NULL, '--', 60, 40, 26, 'CARTONS', 139, 8.6736, 'SOUND CONDITION AT THE TIME OF ARRIVAL/STUFFING', 1, '2021-06-09', '2021-06-22 10:16:48', '2021-06-22 14:15:41', NULL, NULL),
(24, 1, 10, NULL, 'CARTONS', 'ORDER = 6100106030', NULL, NULL, NULL, '--', 61, 40, 28, 'CARTONS', 6, 0.40992, 'SOUND CONDITION AT THE TIME OF ARRIVAL/STUFFING', 1, '2021-06-08', '2021-06-22 10:24:30', '2021-06-22 14:21:38', NULL, NULL),
(25, 1, 10, NULL, 'CARTONS', '6100106027', NULL, NULL, NULL, '--', 61, 40, 28, 'CARTONS', 48, 3.27936, 'SOUND CONDITION AT THE TIME OF ARRIVAL/STUFFING', 1, '2021-06-08', '2021-06-22 10:24:30', '2021-06-22 14:21:38', NULL, NULL),
(26, 1, 10, NULL, 'CARTONS', '6100106032', NULL, NULL, NULL, '--', 61, 40, 28, 'CARTONS', 41, 2.80112, 'SOUND CONDITION AT THE TIME OF ARRIVAL/STUFFING', 1, '2021-06-08', '2021-06-22 10:24:30', '2021-06-22 14:21:38', NULL, NULL),
(27, 1, 10, NULL, 'CARTONS', '6100105771', NULL, NULL, NULL, '--', 61, 40, 28, 'CARTONS', 99, 6.76368, 'SOUND CONDITION AT THE TIME OF ARRIVAL/STUFFING', 1, '2021-06-08', '2021-06-22 10:24:30', '2021-06-22 14:21:38', NULL, NULL),
(28, 1, 10, NULL, 'CARTONS', '6100105770', NULL, NULL, NULL, '--', 61, 40, 28, 'CARTONS', 59, 4.03088, 'SOUND CONDITION AT THE TIME OF ARRIVAL/STUFFING', 1, '2021-06-08', '2021-06-22 10:24:30', '2021-06-22 14:21:38', NULL, NULL),
(29, 1, 11, NULL, 'CARTONS', 'ORDER = 6000054055', NULL, NULL, NULL, '--', 60, 40, 28, 'CARTONS', 94, 6.3168, 'SOUND CONDITION AT THE TIME OF ARRIVAL/STUFFING', 1, '2021-06-08', '2021-06-22 10:28:20', '2021-06-22 14:27:17', NULL, NULL),
(30, 1, 11, NULL, 'CARTONS', '6000054057', NULL, NULL, NULL, '--', 60, 40, 28, 'CARTONS', 82, 5.5104, 'SOUND CONDITION AT THE TIME OF ARRIVAL/STUFFING', 1, '2021-06-08', '2021-06-22 10:28:20', '2021-06-22 14:27:17', NULL, NULL),
(31, 1, 11, NULL, 'CARTONS', '6100105020', NULL, NULL, NULL, '--', 60, 40, 28, 'CARTONS', 18, 1.2096, 'SOUND CONDITION AT THE TIME OF ARRIVAL/STUFFING', 1, '2021-06-08', '2021-06-22 10:28:20', '2021-06-22 14:27:17', NULL, NULL),
(32, 1, 11, NULL, 'CARTONS', '6100105026', NULL, NULL, NULL, '--', 60, 40, 28, 'CARTONS', 30, 2.016, 'SOUND CONDITION AT THE TIME OF ARRIVAL/STUFFING', 1, '2021-06-08', '2021-06-22 10:28:20', '2021-06-22 14:27:17', NULL, NULL),
(33, 1, 12, NULL, 'CARTONS', 'P.O = 6000054449', NULL, NULL, NULL, '--', 60, 40, 28, 'CARTONS', 32, 2.1504, 'SOUND CONDITION AT THE TIME OF ARRIVAL/STUFFING', 1, '2021-06-08', '2021-06-22 10:32:08', '2021-06-22 14:31:14', NULL, NULL),
(34, 1, 12, NULL, 'CARTONS', '6100105880', NULL, NULL, NULL, '--', 60, 40, 28, 'CARTONS', 6, 0.4032, 'SOUND CONDITION AT THE TIME OF ARRIVAL/STUFFING', 1, '2021-06-08', '2021-06-22 10:32:08', '2021-06-22 14:31:14', NULL, NULL),
(35, 1, 12, NULL, 'CARTONS', '6100105033', NULL, NULL, NULL, '--', 60, 40, 28, 'CARTONS', 20, 1.3439999999999999, 'SOUND CONDITION AT THE TIME OF ARRIVAL/STUFFING', 1, '2021-06-08', '2021-06-22 10:32:08', '2021-06-22 14:31:14', NULL, NULL),
(36, 1, 12, NULL, 'CARTONS', '6100105402', NULL, NULL, NULL, '--', 60, 40, 28, 'CARTONS', 9, 0.6048, 'SOUND CONDITION AT THE TIME OF ARRIVAL/STUFFING', 1, '2021-06-08', '2021-06-22 10:32:08', '2021-06-22 14:31:14', NULL, NULL),
(37, 1, 12, NULL, 'CARTONS', '6100105881', NULL, NULL, NULL, '--', 60, 40, 28, 'CARTONS', 6, 0.4032, 'SOUND CONDITION AT THE TIME OF ARRIVAL/STUFFING', 1, '2021-06-08', '2021-06-22 10:32:08', '2021-06-22 14:31:14', NULL, NULL),
(38, 1, 12, NULL, 'CARTONS', '6100105032', NULL, NULL, NULL, '--', 60, 40, 28, 'CARTONS', 17, 1.1423999999999999, 'SOUND CONDITION AT THE TIME OF ARRIVAL/STUFFING', 1, '2021-06-08', '2021-06-22 10:32:08', '2021-06-22 14:31:14', NULL, NULL),
(39, 1, 13, NULL, 'CARTONS', 'P.O = 6100104759', NULL, NULL, NULL, '--', 60, 41, 27, 'CARTONS', 45, 2.9888999999999997, 'SOUND CONDITION AT THE TIME OF ARRIVAL/STUFFING', 1, '2021-06-07', '2021-06-22 10:36:19', '2021-06-22 14:35:22', NULL, NULL),
(40, 1, 13, NULL, 'CARTONS', '6100105389', NULL, NULL, NULL, '--', 60, 41, 29, 'CARTONS', 5, 0.35669999999999996, 'SOUND CONDITION AT THE TIME OF ARRIVAL/STUFFING', 1, '2021-06-07', '2021-06-22 10:36:19', '2021-06-22 14:35:22', NULL, NULL),
(41, 1, 14, NULL, 'CARTONS', 'ORDER = 6100104575', NULL, NULL, NULL, '--', 60, 40, 28, 'CARTONS', 75, 5.04, 'SOUND CONDITION AT THE TIME OF ARRIVAL/STUFFING', 1, '2021-06-03', '2021-06-22 10:42:42', '2021-06-22 14:42:13', NULL, NULL),
(42, 1, 14, NULL, 'CARTONS', '4804072773', NULL, NULL, NULL, '--', 60, 40, 28, 'CARTONS', 11, 0.7392, 'SOUND CONDITION AT THE TIME OF ARRIVAL/STUFFING', 1, '2021-06-03', '2021-06-22 10:42:42', '2021-06-22 14:42:13', NULL, NULL),
(43, 1, 14, NULL, 'CARTONS', '4804072776', NULL, NULL, NULL, '--', 60, 40, 28, 'CARTONS', 14, 0.9408, 'SOUND CONDITION AT THE TIME OF ARRIVAL/STUFFING', 1, '2021-06-03', '2021-06-22 10:42:42', '2021-06-22 14:42:13', NULL, NULL),
(44, 1, 15, NULL, 'CARTONS', 'NIL', NULL, NULL, NULL, '--', 43, 42, 37, 'CARTONS', 134, 8.954148, 'SOUND CONDITION AT THE TIME OF ARRIVAL/STUFFING', 1, '2021-06-07', '2021-06-22 10:46:59', '2021-06-22 14:46:24', NULL, NULL),
(45, 1, 15, NULL, 'CARTONS', 'NIL', NULL, NULL, NULL, '--', 49, 41, 39, 'CARTONS', 134, 10.499034, 'SOUND CONDITION AT THE TIME OF ARRIVAL/STUFFING', 1, '2021-06-07', '2021-06-22 10:46:59', '2021-06-22 14:46:24', NULL, NULL),
(46, 1, 16, NULL, 'CARTONS', 'NIL', NULL, NULL, NULL, '--', 51, 41, 46, 'CARTONS', 123, 11.830878, 'SOUND CONDITION AT THE TIME OF ARRIVAL/STUFFING', 1, '2021-06-04', '2021-06-22 10:48:53', '2021-06-22 14:48:31', NULL, NULL),
(47, 1, 17, NULL, 'CARTONS', 'NIL', NULL, NULL, NULL, '--', 58, 40, 25, 'CARTONS', 32, 1.8559999999999999, 'SOUND CONDITION AT THE TIME OF ARRIVAL/STUFFING', 1, '2021-06-07', '2021-06-22 10:50:42', '2021-06-22 14:50:19', NULL, NULL),
(48, 1, 18, NULL, 'CARTONS', 'NIL', NULL, NULL, NULL, '--', 59, 36, 31, 'CARTONS', 33, 2.172852, 'SOUND CONDITION AT THE TIME OF ARRIVAL/STUFFING', 1, '2021-06-07', '2021-06-22 10:53:04', '2021-06-22 14:52:42', NULL, NULL),
(49, 1, 19, NULL, 'CARTONS', 'NIL', NULL, NULL, NULL, '--', 58, 38, 12, 'CARTONS', 32, 0.846336, 'SOUND CONDITION AT THE TIME OF ARRIVAL/STUFFING', 1, '2021-06-07', '2021-06-22 10:54:55', '2021-06-22 14:54:27', NULL, NULL),
(50, 1, 20, NULL, 'CARTONS', 'NIL', NULL, NULL, NULL, '--', 61, 32, 38, 'CARTONS', 228, 16.912128, 'SOUND CONDITION AT THE TIME OF ARRIVAL/STUFFING', 1, '2021-06-07', '2021-06-22 11:14:24', '2021-06-22 14:58:22', NULL, NULL),
(51, 1, 20, NULL, 'CARTONS', 'NIL', NULL, NULL, NULL, '--', 48, 36, 46, 'CARTONS', 228, 18.123264, 'SOUND CONDITION AT THE TIME OF ARRIVAL/STUFFING', 1, '2021-06-07', '2021-06-22 11:14:24', '2021-06-22 14:58:22', NULL, NULL),
(52, 1, 20, NULL, 'CARTONS', 'NIL', NULL, NULL, NULL, '--', 43, 30, 56, 'CARTONS', 228, 16.47072, 'SOUND CONDITION AT THE TIME OF ARRIVAL/STUFFING', 1, '2021-06-07', '2021-06-22 11:14:24', '2021-06-22 14:58:22', NULL, NULL),
(53, 2, 21, NULL, 'xvdb', 'cbfb', NULL, NULL, NULL, 'fngn', 40, 80, 40, '48', 488, 62.464, 'nghfhf', 2, '2021-06-22', '2021-06-22 11:02:33', '2021-06-22 15:00:47', NULL, NULL),
(54, 1, 22, NULL, 'CARTONS', 'P.O = 860218', NULL, NULL, NULL, '--', 40, 29, 15, 'CARTONS', 882, 15.3468, 'SOUND CONDITION AT THE TIME OF ARRIVAL/STUFFING', 1, '2021-06-09', '2021-06-22 11:01:24', '2021-06-22 15:00:58', NULL, NULL),
(55, 1, 22, NULL, 'CARTONS', 'P.O = 860218', NULL, NULL, NULL, '--', 40, 29, 15, 'CARTONS', 50, 0.87, 'SOUND CONDITION AT THE TIME OF ARRIVAL/STUFFING', 1, '2021-06-09', '2021-06-22 11:01:24', '2021-06-22 15:00:58', NULL, NULL),
(56, 1, 23, NULL, 'CARTONS', 'NIL', NULL, NULL, NULL, '--', 59, 30, 28, 'CARTONS', 44, 2.18064, 'SOUND CONDITION AT THE TIME OF ARRIVAL/STUFFING', 1, '2021-06-11', '2021-06-23 05:13:53', '2021-06-23 09:13:01', NULL, NULL),
(57, 1, 24, NULL, 'CARTONS', 'NIL', NULL, NULL, NULL, '--', 55, 39, 17, 'CARTONS', 80, 2.9172, 'SOUND CONDITION AT THE TIME OF ARRIVAL/STUFFING', 1, '2021-06-11', '2021-06-23 05:16:36', '2021-06-23 09:16:10', NULL, NULL),
(58, 1, 24, NULL, 'CARTONS', 'NIL (LOT OF 03)', NULL, NULL, NULL, '--', 56, 39, 25, 'CARTONS', 3, 0.1638, 'SOUND CONDITION AT THE TIME OF ARRIVAL/STUFFING', 1, '2021-06-11', '2021-06-23 05:16:36', '2021-06-23 09:16:10', NULL, NULL),
(59, 1, 25, NULL, 'CARTONS', 'NIL', NULL, NULL, NULL, '--', 59, 30, 25, 'CARTONS', 16, 0.708, 'SOUND CONDITION AT THE TIME OF ARRIVAL/STUFFING', 1, '2021-06-11', '2021-06-23 05:18:19', '2021-06-23 09:17:44', NULL, NULL),
(60, 1, 26, NULL, 'CARTONS', 'NIL', NULL, NULL, NULL, '--', 63, 41, 29, 'CARTONS', 15, 1.123605, 'SOUND CONDITION AT THE TIME OF ARRIVAL/STUFFING', 1, '2021-06-11', '2021-06-23 05:19:55', '2021-06-23 09:19:33', NULL, NULL),
(61, 1, 27, NULL, 'CARTONS', 'NIL', NULL, NULL, NULL, '--', 56, 30, 31, 'CARTONS', 43, 2.23944, 'SOUND CONDITION AT THE TIME OF ARRIVAL/STUFFING', 1, '2021-06-11', '2021-06-23 05:21:57', '2021-06-23 09:21:30', NULL, NULL),
(62, 1, 27, NULL, 'CARTONS', 'NIL', NULL, NULL, NULL, '--', 56, 30, 17, 'CARTONS', 71, 2.02776, 'SOUND CONDITION AT THE TIME OF ARRIVAL/STUFFING', 1, '2021-06-11', '2021-06-23 05:21:57', '2021-06-23 09:21:30', NULL, NULL),
(63, 1, 28, NULL, 'CARTONS', 'P.O = 0128091129', NULL, NULL, NULL, '--', 80, 29, 20, 'CARTONS', 6, 0.2784, 'SOUND CONDITION AT THE TIME OF ARRIVAL/STUFFING', 1, '2021-06-11', '2021-06-23 05:24:27', '2021-06-23 09:23:58', NULL, NULL),
(64, 1, 28, NULL, 'CARTONS', '0127427378', NULL, NULL, NULL, '--', 80, 29, 20, 'CARTONS', 8, 0.3712, 'SOUND CONDITION AT THE TIME OF ARRIVAL/STUFFING', 1, '2021-06-11', '2021-06-23 05:24:27', '2021-06-23 09:23:58', NULL, NULL),
(65, 1, 28, NULL, 'CARTONS', '0128091117', NULL, NULL, NULL, '--', 80, 29, 20, 'CARTONS', 6, 0.2784, 'SOUND CONDITION AT THE TIME OF ARRIVAL/STUFFING', 1, '2021-06-11', '2021-06-23 05:24:27', '2021-06-23 09:23:58', NULL, NULL),
(66, 1, 29, NULL, 'CARTONS', 'NIL', NULL, NULL, NULL, '--', 60, 30, 40, 'CARTONS', 58, 4.176, 'SOUND CONDITION AT THE TIME OF ARRIVAL/STUFFING', 1, '2021-06-09', '2021-06-23 05:26:17', '2021-06-23 09:25:50', NULL, NULL),
(67, 1, 29, NULL, 'CARTONS', 'NIL', NULL, NULL, NULL, '--', 60, 30, 20, 'CARTONS', 14, 0.504, 'SOUND CONDITION AT THE TIME OF ARRIVAL/STUFFING', 1, '2021-06-09', '2021-06-23 05:26:17', '2021-06-23 09:25:50', NULL, NULL),
(68, 1, 30, NULL, 'CARTONS', 'NIL', NULL, NULL, NULL, '--', 60, 30, 41, 'CARTONS', 66, 4.8708, 'SOUND CONDITION AT THE TIME OF ARRIVAL/STUFFING', 1, '2021-06-11', '2021-06-23 05:28:14', '2021-06-23 09:27:44', NULL, NULL),
(69, 1, 30, NULL, 'CARTONS', 'NIL', NULL, NULL, NULL, '--', 60, 30, 21, 'CARTONS', 12, 0.4536, 'SOUND CONDITION AT THE TIME OF ARRIVAL/STUFFING', 1, '2021-06-11', '2021-06-23 05:28:14', '2021-06-23 09:27:44', NULL, NULL),
(70, 1, 31, NULL, 'CARTONS', 'SKU = 258549', NULL, NULL, NULL, '--', 35, 33, 12, 'CARTONS', 134, 1.85724, 'SOUND CONDITION AT THE TIME OF ARRIVAL/STUFFING', 1, '2021-03-16', '2021-06-23 05:34:57', '2021-06-23 09:34:29', NULL, NULL),
(71, 1, 31, NULL, 'CARTONS', '258549', NULL, NULL, NULL, '--', 35, 33, 12, 'CARTONS', 286, 3.9639599999999997, 'SOUND CONDITION AT THE TIME OF ARRIVAL/STUFFING', 1, '2021-03-16', '2021-06-23 05:34:57', '2021-06-23 09:34:29', NULL, NULL),
(72, 1, 32, NULL, 'CARTONS', 'SKU = 236211', NULL, NULL, NULL, '--', 0, 0, 0, 'CARTONS', 101, 0, NULL, NULL, '2021-03-16', '2021-06-23 05:41:09', '2021-06-23 09:41:09', NULL, NULL),
(73, 1, 32, NULL, 'CARTONS', '236419', NULL, NULL, NULL, '--', 0, 0, 0, 'CARTONS', 72, 0, NULL, NULL, '2021-03-16', '2021-06-23 05:41:09', '2021-06-23 09:41:09', NULL, NULL),
(74, 1, 32, NULL, 'CARTONS', '236211.', NULL, NULL, NULL, '--', 0, 0, 0, 'CARTONS', 205, 0, NULL, NULL, '2021-03-16', '2021-06-23 05:41:09', '2021-06-23 09:41:09', NULL, NULL),
(75, 1, 32, NULL, 'CARTONS', '236419.', NULL, NULL, NULL, '--', 0, 0, 0, 'CARTONS', 165, 0, NULL, NULL, '2021-03-16', '2021-06-23 05:41:09', '2021-06-23 09:41:09', NULL, NULL),
(76, 1, 32, NULL, 'CARTONS', '334054', NULL, NULL, NULL, '--', 0, 0, 0, 'CARTONS', 150, 0, NULL, NULL, '2021-03-16', '2021-06-23 05:41:09', '2021-06-23 09:41:09', NULL, NULL),
(77, 1, 32, NULL, 'CARTONS', '334054.', NULL, NULL, NULL, '--', 0, 0, 0, 'CARTONS', 72, 0, NULL, NULL, '2021-03-16', '2021-06-23 05:41:09', '2021-06-23 09:41:09', NULL, NULL),
(78, 1, 32, NULL, 'CARTONS', '334054..', NULL, NULL, NULL, '--', 0, 0, 0, 'CARTONS', 210, 0, NULL, NULL, '2021-03-16', '2021-06-23 05:41:09', '2021-06-23 09:41:09', NULL, NULL),
(79, 1, 32, NULL, 'CARTONS', '236211..', NULL, NULL, NULL, '--', 0, 0, 0, 'CARTONS', 211, 0, NULL, NULL, '2021-03-16', '2021-06-23 05:41:09', '2021-06-23 09:41:09', NULL, NULL),
(80, 1, 32, NULL, 'CARTONS', '(236419)', NULL, NULL, NULL, '--', 0, 0, 0, 'CARTONS', 525, 0, NULL, NULL, '2021-03-16', '2021-06-23 05:41:09', '2021-06-23 09:41:09', NULL, NULL),
(81, 1, 32, NULL, 'CARTONS', '334054...', NULL, NULL, NULL, '--', 0, 0, 0, 'CARTONS', 83, 0, NULL, NULL, '2021-03-16', '2021-06-23 05:41:09', '2021-06-23 09:41:09', NULL, NULL),
(82, 1, 32, NULL, 'CARTONS', '(236211)', NULL, NULL, NULL, '--', 0, 0, 0, 'CARTONS', 86, 0, NULL, NULL, '2021-03-16', '2021-06-23 05:41:09', '2021-06-23 09:41:09', NULL, NULL),
(83, 1, 32, NULL, 'CARTONS', '236419,', NULL, NULL, NULL, '--', 0, 0, 0, 'CARTONS', 107, 0, NULL, NULL, '2021-03-16', '2021-06-23 05:41:09', '2021-06-23 09:41:09', NULL, NULL),
(84, 1, 33, NULL, 'CARTONS', 'SKU = 236211', NULL, NULL, NULL, '--', 34, 33, 13, 'CARTONS', 101, 1.4731859999999999, 'SOUND CONDITION AT THE TIME OF ARRIVAL/STUFFING', 1, '2021-03-16', '2021-06-23 05:43:42', '2021-06-23 09:41:11', NULL, NULL),
(85, 1, 33, NULL, 'CARTONS', '236419', NULL, NULL, NULL, '--', 34, 30, 19, 'CARTONS', 72, 1.39536, 'SOUND CONDITION AT THE TIME OF ARRIVAL/STUFFING', 1, '2021-03-16', '2021-06-23 05:43:42', '2021-06-23 09:41:11', NULL, NULL),
(86, 1, 33, NULL, 'CARTONS', '236211.', NULL, NULL, NULL, '--', 34, 33, 13, 'CARTONS', 205, 2.9901299999999997, 'SOUND CONDITION AT THE TIME OF ARRIVAL/STUFFING', 1, '2021-03-16', '2021-06-23 05:43:42', '2021-06-23 09:41:11', NULL, NULL),
(87, 1, 33, NULL, 'CARTONS', '236419.', NULL, NULL, NULL, '--', 34, 30, 19, 'CARTONS', 165, 3.1976999999999998, 'SOUND CONDITION AT THE TIME OF ARRIVAL/STUFFING', 1, '2021-03-16', '2021-06-23 05:43:42', '2021-06-23 09:41:11', NULL, NULL),
(88, 1, 33, NULL, 'CARTONS', '334054', NULL, NULL, NULL, '--', 34, 32, 13, 'CARTONS', 150, 2.1216, 'SOUND CONDITION AT THE TIME OF ARRIVAL/STUFFING', 1, '2021-03-16', '2021-06-23 05:43:42', '2021-06-23 09:41:11', NULL, NULL),
(89, 1, 33, NULL, 'CARTONS', '334054.', NULL, NULL, NULL, '--', 34, 32, 13, 'CARTONS', 72, 1.018368, 'SOUND CONDITION AT THE TIME OF ARRIVAL/STUFFING', 1, '2021-03-16', '2021-06-23 05:43:42', '2021-06-23 09:41:11', NULL, NULL),
(90, 1, 33, NULL, 'CARTONS', '334054..', NULL, NULL, NULL, '--', 340, 32, 13, 'CARTONS', 210, 29.702399999999997, 'SOUND CONDITION AT THE TIME OF ARRIVAL/STUFFING', 1, '2021-03-16', '2021-06-23 05:43:42', '2021-06-23 09:41:11', NULL, NULL),
(91, 1, 33, NULL, 'CARTONS', '236211..', NULL, NULL, NULL, '--', 33, 33, 12, 'CARTONS', 211, 2.757348, 'SOUND CONDITION AT THE TIME OF ARRIVAL/STUFFING', 1, '2021-03-16', '2021-06-23 05:43:42', '2021-06-23 09:41:11', NULL, NULL),
(92, 1, 33, NULL, 'CARTONS', '(236419)', NULL, NULL, NULL, '--', 34, 30, 19, 'CARTONS', 525, 10.1745, 'SOUND CONDITION AT THE TIME OF ARRIVAL/STUFFING', 1, '2021-03-16', '2021-06-23 05:43:42', '2021-06-23 09:41:11', NULL, NULL),
(93, 1, 33, NULL, 'CARTONS', '334054...', NULL, NULL, NULL, '--', 34, 32, 13, 'CARTONS', 83, 1.1739519999999999, 'SOUND CONDITION AT THE TIME OF ARRIVAL/STUFFING', 1, '2021-03-16', '2021-06-23 05:43:42', '2021-06-23 09:41:11', NULL, NULL),
(94, 1, 33, NULL, 'CARTONS', '(236211)', NULL, NULL, NULL, '--', 33, 33, 12, 'CARTONS', 86, 1.123848, 'SOUND CONDITION AT THE TIME OF ARRIVAL/STUFFING', 1, '2021-03-16', '2021-06-23 05:43:42', '2021-06-23 09:41:11', NULL, NULL),
(95, 1, 33, NULL, 'CARTONS', '236419,', NULL, NULL, NULL, '--', 34, 30, 19, 'CARTONS', 107, 2.07366, 'SOUND CONDITION AT THE TIME OF ARRIVAL/STUFFING', 1, '2021-03-16', '2021-06-23 05:43:42', '2021-06-23 09:41:11', NULL, NULL),
(96, 1, 34, NULL, 'CARTONS', 'SKU = 279888', NULL, NULL, NULL, '--', 0, 0, 0, 'CARTONS', 106, 0, NULL, NULL, '2021-03-17', '2021-06-23 05:46:21', '2021-06-23 09:46:21', NULL, NULL),
(97, 1, 34, NULL, 'CARTONS', 'SKU = 279888', NULL, NULL, NULL, '--', 0, 0, 0, 'CARTONS', 59, 0, NULL, NULL, '2021-03-17', '2021-06-23 05:46:21', '2021-06-23 09:46:21', NULL, NULL),
(98, 1, 34, NULL, 'CARTONS', 'SKU = 279888', NULL, NULL, NULL, '--', 0, 0, 0, 'CARTONS', 162, 0, NULL, NULL, '2021-03-17', '2021-06-23 05:46:21', '2021-06-23 09:46:21', NULL, NULL),
(99, 1, 35, NULL, 'CARTONS', 'SKU = 279888', NULL, NULL, NULL, '--', 35, 32, 13, 'CARTONS', 106, 1.5433599999999998, 'SOUND CONDITION AT THE TIME OF ARRIVAL/STUFFING', 1, '2021-03-17', '2021-06-23 05:46:53', '2021-06-23 09:46:23', NULL, NULL),
(100, 1, 35, NULL, 'CARTONS', 'SKU = 279888', NULL, NULL, NULL, '--', 35, 32, 13, 'CARTONS', 59, 0.8590399999999999, 'SOUND CONDITION AT THE TIME OF ARRIVAL/STUFFING', 1, '2021-03-17', '2021-06-23 05:46:53', '2021-06-23 09:46:23', NULL, NULL),
(101, 1, 35, NULL, 'CARTONS', 'SKU = 279888', NULL, NULL, NULL, '--', 35, 32, 13, 'CARTONS', 162, 2.35872, 'SOUND CONDITION AT THE TIME OF ARRIVAL/STUFFING', 1, '2021-03-17', '2021-06-23 05:46:53', '2021-06-23 09:46:23', NULL, NULL),
(102, 1, 36, NULL, 'CARTONS', 'SKU = 288888', NULL, NULL, NULL, '--', 41, 26, 16, 'CARTONS', 82, 1.3985919999999998, 'SOUND CONDITION AT THE TIME OF ARRIVAL/STUFFING', 1, '2021-03-18', '2021-06-23 05:53:11', '2021-06-23 09:52:20', NULL, NULL),
(103, 1, 36, NULL, 'CARTONS', '288892', NULL, NULL, NULL, '--', 40, 28, 17, 'CARTONS', 33, 0.62832, 'SOUND CONDITION AT THE TIME OF ARRIVAL/STUFFING', 1, '2021-03-18', '2021-06-23 05:53:11', '2021-06-23 09:52:20', NULL, NULL),
(104, 1, 36, NULL, 'CARTONS', '288901', NULL, NULL, NULL, '--', 41, 28, 18, 'CARTONS', 48, 0.991872, 'SOUND CONDITION AT THE TIME OF ARRIVAL/STUFFING', 1, '2021-03-18', '2021-06-23 05:53:11', '2021-06-23 09:52:20', NULL, NULL),
(105, 1, 36, NULL, 'CARTONS', '288888', NULL, NULL, NULL, '--', 41, 26, 16, 'CARTONS', 164, 2.7971839999999997, 'SOUND CONDITION AT THE TIME OF ARRIVAL/STUFFING', 1, '2021-03-18', '2021-06-23 05:53:11', '2021-06-23 09:52:20', NULL, NULL),
(106, 1, 36, NULL, 'CARTONS', '288892.', NULL, NULL, NULL, '--', 40, 28, 17, 'CARTONS', 108, 2.05632, 'SOUND CONDITION AT THE TIME OF ARRIVAL/STUFFING', 1, '2021-03-18', '2021-06-23 05:53:11', '2021-06-23 09:52:20', NULL, NULL),
(107, 1, 36, NULL, 'CARTONS', '288901.', NULL, NULL, NULL, '--', 41, 28, 18, 'CARTONS', 109, 2.252376, 'SOUND CONDITION AT THE TIME OF ARRIVAL/STUFFING', 1, '2021-03-18', '2021-06-23 05:53:11', '2021-06-23 09:52:20', NULL, NULL),
(108, 1, 37, NULL, 'CARTONS', 'SKU = 288926', NULL, NULL, NULL, '--', 40, 30, 21, 'CARTONS', 274, 6.9048, 'SOUND CONDITION AT THE TIME OF ARRIVAL/STUFFING', 1, '2021-03-16', '2021-06-23 05:55:24', '2021-06-23 09:54:59', NULL, NULL),
(109, 1, 37, NULL, 'CARTONS', 'SKU = 288926', NULL, NULL, NULL, '--', 40, 30, 21, 'CARTONS', 124, 3.1248, 'SOUND CONDITION AT THE TIME OF ARRIVAL/STUFFING', 1, '2021-03-16', '2021-06-23 05:55:24', '2021-06-23 09:54:59', NULL, NULL),
(110, 1, 38, NULL, 'CARTONS', 'SKU = 317365', NULL, NULL, NULL, '--', 40, 27, 21, 'CARTONS', 153, 3.47004, 'SOUND CONDITION AT THE TIME OF ARRIVAL/STUFFING', 1, '2021-03-19', '2021-06-23 05:59:01', '2021-06-23 09:58:07', NULL, NULL),
(111, 1, 38, NULL, 'CARTONS', '317372', NULL, NULL, NULL, '--', 42, 27, 22, 'CARTONS', 153, 3.8170439999999997, 'SOUND CONDITION AT THE TIME OF ARRIVAL/STUFFING', 1, '2021-03-19', '2021-06-23 05:59:01', '2021-06-23 09:58:07', NULL, NULL),
(112, 1, 38, NULL, 'CARTONS', '317365', NULL, NULL, NULL, '--', 40, 27, 21, 'CARTONS', 55, 1.2473999999999998, 'SOUND CONDITION AT THE TIME OF ARRIVAL/STUFFING', 1, '2021-03-19', '2021-06-23 05:59:01', '2021-06-23 09:58:07', NULL, NULL),
(113, 1, 38, NULL, 'CARTONS', '317372.', NULL, NULL, NULL, '--', 42, 27, 22, 'CARTONS', 55, 1.37214, 'SOUND CONDITION AT THE TIME OF ARRIVAL/STUFFING', 1, '2021-03-19', '2021-06-23 05:59:01', '2021-06-23 09:58:07', NULL, NULL),
(114, 2, 7, NULL, '12fr', '3333', NULL, NULL, NULL, 'jhh', 232, 111, 22, '5456', 456, 258.344064, NULL, NULL, '2021-06-17', '2021-06-23 10:39:58', '2021-06-23 11:50:08', NULL, NULL),
(115, 2, 7, NULL, '3dftf', '2233', NULL, NULL, NULL, '33dds', 121, 11, 221, '2125', 32289, 907.9070469999999, NULL, NULL, '2021-06-17', '2021-06-23 10:39:58', '2021-06-23 12:10:03', NULL, NULL);

-- --------------------------------------------------------

--
-- Table structure for table `exportcargoes`
--

CREATE TABLE `exportcargoes` (
  `id` int(11) NOT NULL,
  `userId` int(11) DEFAULT NULL,
  `serialNo` varchar(100) DEFAULT NULL,
  `vesselId` int(11) DEFAULT NULL,
  `agentId` int(11) DEFAULT NULL,
  `frieghtForwarderId` int(11) DEFAULT NULL,
  `portId` int(11) DEFAULT NULL,
  `containerNo` int(11) DEFAULT NULL,
  `voy` varchar(100) DEFAULT NULL,
  `departureDate` date DEFAULT NULL,
  `stuffing_date` date DEFAULT NULL,
  `description` longtext DEFAULT NULL,
  `status` varchar(100) DEFAULT NULL,
  `mean_check` enum('yes','no') NOT NULL DEFAULT 'no',
  `updated_at` datetime DEFAULT NULL,
  `created_at` datetime DEFAULT NULL,
  `deleted_at` timestamp NULL DEFAULT NULL
) ENGINE=InnoDB DEFAULT CHARSET=utf8mb4;

--
-- Dumping data for table `exportcargoes`
--

INSERT INTO `exportcargoes` (`id`, `userId`, `serialNo`, `vesselId`, `agentId`, `frieghtForwarderId`, `portId`, `containerNo`, `voy`, `departureDate`, `stuffing_date`, `description`, `status`, `mean_check`, `updated_at`, `created_at`, `deleted_at`) VALUES
(1, 1, '1624353856-60', 20, 32, 31, 471, 18, 'IP123R', '2021-03-16', '2021-06-22', 'CARTONS', 'Stuffing', 'no', NULL, NULL, NULL),
(2, 1, '1624354035-90', 20, 33, 32, 471, 18, 'IP123R', '2021-03-16', '2021-06-22', 'CARTONS', 'Stuffing', 'no', NULL, NULL, NULL),
(3, 1, '1624354300-10', 20, 33, 33, 471, 18, 'IP123R', '2021-03-16', '2021-06-22', 'CARTONS', 'Stuffing', 'no', NULL, NULL, NULL),
(4, 1, '1624354563-46', 20, 34, 58, 471, 18, 'IP123R', '2021-03-18', '2021-06-22', 'CARTONS', 'Stuffing', 'no', NULL, NULL, NULL),
(5, 1, '1624354719-34', 20, 35, 35, 471, 18, 'IP123R', '2021-03-17', '2021-06-22', 'CARTONS', 'Stuffing', 'no', NULL, NULL, NULL),
(6, 1, '1624354851-28', 20, 57, 36, 471, 18, 'IP123R', '2021-03-19', '2021-06-22', 'CARTONS', 'Stuffing', 'no', NULL, NULL, NULL),
(7, 2, '1624444663-53', 32, 58, 59, 2, 32, 'hgghg', '2021-06-17', NULL, 'gh', 'Arrival', 'no', NULL, NULL, NULL),
(8, 1, '1624356753-23', 22, 41, 41, 589, 21, 'OEH9FWIMA', '2021-06-08', '2021-06-22', 'CARTONS', 'Stuffing', 'no', NULL, NULL, NULL),
(9, 1, '1624356941-42', 22, 42, 42, 589, 21, 'OEH9FWIMA', '2021-06-09', '2021-06-22', 'CARTONS', 'Stuffing', 'no', NULL, NULL, NULL),
(10, 1, '1624357298-33', 23, 60, 17, 238, 22, '2123W', '2021-06-08', '2021-06-22', 'CARTONS', 'Stuffing', 'no', NULL, NULL, NULL),
(11, 1, '1624357637-95', 23, 20, 19, 238, 22, '2123W', '2021-06-08', '2021-06-22', 'CARTONS', 'Stuffing', 'no', NULL, NULL, NULL),
(12, 1, '1624357874-55', 23, 21, 20, 238, 22, '2123W', '2021-06-08', '2021-06-22', 'CARTONS', 'Stuffing', 'no', NULL, NULL, NULL),
(13, 1, '1624358122-40', 23, 19, 18, 238, 22, '2123W', '2021-06-07', '2021-06-22', 'CARTONS', 'Stuffing', 'no', NULL, NULL, NULL),
(14, 1, '1624358533-52', 23, 43, 43, 238, 22, '2123W', '2021-06-03', '2021-06-22', 'CARTONS', 'Stuffing', 'no', NULL, NULL, NULL),
(15, 1, '1624358784-36', 24, 44, 60, 22, 23, '004E', '2021-06-07', '2021-06-22', 'CARTONS', 'Stuffing', 'yes', NULL, NULL, NULL),
(16, 1, '1624358911-29', 24, 44, 45, 22, 23, '004E', '2021-06-04', '2021-06-22', 'CARTONS', 'Stuffing', 'no', NULL, NULL, NULL),
(17, 1, '1624359019-75', 24, 45, 8, 22, 23, '004E', '2021-06-07', '2021-06-22', 'CARTONS', 'Stuffing', 'no', NULL, NULL, NULL),
(18, 1, '1624359162-91', 24, 8, 46, 22, 23, '004E', '2021-06-07', '2021-06-22', 'CARTONS', 'Stuffing', 'no', NULL, NULL, NULL),
(19, 1, '1624359267-96', 24, 46, 47, 22, 23, '004E', '2021-06-07', '2021-06-22', 'CARTONS', 'Stuffing', 'no', NULL, NULL, NULL),
(20, 1, '1624359502-16', 24, 47, 48, 22, 23, '004E', '2021-06-07', '2021-06-22', 'CARTONS', 'Stuffing', 'yes', NULL, NULL, NULL),
(21, 2, '1624359647-66', 34, 61, 61, 4, 34, 'kmgdfb', '2021-06-22', '2021-06-22', 'ngthv', 'Stuffing', 'yes', NULL, NULL, NULL),
(22, 1, '1624359658-28', 24, 48, 49, 22, 23, '004E', '2021-06-09', '2021-06-22', 'CARTONS', 'Stuffing', 'no', NULL, NULL, NULL),
(23, 1, '1624425181-45', 24, 45, 8, 23, 24, '004E', '2021-06-11', '2021-06-23', 'CARTONS', 'Stuffing', 'no', NULL, NULL, NULL),
(24, 1, '1624425370-15', 24, 49, 50, 23, 24, '004E', '2021-06-11', '2021-06-23', 'CARTONS', 'Stuffing', 'no', NULL, NULL, NULL),
(25, 1, '1624425464-10', 24, 50, 62, 23, 24, '004E', '2021-06-11', '2021-06-23', 'CARTONS', 'Stuffing', 'no', NULL, NULL, NULL),
(26, 1, '1624425573-65', 24, 51, 52, 23, 24, '004E', '2021-06-11', '2021-06-23', 'CARTONS', 'Stuffing', 'no', NULL, NULL, NULL),
(27, 1, '1624425690-35', 24, 52, 53, 23, 24, '004E', '2021-06-11', '2021-06-23', 'CARTONS', 'Stuffing', 'no', NULL, NULL, NULL),
(28, 1, '1624425838-39', 24, 53, 54, 23, 24, '004E', '2021-06-11', '2021-06-23', 'CARTONS', 'Stuffing', 'no', NULL, NULL, NULL),
(29, 1, '1624425950-15', 24, 54, 55, 23, 24, '004E', '2021-06-09', '2021-06-23', 'CARTONS', 'Stuffing', 'no', NULL, NULL, NULL),
(30, 1, '1624426064-71', 24, 55, 56, 23, 24, '004E', '2021-06-11', '2021-06-23', 'CARTONS', 'Stuffing', 'no', NULL, NULL, NULL),
(31, 1, '1624426469-20', 38, 33, 63, 468, 36, 'OFF36EIMA', '2021-03-16', '2021-06-23', 'CARTONS', 'Stuffing', 'no', NULL, NULL, NULL),
(32, 1, '1624426869-55', 38, 33, 33, 468, 36, 'OFF36EIMA', '2021-03-16', NULL, 'CARTONS', 'Arrival', 'no', NULL, NULL, NULL),
(33, 1, '1624426871-55', 38, 33, 33, 468, 36, 'OFF36EIMA', '2021-03-16', '2021-06-23', 'CARTONS', 'Stuffing', 'no', NULL, NULL, NULL),
(34, 1, '1624427181-59', 38, 35, 35, 468, 36, 'OFF36EIMA', '2021-03-17', NULL, 'CARTONS', 'Arrival', 'no', NULL, NULL, NULL),
(35, 1, '1624427183-64', 38, 35, 35, 468, 36, 'OFF36EIMA', '2021-03-17', '2021-06-23', 'CARTONS', 'Stuffing', 'no', NULL, NULL, NULL),
(36, 1, '1624427540-77', 38, 34, 58, 468, 36, 'OFF36EIMA', '2021-03-18', '2021-06-23', 'CARTONS', 'Stuffing', 'no', NULL, NULL, NULL),
(37, 1, '1624427699-32', 38, 62, 31, 468, 36, 'OFF36EIMA', '2021-03-16', '2021-06-23', 'CARTONS', 'Stuffing', 'no', NULL, NULL, NULL),
(38, 1, '1624427887-38', 38, 63, 64, 468, 36, 'OFF36EIMA', '2021-03-19', '2021-06-23', 'CARTONS', 'Stuffing', 'no', NULL, NULL, NULL);

-- --------------------------------------------------------

--
-- Table structure for table `exportcertificate`
--

CREATE TABLE `exportcertificate` (
  `id` int(11) NOT NULL,
  `exportCargoId` int(11) DEFAULT NULL,
  `agentName` varchar(255) DEFAULT NULL,
  `undersignedSurveyors` varchar(255) DEFAULT NULL,
  `attendedAt` varchar(255) DEFAULT NULL,
  `side` varchar(255) DEFAULT NULL,
  `date` date DEFAULT NULL,
  `created_at` timestamp NULL DEFAULT current_timestamp(),
  `deleted_at` timestamp NULL DEFAULT NULL
) ENGINE=InnoDB DEFAULT CHARSET=utf8mb4;

--
-- Dumping data for table `exportcertificate`
--

INSERT INTO `exportcertificate` (`id`, `exportCargoId`, `agentName`, `undersignedSurveyors`, `attendedAt`, `side`, `date`, `created_at`, `deleted_at`) VALUES
(1, 1, 'PAK SHAHEEN E/W', 'P.S YARD', 'P.S YARD', 'east', '2021-06-07', '2021-06-22 09:24:16', NULL),
(2, 2, 'PAK SHAHEEN E/W', 'P.S YARD', 'P.S YARD', 'east', '2021-06-07', '2021-06-22 09:27:15', NULL),
(3, 3, 'PAK SHAHEEN E/W', 'P.S YARD', 'P.S YARD', 'east', '2021-06-07', '2021-06-22 09:31:40', NULL),
(4, 4, 'PAK SHAHEEN E/W', 'P.S YARD', 'P.S YARD', 'east', '2021-06-07', '2021-06-22 09:36:03', NULL),
(5, 5, 'PAK SHAHEEN E/W', 'P.S YARD', 'P.S YARD', 'east', '2021-06-07', '2021-06-22 09:38:39', NULL),
(6, 6, 'PAK SHAHEEN E/W', 'P.S YARD', 'P.S YARD', 'east', '2021-06-07', '2021-06-22 09:40:51', NULL),
(7, 7, 'hghgg', 'hhhh', 'ggg', 'WEST', '2021-06-02', '2021-06-22 09:51:47', NULL),
(8, 8, 'PAK SHAHEEN E/W', 'P.S YARD', 'P.S YARD', 'east', '2021-06-11', '2021-06-22 10:12:33', NULL),
(9, 9, 'PAK SHAHEEN E/W', 'P.S YARD', 'P.S YARD', 'east', '2021-06-11', '2021-06-22 10:15:41', NULL),
(10, 10, 'PAK SHAHEEN E/W', 'P.S YARD', 'P.S YARD', 'east', '2021-06-12', '2021-06-22 10:21:38', NULL),
(11, 11, 'PAK SHAHEEN E/W', 'P.S YARD', 'P.S YARD', 'east', '2021-06-12', '2021-06-22 10:27:17', NULL),
(12, 12, 'PAK SHAHEEN E/W', 'P.S YARD', 'P.S YARD', 'east', '2021-06-12', '2021-06-22 10:31:14', NULL),
(13, 13, 'PAK SHAHEEN E/W', 'P.S YARD', 'P.S YARD', 'east', '2021-06-12', '2021-06-22 10:35:22', NULL),
(14, 14, 'PAK SHAHEEN E/W', 'P.S YARD', 'P.S YARD', 'east', '2021-06-12', '2021-06-22 10:42:13', NULL),
(15, 15, 'PAK SHAHEEN E/W', 'P.S YARD', 'P.S YARD', 'east', '2021-06-12', '2021-06-22 10:46:24', NULL),
(16, 16, 'PAK SHAHEEN E/W', 'P.S YARD', 'P.S YARD', 'east', '2021-06-12', '2021-06-22 10:48:31', NULL),
(17, 17, 'PAK SHAHEEN E/W', 'P.S YARD', 'P.S YARD', 'east', '2021-06-12', '2021-06-22 10:50:19', NULL),
(18, 18, 'PAK SHAHEEN E/W', 'P.S YARD', 'P.S YARD', 'east', '2021-06-12', '2021-06-22 10:52:42', NULL),
(19, 19, 'PAK SHAHEEN E/W', 'P.S YARD', 'P.S YARD', 'east', '2021-06-12', '2021-06-22 10:54:27', NULL),
(20, 20, 'PAK SHAHEEN E/W', 'P.S YARD', 'P.S YARD', 'east', '2021-06-12', '2021-06-22 10:58:22', NULL),
(21, 21, 'hub', 'jiijhuuh', 'uhu', 'EAST', '2021-06-22', '2021-06-22 11:00:47', NULL),
(22, 22, 'PAK SHAHEEN E/W', 'P.S YARD', 'P.S YARD', 'east', '2021-06-12', '2021-06-22 11:00:58', NULL),
(23, 23, 'PAK SHAHEEN E/W', 'P.S YARD', 'P.S YARD', 'east', '2021-06-12', '2021-06-23 05:13:01', NULL),
(24, 24, 'PAK SHAHEEN E/W', 'P.S YARD', 'P.S YARD', 'east', '2021-06-12', '2021-06-23 05:16:10', NULL),
(25, 25, 'PAK SHAHEEN E/W', 'P.S YARD', 'P.S YARD', 'east', '2021-06-12', '2021-06-23 05:17:44', NULL),
(26, 26, 'PAK SHAHEEN E/W', 'P.S YARD', 'P.S YARD', 'east', '2021-06-12', '2021-06-23 05:19:33', NULL),
(27, 27, 'PAK SHAHEEN E/W', 'P.S YARD', 'P.S YARD', 'east', '2021-06-12', '2021-06-23 05:21:30', NULL),
(28, 28, 'PAK SHAHEEN E/W', 'P.S YARD', 'P.S YARD', 'east', '2021-06-12', '2021-06-23 05:23:58', NULL),
(29, 29, 'PAK SHAHEEN E/W', 'P.S YARD', 'P.S YARD', 'east', '2021-06-12', '2021-06-23 05:25:50', NULL),
(30, 30, 'PAK SHAHEEN E/W', 'P.S YARD', 'P.S YARD', 'east', '2021-06-12', '2021-06-23 05:27:44', NULL),
(31, 31, 'PAK SHAHEEN E/W', 'P.S YARD', 'P.S YARD', 'east', '2021-06-14', '2021-06-23 05:34:29', NULL),
(32, 32, 'PAK SHAHEEN E/W', 'P.S YARD', 'P.S YARD', 'east', '2021-06-14', '2021-06-23 05:41:09', NULL),
(33, 33, 'PAK SHAHEEN E/W', 'P.S YARD', 'P.S YARD', 'east', '2021-06-14', '2021-06-23 05:41:11', NULL),
(34, 34, 'PAK SHAHEEN E/W', 'P.S YARD', 'P.S YARD', 'east', '2021-06-14', '2021-06-23 05:46:21', NULL),
(35, 35, 'PAK SHAHEEN E/W', 'P.S YARD', 'P.S YARD', 'east', '2021-06-14', '2021-06-23 05:46:23', NULL),
(36, 36, 'PAK SHAHEEN E/W', 'P.S YARD', 'P.S YARD', 'east', '2021-06-14', '2021-06-23 05:52:20', NULL),
(37, 37, 'PAK SHAHEEN E/W', 'P.S YARD', 'P.S YARD', 'east', '2021-06-14', '2021-06-23 05:54:59', NULL),
(38, 38, 'PAK SHAHEEN E/W', 'P.S YARD', 'P.S YARD', 'east', '2021-06-14', '2021-06-23 05:58:07', NULL);

-- --------------------------------------------------------

--
-- Table structure for table `failed_jobs`
--

CREATE TABLE `failed_jobs` (
  `id` bigint(20) UNSIGNED NOT NULL,
  `connection` text COLLATE utf8mb4_unicode_ci NOT NULL,
  `queue` text COLLATE utf8mb4_unicode_ci NOT NULL,
  `payload` longtext COLLATE utf8mb4_unicode_ci NOT NULL,
  `exception` longtext COLLATE utf8mb4_unicode_ci NOT NULL,
  `failed_at` timestamp NOT NULL DEFAULT current_timestamp()
) ENGINE=InnoDB DEFAULT CHARSET=utf8mb4 COLLATE=utf8mb4_unicode_ci;

-- --------------------------------------------------------

--
-- Table structure for table `frieghtforwarders`
--

CREATE TABLE `frieghtforwarders` (
  `id` int(11) NOT NULL,
  `name` varchar(100) NOT NULL,
  `deleted_at` timestamp NULL DEFAULT NULL
) ENGINE=InnoDB DEFAULT CHARSET=utf8mb4;

--
-- Dumping data for table `frieghtforwarders`
--

INSERT INTO `frieghtforwarders` (`id`, `name`, `deleted_at`) VALUES
(1, 'hbyghjbhbh', '2021-06-17 12:09:00'),
(2, 'bahu auhshb', NULL),
(3, '', NULL),
(4, 'hygyugyu hvtyh', NULL),
(5, '', NULL),
(6, 'nishat mills', NULL),
(7, 'reema group', NULL),
(8, 'artistic milliners', NULL),
(9, 'itsl', NULL),
(10, 'hassan textile', NULL),
(11, 'arshad cor.p', NULL),
(12, 'digital apparel', NULL),
(13, 't/f apparels', NULL),
(14, 'sdfa', NULL),
(15, '---', NULL),
(16, 'klash pvt ltd', NULL),
(17, 'zahra ind', NULL),
(18, 'pak apparels', NULL),
(19, 'rehan & usman', NULL),
(20, 'crown textile', NULL),
(21, '', NULL),
(22, 'arshad brother', NULL),
(23, 'm.k sons', NULL),
(24, 'fine cotton', NULL),
(25, 'ambition apparel', NULL),
(26, 'tf apparel', NULL),
(27, 'bahu auhshb', NULL),
(28, 'dfdf', NULL),
(29, 'fghgh', NULL),
(30, 'safana', NULL),
(31, 'ihsan cotton', NULL),
(32, 'anwartex ind', NULL),
(33, 'sajid textile', NULL),
(34, 'kalam hoseiry', NULL),
(35, 'mujtaba ent.p', NULL),
(36, 'ayesha fabrics', NULL),
(37, 'yiuku', NULL),
(38, 'hy j i', NULL),
(39, 'gggh', NULL),
(40, 'safana1', NULL),
(41, 'diamond fabrics', NULL),
(42, 'sarena textile', NULL),
(43, 'knitwear ent.p', NULL),
(44, 'firhaj foorwear', NULL),
(45, 'image garments', NULL),
(46, 'artistic fabrics', NULL),
(47, 'taiga apparels', NULL),
(48, 'euro plus', NULL),
(49, 'irfan garments', NULL),
(50, 'soorty ent.p', NULL),
(51, 'ali murtaza', NULL),
(52, 'dk industries', NULL),
(53, 'beacon impex', NULL),
(54, 'style textile', NULL),
(55, 'star denim', NULL),
(56, 'jazee ent.p', NULL),
(57, 'but nyvv', NULL),
(58, 'kamal hoseiry', NULL),
(59, 'ggh', NULL),
(60, 'firhaj footwear', NULL),
(61, 'fbfb', NULL),
(62, 'ali mirtaza', NULL),
(63, 'anwar textile', NULL),
(64, 'ayesha spinning', NULL);

-- --------------------------------------------------------

--
-- Table structure for table `importcargodetails`
--

CREATE TABLE `importcargodetails` (
  `id` int(11) NOT NULL,
  `userId` int(11) NOT NULL,
  `importCargoId` int(11) NOT NULL,
  `cargo_index` varchar(255) DEFAULT NULL,
  `mark_no` varchar(255) DEFAULT NULL,
  `stowageOnBoard` varchar(255) DEFAULT NULL,
  `description` longtext DEFAULT NULL,
  `measurment_m3` varchar(255) DEFAULT NULL,
  `sealNo` varchar(255) DEFAULT NULL,
  `remarks` longtext DEFAULT NULL,
  `accessories` longtext DEFAULT NULL,
  `remarkUserId` int(11) DEFAULT NULL,
  `updated_at` timestamp NOT NULL DEFAULT current_timestamp(),
  `created_at` timestamp NOT NULL DEFAULT current_timestamp(),
  `deleted_at` timestamp NULL DEFAULT NULL,
  `deleted_by` int(11) DEFAULT NULL
) ENGINE=InnoDB DEFAULT CHARSET=utf8mb4;

--
-- Dumping data for table `importcargodetails`
--

INSERT INTO `importcargodetails` (`id`, `userId`, `importCargoId`, `cargo_index`, `mark_no`, `stowageOnBoard`, `description`, `measurment_m3`, `sealNo`, `remarks`, `accessories`, `remarkUserId`, `updated_at`, `created_at`, `deleted_at`, `deleted_by`) VALUES
(1, 2, 1, 'ugg', 'uhh', 'yvgu', 'ibji', '6986', 'gu7h', 'hhhhb', 'jbuhujh', 2, '2021-06-22 14:30:19', '2021-06-22 12:50:44', NULL, NULL),
(2, 2, 2, 'fgfd', 'dsss', 'sd', 'eeee', '65', 'eee', 'hg', NULL, 2, '2021-06-22 14:56:20', '2021-06-22 14:26:21', NULL, NULL),
(3, 2, 2, 'saf', 'qu', 'ana', 'marhh', '334', '21', 'uhuh', 'dvd', 2, '2021-06-22 14:30:41', '2021-06-22 14:26:21', NULL, NULL),
(4, 2, 3, 'nbvb', 'is', 'yup', 'ers', '545', 'tig', NULL, NULL, NULL, '2021-06-22 14:42:38', '2021-06-22 14:42:38', NULL, NULL),
(5, 2, 3, 'nbvb', 'is', 'yup', 'ers', '545', 'tig', NULL, NULL, 2, '2021-06-22 14:44:51', '2021-06-22 14:44:51', NULL, NULL),
(6, 2, 3, 'wor', 'dffgfg', 'ikjh', 'gcgf', '5455', 'fgjj', NULL, NULL, 2, '2021-06-22 14:44:51', '2021-06-22 14:44:51', NULL, NULL),
(7, 2, 4, 'wer', 'tyyt', 'rr', 'rrree', '123', 'eww', NULL, NULL, NULL, '2021-06-22 14:45:54', '2021-06-22 14:45:54', NULL, NULL),
(8, 2, 4, 'wer', 'tyyt', 'rr', 'rrree', '123', 'eww', NULL, NULL, 2, '2021-06-22 14:46:31', '2021-06-22 14:46:31', NULL, NULL),
(9, 2, 4, 'wor', 'in', 'king', 'desc', '456', 'rip', NULL, NULL, 2, '2021-06-22 14:46:31', '2021-06-22 14:46:31', NULL, NULL),
(10, 2, 5, 'jhih', 'iji', 'iji', 'ijij', '255', 'oj', 'hbbh', 'jhvhhhv', 2, '2021-06-22 14:55:42', '2021-06-22 14:51:58', NULL, NULL),
(11, 2, 5, 'jnjn', 'jnj', 'jnjn', 'kjkm', '5757', 'kmkm', 'hbhb', 'vggvgvgv', 2, '2021-06-22 14:55:42', '2021-06-22 14:51:58', NULL, NULL),
(12, 2, 6, 'dggrgt', 'fgdg', 'fg', 'gfgg', '678', 'hjhj', NULL, NULL, NULL, '2021-06-22 14:52:22', '2021-06-22 14:52:22', NULL, NULL),
(13, 2, 6, 'dggrgt', 'fgdg', 'fg', 'gfgg', '678', 'hjhj', NULL, NULL, 2, '2021-06-22 14:53:00', '2021-06-22 14:53:00', NULL, NULL),
(14, 2, 6, 'wor', 'df', 'kng', 'test', '123', 'test1', NULL, NULL, 2, '2021-06-22 14:53:00', '2021-06-22 14:53:00', NULL, NULL),
(15, 2, 7, 'last', 'is', 'data', 'sub', '0333', 'mitting', NULL, NULL, NULL, '2021-06-22 15:02:35', '2021-06-22 15:02:35', NULL, NULL),
(16, 2, 7, 'last', 'is', 'data', 'sub', '0333', 'mitting', NULL, NULL, 2, '2021-06-22 15:03:55', '2021-06-22 15:03:55', NULL, NULL),
(17, 2, 7, 'last', 'last', 'last', 'last', '3014', 'last', NULL, NULL, 2, '2021-06-22 15:03:55', '2021-06-22 15:03:55', NULL, NULL),
(18, 2, 7, 'last', 'is', 'data', 'sub', '0333', 'mitting', NULL, NULL, 2, '2021-06-22 15:10:59', '2021-06-22 15:10:59', NULL, NULL),
(19, 2, 7, 'last', 'is', 'data', 'sub', '0333', 'mitting', NULL, NULL, 2, '2021-06-22 15:10:59', '2021-06-22 15:10:59', NULL, NULL),
(20, 2, 8, 'update', 'update', 'update', 'update', '0334', 'update', NULL, NULL, NULL, '2021-06-22 15:15:02', '2021-06-22 15:15:02', NULL, NULL),
(21, 2, 9, 'wer', 'werrt', 'weer', 'ertyt', '12', 'reww', NULL, NULL, NULL, '2021-06-22 15:19:07', '2021-06-22 15:19:07', NULL, NULL),
(22, 2, 10, 'ggg', 'hjk', 'ttt', 'hh', '122', 'nkki', NULL, NULL, NULL, '2021-06-22 17:00:38', '2021-06-22 17:00:38', NULL, NULL),
(23, 2, 10, 'ggg', 'hjk', 'ttt', 'hh', '122', 'nkki', NULL, NULL, 2, '2021-06-22 17:01:27', '2021-06-22 17:01:27', NULL, NULL),
(24, 2, 10, 'ytt', 'gff', 'yyy', 'jkk', '155', 'oki', NULL, NULL, 2, '2021-06-22 17:01:27', '2021-06-22 17:01:27', NULL, NULL),
(25, 1, 11, '08', 'NIL', '--', '01 unit used SUZUKI EVERY # 4925', '9.445', '--', '01 Unit Used SUZUKI EVERY Found Front Side Badly Damage, All Sides Scratches, prior to De-stuffing.', '1) Remote Key Found 2) Radio  3)  Jack + Pana 4) Spare Wheel.', 1, '2021-06-23 10:34:17', '2021-06-23 10:30:23', NULL, NULL),
(26, 1, 11, '09', 'NIL', '--', '01 unit used SUZUKI JIMNY # 1482', '8.500', '--', '01 Unit Used SUZUKI JIMNY Found All Sides Badly Damage & Scratches, Roof Damage, prior to De-stuffing.', '1)Remote Key Found 2) CD with  LCD Fitted 3) Tools Not Found.', 1, '2021-06-23 10:34:17', '2021-06-23 10:30:23', NULL, NULL),
(27, 1, 11, '10', 'NIL', '--', '01 unit used TOYOTA LEXUS # 2072', '17.892', '--', '01 Unit Used TOYOTA LEXUS Found All Sides Slightly Scratches, prior to De-stuffing.', '1) 02 Remote Found 2) CD with LCD Fitted 3) Jack + Tools 4) Spare Wheel 5) Header Side 02 LCD Found.', 1, '2021-06-23 10:34:17', '2021-06-23 10:30:23', NULL, NULL),
(28, 1, 12, '194', 'MAN TRUST', '--', '06 PACKAGES', '6.910', '--', 'SOUND CONDITION PRIOR TO DE-STUFFING', NULL, 1, '2021-06-23 10:51:06', '2021-06-23 10:50:03', NULL, NULL),
(29, 1, 12, '195', 'K B K POWER', '--', '02 PACKAGES', '5.746', '--', 'SOUND CONDITION PRIOR TO DE-STUFFING', NULL, 1, '2021-06-23 10:51:06', '2021-06-23 10:50:03', NULL, NULL),
(30, 1, 12, '196', 'INTERLOOP LTD', '--', '02 CRATES', '9.130', '--', 'SOUND CONDITION PRIOR TO DE-STUFFING', NULL, 1, '2021-06-23 10:51:06', '2021-06-23 10:50:03', NULL, NULL),
(31, 1, 12, '197', 'COFFEE & MORE LTD', '--', '03 PALLETS', '6.451', '--', 'SOUND CONDITION PRIOR TO DE-STUFFING', NULL, 1, '2021-06-23 10:51:06', '2021-06-23 10:50:03', NULL, NULL),
(32, 1, 12, '198', 'UNIQUE TANNING', '--', '01 PALLET', '0.910', '--', 'SOUND CONDITION PRIOR TO DE-STUFFING', NULL, 1, '2021-06-23 10:51:06', '2021-06-23 10:50:03', NULL, NULL),
(33, 1, 12, '199', 'SAATI TOTIMO', '--', '04 PALLETS', '3.158', '--', 'SOUND CONDITION PRIOR TO DE-STUFFING', NULL, 1, '2021-06-23 10:51:06', '2021-06-23 10:50:03', NULL, NULL),
(34, 1, 12, '200', 'DIAMOND FABRIC', '--', '01 PALLET', '0.372', '--', 'SOUND CONDITION PRIOR TO DE-STUFFING', NULL, 1, '2021-06-23 10:51:06', '2021-06-23 10:50:03', NULL, NULL),
(35, 1, 12, '201', 'PIONEER STEEL', '--', '03 PALLETS', '1.991', '--', 'SOUND CONDITION PRIOR TO DE-STUFFING', NULL, 1, '2021-06-23 10:51:06', '2021-06-23 10:50:03', NULL, NULL),
(36, 1, 12, '202', 'NIL', '--', '01 PALLET', '1.417', '--', 'SOUND CONDITION PRIOR TO DE-STUFFING', NULL, 1, '2021-06-23 10:51:06', '2021-06-23 10:50:03', NULL, NULL),
(37, 1, 12, '203', 'HAK ENGINEER', '--', '01  CASE', '0.767', '--', 'SOUND CONDITION PRIOR TO DE-STUFFING', NULL, 1, '2021-06-23 10:51:06', '2021-06-23 10:50:03', NULL, NULL),
(38, 1, 12, '204', 'HAFIZ TANNERY', '--', '11 PALLETS', '13.125', '--', 'SOUND CONDITION PRIOR TO DE-STUFFING', NULL, 1, '2021-06-23 10:51:06', '2021-06-23 10:50:03', NULL, NULL),
(39, 1, 12, '205', 'FATIMA FERTILIZER', '--', '01 PACKAGE', '0.070', '--', 'SOUND CONDITION PRIOR TO DE-STUFFING', NULL, 1, '2021-06-23 10:51:06', '2021-06-23 10:50:03', NULL, NULL),
(40, 2, 13, 'as', 'fa', 'sa', 'na', '12.5', 'saa', 'cxxzcxz', 'dfzddf', 2, '2021-06-23 14:41:35', '2021-06-23 11:32:53', NULL, NULL),
(41, 2, 13, 'work', 'sa', 'ing', 'gaaa', '456', 'erd', 'xcxc', 'cccxc', 2, '2021-06-23 14:41:35', '2021-06-23 11:35:04', NULL, NULL),
(42, 1, 14, '194', 'MAN TRUST', '--', '06 PACKAGES', '6.910', '--', 'SOUND CONDITION PRIOR TO DE-STUFFING', NULL, 1, '2021-06-23 11:55:16', '2021-06-23 11:54:44', NULL, NULL),
(43, 1, 14, '195', 'K B K POWER', '--', '02 PACKAGES', '5.746', '--', 'SOUND CONDITION PRIOR TO DE-STUFFING', NULL, 1, '2021-06-23 11:55:16', '2021-06-23 11:54:44', NULL, NULL),
(44, 1, 14, '196', 'INTERLOOP LTD', '--', '02 CRATES', '9.130', '--', 'SOUND CONDITION PRIOR TO DE-STUFFING', NULL, 1, '2021-06-23 11:55:16', '2021-06-23 11:54:44', NULL, NULL),
(45, 1, 14, '197', 'COFFEE & MORE LTD', '--', '03 PALLETS', '6.451', '--', 'SOUND CONDITION PRIOR TO DE-STUFFING', NULL, 1, '2021-06-23 11:55:16', '2021-06-23 11:54:44', NULL, NULL),
(46, 1, 14, '198', 'UNIQUE TANNING', '--', '01 PALLET', '0.910', '--', 'SOUND CONDITION PRIOR TO DE-STUFFING', NULL, 1, '2021-06-23 11:55:16', '2021-06-23 11:54:44', NULL, NULL),
(47, 1, 14, '199', 'SAATI TOTIMO', '--', '04 PALLETS', '3.158', '--', 'SOUND CONDITION PRIOR TO DE-STUFFING', NULL, 1, '2021-06-23 11:55:16', '2021-06-23 11:54:44', NULL, NULL),
(48, 1, 14, '200', 'DIAMOND FABRIC', '--', '01 PALLET', '0.372', '--', 'SOUND CONDITION PRIOR TO DE-STUFFING', NULL, 1, '2021-06-23 11:55:16', '2021-06-23 11:54:44', NULL, NULL),
(49, 1, 14, '201', 'PIONEER STEEL', '--', '03 PALLETS', '1.991', '--', 'SOUND CONDITION PRIOR TO DE-STUFFING', NULL, 1, '2021-06-23 11:55:16', '2021-06-23 11:54:44', NULL, NULL),
(50, 1, 14, '202', 'NIL', '--', '01 PALLET', '1.417', '--', 'SOUND CONDITION PRIOR TO DE-STUFFING', NULL, 1, '2021-06-23 11:55:16', '2021-06-23 11:54:44', NULL, NULL),
(51, 1, 14, '203', 'HAK ENGINEER', '--', '01 CASE', '0.767', '--', 'SOUND CONDITION PRIOR TO DE-STUFFING', NULL, 1, '2021-06-23 11:55:16', '2021-06-23 11:54:44', NULL, NULL),
(52, 1, 14, '204', 'HAFIZ TANNERY', '--', '11 PALLETS', '13.125', '--', 'SOUND CONDITION PRIOR TO DE-STUFFING', NULL, 1, '2021-06-23 11:55:16', '2021-06-23 11:54:44', NULL, NULL),
(53, 1, 14, '205', 'FATIMA FERTILIZER', '--', '01 PACKAGE', '0.070', '--', 'SOUND CONDITION PRIOR TO DE-STUFFING', NULL, 1, '2021-06-23 11:55:16', '2021-06-23 11:54:44', NULL, NULL),
(54, 1, 15, '69', 'UNIVERSAL IND', '--', '04 PACKAGES (FOUND 04 CASES)', '3.246', '--', 'SOUND CONDITION PRIOR TO DE-STUFFING', NULL, 1, '2021-06-23 13:39:40', '2021-06-23 13:38:33', NULL, NULL),
(55, 1, 15, '70', 'YKK PAKISTAN', '--', '01 PALLET', '0.610', '--', 'SOUND CONDITION PRIOR TO DE-STUFFING', NULL, 1, '2021-06-23 13:39:40', '2021-06-23 13:38:33', NULL, NULL),
(56, 1, 15, '71', 'OUTSIDE RAILWAY', '--', '298 CARTONS', '15.201', '--', '26 CARTONS FOUND PRESSED & CORNER TORN PRIOR TO DE-STUFFING', NULL, 1, '2021-06-23 13:39:40', '2021-06-23 13:38:33', NULL, NULL),
(57, 1, 15, '72', 'ENGINEERING CO', '--', '01 PACKAGE (FOUND 01 PALLET)', '0.246', '--', 'SOUND CONDITION PRIOR TO DE-STUFFING', NULL, 1, '2021-06-23 13:39:40', '2021-06-23 13:38:33', NULL, NULL),
(58, 1, 15, '73', 'PROCON ENGINEER', '--', '01 PACKAGE (FOUND 01 COIL)', '6.340', '--', 'SOUND CONDITION PRIOR TO DE-STUFFING', NULL, 1, '2021-06-23 13:39:40', '2021-06-23 13:38:33', NULL, NULL),
(59, 1, 15, '74', 'AMMAR ENT', '--', '02 PALLETS', '4.000', '--', 'SOUND CONDITION PRIOR TO DE-STUFFING', NULL, 1, '2021-06-23 13:39:40', '2021-06-23 13:38:33', NULL, NULL),
(60, 1, 15, '75', 'KSB PUMPS', '--', '04 PACKAGES', '3.632', '--', 'SOUND CONDITION PRIOR TO DE-STUFFING', NULL, 1, '2021-06-23 13:39:40', '2021-06-23 13:38:33', NULL, NULL),
(61, 1, 15, '76', 'RECKITT BENCKISER', '--', '01 PALLET', '0.710', '--', 'SOUND CONDITION PRIOR TO DE-STUFFING', NULL, 1, '2021-06-23 13:39:40', '2021-06-23 13:38:33', NULL, NULL),
(62, 1, 15, '77', 'G.M SONS PVT LTD', '--', '01 PALLET', '1.245', '--', 'SOUND CONDITION PRIOR TO DE-STUFFING', NULL, 1, '2021-06-23 13:39:40', '2021-06-23 13:38:33', NULL, NULL),
(63, 1, 15, '78', 'PAK ARAB REFINERY', '--', '01 PALLET', '0.613', '--', 'SOUND CONDITION PRIOR TO DE-STUFFING', NULL, 1, '2021-06-23 13:39:40', '2021-06-23 13:38:33', NULL, NULL),
(64, 1, 16, '14', 'ARTISTIC PVT LTD', '--', '03 PALLETS', '3.415', '--', 'SOUND CONDITION PRIOR TO DE-STUFFING', NULL, 1, '2021-06-23 13:49:20', '2021-06-23 13:48:42', NULL, NULL),
(65, 1, 16, '15', 'NIL', '--', '31 PACKAGES', '12.710', '--', 'SOUND CONDITION PRIOR TO DE-STUFFING', NULL, 1, '2021-06-23 13:49:20', '2021-06-23 13:48:42', NULL, NULL),
(66, 1, 16, '16', 'KHAS KARACHI', '--', '01 PALLET', '0.812', '--', 'SOUND CONDITION PRIOR TO DE-STUFFING', NULL, 1, '2021-06-23 13:49:20', '2021-06-23 13:48:42', NULL, NULL),
(67, 1, 16, '17', 'SIDDIQ LEATHER', '--', '04 PALLETS', '3.710', '--', 'SOUND CONDITION PRIOR TO DE-STUFFING', NULL, 1, '2021-06-23 13:49:20', '2021-06-23 13:48:42', NULL, NULL),
(68, 1, 16, '18', 'NIL', '--', '06 PALLETS', '1.429', '--', 'SOUND CONDITION PRIOR TO DE-STUFFING', NULL, 1, '2021-06-23 13:49:20', '2021-06-23 13:48:42', NULL, NULL),
(69, 1, 16, '19', 'NOOR INT', '--', '05 PALLETS', '7.820', '--', 'SOUND CONDITION PRIOR TO DE-STUFFING', NULL, 1, '2021-06-23 13:49:20', '2021-06-23 13:48:42', NULL, NULL),
(70, 1, 16, '20', 'STANCOS PVT LTD', '--', '01 PACKAGE (FOUND 01 PALLET)', '0.512', '--', 'SOUND CONDITION PRIOR TO DE-STUFFING', NULL, 1, '2021-06-23 13:49:20', '2021-06-23 13:48:42', NULL, NULL),
(71, 1, 16, '21', 'GLOBAL TRADING', '--', '03 PALLETS', '2.340', '--', 'SOUND CONDITION PRIOR TO DE-STUFFING', NULL, 1, '2021-06-23 13:49:20', '2021-06-23 13:48:42', NULL, NULL),
(72, 1, 16, '22', 'GADOON TEXTILE', '--', '02 PACKAGES (FOUND 02 CARTONS)', '0.316', '--', 'SOUND CONDITION PRIOR TO DE-STUFFING', NULL, 1, '2021-06-23 13:49:20', '2021-06-23 13:48:42', NULL, NULL),
(73, 1, 16, '23', 'PDPL ENERGY', '--', '11 PACKAGES (FOUND 11 PALLETS)', '13.892', '--', 'SOUND CONDITION PRIOR TO DE-STUFFING', NULL, 1, '2021-06-23 13:49:20', '2021-06-23 13:48:42', NULL, NULL),
(74, 1, 17, '01', 'WAVES SINGER', '--', '04 PALLETS', '10.212', '--', 'SOUND CONDITION PRIOR TO DE-STUFFING', NULL, 1, '2021-06-23 13:56:35', '2021-06-23 13:56:11', NULL, NULL),
(75, 1, 17, '02', 'INTRALINK', '--', '01 PALLET', '0.630', '--', 'SOUND CONDITION PRIOR TO DE-STUFFING', NULL, 1, '2021-06-23 13:56:35', '2021-06-23 13:56:11', NULL, NULL),
(76, 1, 17, '03', 'DEJAN BROVNICA', '--', '02 PALLETS', '6.317', '--', 'SOUND CONDITION PRIOR TO DE-STUFFING', NULL, 1, '2021-06-23 13:56:35', '2021-06-23 13:56:11', NULL, NULL),
(77, 1, 17, '04', 'USAS CORP', '--', '02 PALLETS', '6.219', '--', 'SOUND CONDITION PRIOR TO DE-STUFFING', NULL, 1, '2021-06-23 13:56:35', '2021-06-23 13:56:11', NULL, NULL),
(78, 1, 17, '05', 'PROTECT ALL', '--', '09 BOXES (FOUND 09 PALLETS)', '22.128', '--', 'SOUND CONDITION PRIOR TO DE-STUFFING', NULL, 1, '2021-06-23 13:56:35', '2021-06-23 13:56:11', NULL, NULL),
(79, 1, 18, '356', 'THE HONOR', '--', '11 PALLETS', '10.941', '--', 'SOUND CONDITION PRIOR TO DE-STUFFING', NULL, 1, '2021-06-23 14:01:08', '2021-06-23 14:00:47', NULL, NULL),
(80, 1, 18, '357', 'FAUJI FERTILIZER', '--', '01 PACKAGE (FOUND 01 PALLET)', '0.736', '--', 'SOUND CONDITION PRIOR TO DE-STUFFING', NULL, 1, '2021-06-23 14:01:09', '2021-06-23 14:00:47', NULL, NULL),
(81, 1, 18, '358', 'PAKITEX BOARDS', '--', '02 PACKAGES (FOUND 02 CARTONS)', '0.789', '--', 'SOUND CONDITION PRIOR TO DE-STUFFING', NULL, 1, '2021-06-23 14:01:09', '2021-06-23 14:00:47', NULL, NULL),
(82, 1, 18, '359', 'BOLAN CASTING', '--', '08 PALLETS', '14.802', '--', 'SOUND CONDITION PRIOR TO DE-STUFFING', NULL, 1, '2021-06-23 14:01:09', '2021-06-23 14:00:47', NULL, NULL),
(83, 1, 19, '15', 'HABIB KNIT', '--', '03 CASES', '3.100', '--', 'SOUND CONDITION PRIOR TO DE-STUFFING', NULL, 1, '2021-06-23 14:05:38', '2021-06-23 14:05:08', NULL, NULL),
(84, 1, 19, '16', 'SNOWKEY', '--', '03 PACKAGES (FOUND 03 CASES)', '10.310', '--', 'SOUND CONDITION PRIOR TO DE-STUFFING', NULL, 1, '2021-06-23 14:05:38', '2021-06-23 14:05:08', NULL, NULL),
(85, 1, 19, '17', 'UNILEVER KAR', '--', '06 PACKAGES', '7.292', '--', 'SOUND CONDITION PRIOR TO DE-STUFFING', NULL, 1, '2021-06-23 14:05:38', '2021-06-23 14:05:08', NULL, NULL),
(86, 1, 19, '18', 'GADOON TEXTILE', '--', '01 SKID', '0.414', '--', 'SOUND CONDITION PRIOR TO DE-STUFFING', NULL, 1, '2021-06-23 14:05:38', '2021-06-23 14:05:08', NULL, NULL),
(87, 1, 20, '351', 'NIL', '--', '07 PALLETS', '7.120', '--', 'SOUND CONDITION PRIOR TO DE-STUFFING', NULL, 1, '2021-06-23 14:11:15', '2021-06-23 14:11:03', NULL, NULL),
(88, 1, 20, '352', 'NAVID & SONS', '--', '02 PACKAGES', '3.414', '--', 'SOUND CONDITION PRIOR TO DE-STUFFING', NULL, 1, '2021-06-23 14:11:15', '2021-06-23 14:11:03', NULL, NULL),
(89, 1, 21, '18', 'NAVEED ENTERPRISES', '--', '639 CARTONS', '46.927', '--', 'SOME CARTONS FOUND PRESSED & CORNER TORN PRIOR TO DE-STUFFING', NULL, 1, '2021-06-23 14:15:55', '2021-06-23 14:15:15', NULL, NULL),
(90, 1, 22, '01', 'NIL', '--', '01 UNIT USED FORD F-150, 8866', '16.852', '--', '01 UNIT USED FORD F-150 FOUND  Wind Screen Dot Spot, All Sides Slightly Scratches, Prior to De-stuffing.', '1) Remote Key Found 2) CD with LCD Fitted 3) Jack + Tools 4) Spare Wheel 5) Back Camera.', 1, '2021-06-23 14:30:33', '2021-06-23 14:21:03', NULL, NULL),
(91, 1, 22, '02', 'NIL', '--', '01 UNIT USED FORD F-150, 8145', '16.852', '--', '01 UNIT USED FORD F-150 FOUND All Sides Slightly Scratches, Prior to De-stuffing.', '1) Remote, 02 Key Found 2) CD with LCD Fitted 3) Jack + Tools 4) Spare Wheel 5) Back Camera.', 1, '2021-06-23 14:30:33', '2021-06-23 14:21:03', NULL, NULL),
(92, 1, 23, '577', 'NIL', '--', '01 UNIT USED LAND ROVER RANGE, 72802', '17.399', '--', '01 UNIT USED LAND RANGE ROVER FOUND All Sides Slightly Scratches, Prior to De-stuffing.', '1) Remote Found 2) CD with LCD Fitted, 3) Air Pump 4) Charger Wire 5) Header Side 02 LCD Found.', 1, '2021-06-23 15:00:40', '2021-06-23 14:58:17', NULL, NULL),
(93, 1, 24, '581', 'NIL', '--', '01 UNIT USED, BMW AUTO, 15086', '13.234', '--', '01 UNIT USED BMW AUTO FOUND Door Handle Damage, All Sides Slightly Scratches, Prior to De-stuffing.', '1) Remote Found 2) CD with LCD Fitted 3) Charger Wire 4) Back Camera.', 1, '2021-06-23 15:06:59', '2021-06-23 15:05:25', NULL, NULL),
(94, 1, 25, '518', 'NIL', '--', '01 UNIT USED HONDA CIVIC, 3588', '10.842', '--', '01 UNIT USED HONDA CIVIC FOUND All Sides Slightly Scratches, Prior to De-stuffing.', '1) Remote Found 2) CD with LCD Fitted 3) Air Pump 4) 09 Packages Found.', 1, '2021-06-23 15:14:47', '2021-06-23 15:11:11', NULL, NULL),
(95, 1, 25, '519', 'NIL', '--', '01 UNIT USED AUDI A3 E, 108117', '10.749', '--', '01 UNIT USED AUDI A3 E FOUND All Sides Slightly Scratches, Prior to De-stuffing.', '1) Remote Found 2) Charger Wire 3) Tools 4) Air Pump.', 1, '2021-06-23 15:14:47', '2021-06-23 15:11:11', NULL, NULL),
(96, 1, 26, '01', 'NIL', '--', '01 UNIT USED TOYOTA HILUX, 5399', '14.892', '--', '01 UNIT USED TOYOTA HILUX FOUND All Sides Slightly Scratches, Prior to De-stuffing.', '1) Remote Found 2) CD with LCD Fitted 3) Jack + Tools 4) Spare Wheel 5) Back Camera.', 1, '2021-06-23 15:23:12', '2021-06-23 15:20:37', NULL, NULL),
(97, 1, 26, '02', 'NIL', '--', '01 UNIT USED TOYOTA HILUX, 10337', '14.892', '--', '01 UNIT USED TOYOTA HILUX FOUND All Sides Slightly Scratches, Prior to De-stuffing.', '1) Remote Found 2) CD with LCD Fitted 3) Jack + Tools 4) Spare Wheel.', 1, '2021-06-23 15:23:12', '2021-06-23 15:20:37', NULL, NULL),
(98, 1, 26, '03', 'NIL', '--', '01 UNIT USED TOYOTA HILUX 5827', '14.892', '--', '01 UNIT USED TOYOTA HILUX FOUND All Sides Slightly Scratches, Prior to De-stuffing.', '1) 02 Remote Found 2) CD with LCD Fitted 3) Jack + Tools 4) Spare Wheel.', 1, '2021-06-23 15:23:12', '2021-06-23 15:20:37', NULL, NULL),
(99, 1, 27, '372', 'NIL', '--', '01 unit used YAMAHA R6 #0222', '2.193', '--', '01 Unit Used YAMAHA R6 Found All Sides Slightly Scratches, prior to De-stuffing.', '1) Key Found.', 1, '2021-06-23 15:31:41', '2021-06-23 15:30:00', NULL, NULL),
(100, 1, 27, '373', 'NIL', '--', '01 unit used KAWASAKI NINJA #0087', '2.193', '--', '01 Unit Used KAWASAKI NINJA Found All Sides Slightly Scratches, prior to De-stuffing.', '1) Key Found.', 1, '2021-06-23 15:31:41', '2021-06-23 15:30:00', NULL, NULL),
(101, 1, 27, '374', 'NIL', '--', '01 unit used SUZUKI GSX #0037', '2.193', '--', '01 Unit Used SUZUKI GSK Found All Sides Slightly Scratches, prior to De-stuffing.', '1) Key Found.', 1, '2021-06-23 15:31:41', '2021-06-23 15:30:00', NULL, NULL),
(102, 1, 27, '375', 'NIL', '--', '01 unit used KAWASAKI NINJA #0353', '2.160', '--', '01 Unit Used KAWASAKI NINJA Found All Sides Slightly Scratches, prior to De-stuffing.', '1) 02 Keys Found 2) 02 Cartons Found.', 1, '2021-06-23 15:31:41', '2021-06-23 15:30:00', NULL, NULL),
(103, 1, 27, '376', 'NIL', '--', '01 unit used SUZUKI 600 #0910', '2.193', '--', '01 Unit Used SUZUKI 600 Found All Sides Slightly Scratches, prior to De-stuffing.', '1) Key Found.', 1, '2021-06-23 15:31:41', '2021-06-23 15:30:00', NULL, NULL),
(104, 1, 27, '377', 'NIL', '--', '01 unit used BMW S1000 #6770', '2.193', '--', '01 Unit Used BMW S1000 Found All Sides Slightly Scratches, prior to De-stuffing.', '1) Key Found.', 1, '2021-06-23 15:31:41', '2021-06-23 15:30:00', NULL, NULL),
(105, 1, 28, '102', 'BOLAN CASTING', '--', '01 PALLET', '1.326', '--', 'SOUND CONDITION PRIOR TO DE-STUFFING', NULL, 1, '2021-06-23 15:41:44', '2021-06-23 15:41:14', NULL, NULL),
(106, 1, 28, '103', 'CRISIS MANAGEMENT', '--', '04 PACKAGES (FOUND 04 PALLETS AS PER TALLY)', '2.957', '--', 'SOUND CONDITION PRIOR TO DE-STUFFING', NULL, 1, '2021-06-23 15:41:44', '2021-06-23 15:41:14', NULL, NULL),
(107, 1, 28, '104', 'NIL', '--', '02 PALLETS', '1.627', '--', 'SOUND CONDITION PRIOR TO DE-STUFFING', NULL, 1, '2021-06-23 15:41:44', '2021-06-23 15:41:14', NULL, NULL),
(108, 1, 28, '105', 'SHAFI BROTHERS', '--', '08 BOXES', '0.986', '--', 'SOUND CONDITION PRIOR TO DE-STUFFING', NULL, 1, '2021-06-23 15:41:44', '2021-06-23 15:41:14', NULL, NULL),
(109, 1, 28, '106', 'PACKAGES CONVERTER', '--', '02 PALLETS', '1.993', '--', 'SOUND CONDITION PRIOR TO DE-STUFFING', NULL, 1, '2021-06-23 15:41:44', '2021-06-23 15:41:14', NULL, NULL),
(110, 1, 28, '107', 'COMBIND FABRICS', '--', '13 PALLETS', '13.800', '--', 'SOUND CONDITION PRIOR TO DE-STUFFING', NULL, 1, '2021-06-23 15:41:44', '2021-06-23 15:41:14', NULL, NULL),
(111, 1, 28, '108', 'PACKAGES CONVERTER', '--', '04 PALLETS', '4.978', '--', 'SOUND CONDITION PRIOR TO DE-STUFFING', NULL, 1, '2021-06-23 15:41:44', '2021-06-23 15:41:14', NULL, NULL),
(112, 1, 28, '109', 'NAZ INT', '--', '01 CASE', '1.527', '--', 'SOUND CONDITION PRIOR TO DE-STUFFING', NULL, 1, '2021-06-23 15:41:44', '2021-06-23 15:41:14', NULL, NULL),
(113, 1, 28, '110', 'POWER HOUSE', '--', '06 PALLETS', '9.810', '--', 'SOUND CONDITION PRIOR TO DE-STUFFING', NULL, 1, '2021-06-23 15:41:44', '2021-06-23 15:41:14', NULL, NULL),
(114, 1, 28, '111', 'PETROTEK INT', '--', '03 PALLETS', '1.239', '--', 'SOUND CONDITION PRIOR TO DE-STUFFING', NULL, 1, '2021-06-23 15:41:44', '2021-06-23 15:41:14', NULL, NULL),
(115, 1, 28, '112', 'PHYTOCON INT', '--', '02 PALLETS', '2.986', '--', 'SOUND CONDITION PRIOR TO DE-STUFFING', NULL, 1, '2021-06-23 15:41:44', '2021-06-23 15:41:14', NULL, NULL),
(116, 1, 29, '71', 'CARE PHARMA', '--', '05 PALLETS', '6.541', '--', 'SOUND CONDITION PRIOR TO DE-STUFFING', NULL, 1, '2021-06-23 15:46:01', '2021-06-23 15:45:45', NULL, NULL),
(117, 1, 29, '72', 'STARLET PVT LTD', '--', '01 PALLET', '0.928', '--', 'SOUND CONDITION PRIOR TO DE-STUFFING', NULL, 1, '2021-06-23 15:46:01', '2021-06-23 15:45:45', NULL, NULL),
(118, 1, 29, '73', 'INTERWOOD LAHORE', '--', '08 PACKAGES (FOUND 07 PALLETS + 01 CARTON AS PER TALLY)', '4.840', '--', 'SOUND CONDITION PRIOR TO DE-STUFFING', NULL, 1, '2021-06-23 15:46:01', '2021-06-23 15:45:45', NULL, NULL),
(119, 1, 29, '74', 'EX BONDORF', '--', '15 PALLETS', '7.912', '--', 'SOUND CONDITION PRIOR TO DE-STUFFING', NULL, 1, '2021-06-23 15:46:01', '2021-06-23 15:45:45', NULL, NULL),
(120, 1, 29, '75', 'COLONY TEXTILE', '--', '08 PALLETS', '8.240', '--', 'SOUND CONDITION PRIOR TO DE-STUFFING', NULL, 1, '2021-06-23 15:46:01', '2021-06-23 15:45:45', NULL, NULL),
(121, 1, 30, '52', 'I CARE HEALTH', '--', '07 CRATES (FOUND 07 PALLETS)', '2.213', '--', 'SOUND CONDITION PRIOR TO DE-STUFFING', NULL, 1, '2021-06-24 09:25:38', '2021-06-24 09:19:31', NULL, NULL),
(122, 1, 30, '53', 'EPHARM LABORATORIES', '--', '03 CARTONS (FOUND 03 DRUMS)', '0.310', '--', 'SOUND CONDITION PRIOR TO DE-STUFFING', NULL, 1, '2021-06-24 09:25:38', '2021-06-24 09:19:31', NULL, NULL),
(123, 1, 30, '54', 'UNIVET PHARMA', '--', '06  PALLETS', '8.916', '--', 'SOUND CONDITION PRIOR TO DE-STUFFING', NULL, 1, '2021-06-24 09:25:38', '2021-06-24 09:19:31', NULL, NULL),
(124, 1, 30, '55', 'ARCHROMA PAKISTAN', '--', '03 PALLETS', '5.810', '--', 'SOUND CONDITION PRIOR TO DE-STUFFING', NULL, 1, '2021-06-24 09:25:38', '2021-06-24 09:19:31', NULL, NULL),
(125, 1, 30, '56', 'PEOPLES STEEL', '--', '01 PALLET', '1.273', '--', 'SOUND CONDITION PRIOR TO DE-STUFFING', NULL, 1, '2021-06-24 09:25:38', '2021-06-24 09:19:31', NULL, NULL),
(126, 1, 30, '57', 'PEOPLES STEEL', '--', '02 PALLETS', '2.469', '--', 'SOUND CONDITION PRIOR TO DE-STUFFING', NULL, 1, '2021-06-24 09:25:38', '2021-06-24 09:19:31', NULL, NULL),
(127, 1, 30, '58', 'PEOPLES STEEL', '--', '02 PACKAGES (FOUND 01 CARTON + 01 CASE)', '0.352', '--', 'SOUND CONDITION PRIOR TO DE-STUFFING', NULL, 1, '2021-06-24 09:25:38', '2021-06-24 09:19:31', NULL, NULL),
(128, 1, 30, '59', 'SKYWAYS MANUFACTURERS', '--', '28 PACKAGES ( FOUND 28 ROLLS)', '12.873', '--', 'SOUND CONDITION PRIOR TO DE-STUFFING', NULL, 1, '2021-06-24 09:25:38', '2021-06-24 09:19:31', NULL, NULL),
(129, 1, 30, '60', 'NOVATEX LTD', '--', '03 PACKAGES (FOUND 03 CASES)', '3.280', '--', 'SOUND CONDITION PRIOR TO DE-STUFFING', NULL, 1, '2021-06-24 09:25:38', '2021-06-24 09:19:31', NULL, NULL),
(130, 1, 30, '61', 'IMMINENT ENGINEERING', '--', '11 CARTONS (FOUND 11 CASES)', '2.345', '--', 'SOUND CONDITION PRIOR TO DE-STUFFING', NULL, 1, '2021-06-24 09:25:38', '2021-06-24 09:19:31', NULL, NULL),
(131, 1, 31, '360', 'QUANTUM LOGIX', '--', '06 BOXES (FOUND 01 PALLET)', '0.451', '--', 'SOUND CONDITION PRIOR TO DE-STUFFING', NULL, 1, '2021-06-24 09:42:03', '2021-06-24 09:40:39', NULL, NULL),
(132, 1, 31, '361', 'HILTON PHARMA', '--', '08 PACKAGES (FOUND 08 PALLETS)', '11.202', '--', 'SOUND CONDITION PRIOR TO DE-STUFFING', NULL, 1, '2021-06-24 09:42:03', '2021-06-24 09:40:39', NULL, NULL),
(133, 1, 31, '362', 'NIL', '--', '12 PACKAGES (FOUND 8 CARTONS + 04 TYRES)', '1.349', '--', 'SOUND CONDITION PRIOR TO DE-STUFFING', NULL, 1, '2021-06-24 09:42:03', '2021-06-24 09:40:39', NULL, NULL),
(134, 1, 31, '363', 'MUGHAL IRON', '--', '08 PALLETS', '12.246', '--', 'SOUND CONDITION PRIOR TO DE-STUFFING', NULL, 1, '2021-06-24 09:42:03', '2021-06-24 09:40:39', NULL, NULL),
(135, 1, 31, '364', 'DARSON IND', '--', '01 PALLET', '1.349', '--', 'SOUND CONDITION PRIOR TO DE-STUFFING', NULL, 1, '2021-06-24 09:42:03', '2021-06-24 09:40:39', NULL, NULL),
(136, 1, 31, '365', 'A & K PHARMA', '--', '09 PALLETS', '11.787', '--', 'SOUND CONDITION PRIOR TO DE-STUFFING', NULL, 1, '2021-06-24 09:42:03', '2021-06-24 09:40:39', NULL, NULL),
(137, 1, 31, '366', 'ADVANCE WESTERN', '--', '03 PACKAGES (FOUND 01 PALLET + 02 CARTONS)', '1.100', '--', 'SOUND CONDITION PRIOR TO DE-STUFFING', NULL, 1, '2021-06-24 09:42:03', '2021-06-24 09:40:39', NULL, NULL),
(138, 1, 31, '367', 'PCCL LABLES', '--', '02 PALLETS', '2.346', '--', 'SOUND CONDITION PRIOR TO DE-STUFFING', NULL, 1, '2021-06-24 09:42:03', '2021-06-24 09:40:39', NULL, NULL),
(139, 1, 31, '368', 'BILAL SWITCH GEAR', '--', '01 PALLET', '0.639', '--', 'SOUND CONDITION PRIOR TO DE-STUFFING', NULL, 1, '2021-06-24 09:42:03', '2021-06-24 09:40:39', NULL, NULL),
(140, 1, 32, '61', 'AHMAD LACE WORKS', '--', '07 PALLETS', '9.813', '--', 'SOUND CONDITION PRIOR TO DE-STUFFING', NULL, 1, '2021-06-24 09:52:48', '2021-06-24 09:52:21', NULL, NULL),
(141, 1, 32, '62', 'ARTOTEC PVT LTD', '--', '01 PACKAGE (FOUND 01 PALLET)', '3.160', '--', 'SOUND CONDITION PRIOR TO DE-STUFFING', NULL, 1, '2021-06-24 09:52:48', '2021-06-24 09:52:21', NULL, NULL),
(142, 1, 32, '63', 'RADIANT MEDICAL', '--', '01 PALLET (FOUND 01 CASE)', '4.918', '--', 'SOUND CONDITION PRIOR TO DE-STUFFING', NULL, 1, '2021-06-24 09:52:48', '2021-06-24 09:52:21', NULL, NULL),
(143, 1, 32, '64', 'NAVEENA STEEL', '--', '01 PACKAGE', '4.801', '--', 'SOUND CONDITION PRIOR TO DE-STUFFING', NULL, 1, '2021-06-24 09:52:48', '2021-06-24 09:52:21', NULL, NULL),
(144, 1, 32, '65', 'INTERLINK GRAPHICS', '--', '04 PALLETS', '4.380', '--', 'SOUND CONDITION PRIOR TO DE-STUFFING', NULL, 1, '2021-06-24 09:52:48', '2021-06-24 09:52:21', NULL, NULL),
(145, 1, 32, '66', 'SHABBIR TILES', '--', '01 PALLET', '0.475', '--', 'SOUND CONDITION PRIOR TO DE-STUFFING', NULL, 1, '2021-06-24 09:52:48', '2021-06-24 09:52:21', NULL, NULL),
(146, 1, 32, '67', 'TEXGRO PVT LTD', '--', '03 PACKAGES (FOUND 03 TANKS)', '3.917', '--', 'SOUND CONDITION PRIOR TO DE-STUFFING', NULL, 1, '2021-06-24 09:52:48', '2021-06-24 09:52:21', NULL, NULL),
(147, 1, 32, '68', 'THAR ENERGY', '--', '10 PALLETS', '15.714', '--', 'SOUND CONDITION PRIOR TO DE-STUFFING', NULL, 1, '2021-06-24 09:52:48', '2021-06-24 09:52:21', NULL, NULL),
(148, 1, 32, '69', 'INTEGRATED SYSTEMS', '--', '02 PALLETS', '3.201', '--', 'SOUND CONDITION PRIOR TO DE-STUFFING', NULL, 1, '2021-06-24 09:52:48', '2021-06-24 09:52:21', NULL, NULL),
(149, 1, 32, '70', 'NAVEENA STEEL', '--', '01 PACKAGE (FOUND 01 CASE)', '3.124', '--', 'SOUND CONDITION PRIOR TO DE-STUFFING', NULL, 1, '2021-06-24 09:52:48', '2021-06-24 09:52:21', NULL, NULL),
(150, 1, 33, '945', 'NIL', '--', '01 UNIT USED PORSHE TYCANAS    28480', '12.246', '--', '01 UNIT USED PORSCHE TYCANAS FOUND Wind Screen Scratches, All Sides Slightly Scratches, Prior to De-stuffing.', '1) Remote Found 2) CD with LCD Fitted 3) Charger Wire 4) Back Camera.', 1, '2021-06-24 10:07:58', '2021-06-24 10:05:57', NULL, NULL),
(151, 1, 34, '543', 'NIL', '--', '01 UNIT USED LAND ROVER RANGE    14579', '17.892', '--', '01 UNIT USED LAND RANGE ROVER FOUND All Sides Slightly Scratches, Prior to De-stuffing.', '1) Remote Found 2) CD with LCD Fitted 3) Charger Wire 4) Air Pump.', 1, '2021-06-24 10:14:48', '2021-06-24 10:13:45', NULL, NULL),
(152, 1, 35, '89', 'NIL', '--', '01 UNIT USED TOYOTA AQUA  #NHP10-2605289', '9.818', '--', '01 UNIT USED TOYOTA AQUA FOUND Front Right & Left Side Damage, Front Side Damage, Wind Screen Damage, All Sides Scratches, Prior to De-stuffing.', '1) Remote Found 2) CD with LCD Fitted 3) Jack + Pana 4) Spare Wheel 5) Back Camera.', 1, '2021-06-24 10:58:14', '2021-06-24 10:47:08', NULL, NULL),
(153, 1, 35, '90', 'NIL', '--', '01 UNIT USED DIAHATSU MIRA  #LA250S-0146090', '7.424', '--', '01 UNIT USED DAIHATSU MIRA FOUND Front Side Damage, Front Right & Left Side Damage, All Sides  Scratches, Prior to De-stuffing.', '1) Remote Key Found 2) CD Not Found 3) Jack  4) Back Camera.', 1, '2021-06-24 10:58:14', '2021-06-24 10:47:08', NULL, NULL),
(154, 1, 35, '91', 'NIL', '--', '01 UNIT USED SUZUKI HUSTLER #MR315-118748', '7.810', '--', '01 UNIT USED SUZUKI HUSTLER FOUND  Front Side Damage, Front Right side Damage, All Sides Scratches, Prior to De-stuffing.', '1) Remote Key Found 2) CD with Player 3) Jack + Pana 4) Air Pump.', 1, '2021-06-24 10:58:14', '2021-06-24 10:47:08', NULL, NULL),
(155, 1, 35, '92', 'NIL', '--', '01 UNIT USED NISSAN NOTE # HE12-173965', '9.812', '--', '01 UNIT USED NISSAN NOTE FOUND Rear Wind Screen Damage, Front & Rear Side Damage, Roof Dented, All Sides Scratches, Prior to De-stuffing.', '1) Remote Found 2) CD Not Found 3) Jack + Pana 4) Air Pump.', 1, '2021-06-24 10:58:14', '2021-06-24 10:47:08', NULL, NULL),
(156, 1, 35, '93', 'NIL', '--', '01 UNIT USED HONDA VEZEL  #RU3-1271822', '12.149', '--', '01 UNIT USED HONDA VEZEL FOUND  Front Side Badly Damage, Front Right Side Badly Damage, Wind Screen Damage, All Sides Scratches, Prior to De-stuffing.', '1) Remote Found 2) CD with LCD Fitted 3) Jack + Pana 4) Air Pump 5) Back Camera.', 1, '2021-06-24 10:58:14', '2021-06-24 10:47:08', NULL, NULL),
(157, 1, 36, '89', 'NIL', '--', '01 unit used TOYOTA AQUA #NHP10- 2605289', '9.818', '--', '01 Unit Used TOYOTA AQUA Found Front Right & Left Side Damage, Front Side Damage, Wind Screen Damage, All Sides Scratches, prior to De-stuffing.', '1) Remote Found 2) CD with LCD Fitted 3) Jack + Pana 4) Spare Wheel 5) Back Camera.', 1, '2021-06-24 11:23:04', '2021-06-24 11:11:30', NULL, NULL),
(158, 1, 36, '90', 'NIL', '--', '01 unit used DAIHATSU MIRA #LA250S-0146090', '7.424', '--', '01 Unit Used DAIHATSU MIRA Found  Front Side Damage, Front Right  & Left Side Damage, All Sides Scratches, prior to De-stuffing.', '1) Remote Found 2) CD Not Found 3) Jack  4) Back Camera..', 1, '2021-06-24 11:23:04', '2021-06-24 11:11:30', NULL, NULL),
(159, 1, 36, '91', 'NIL', '--', '01 unit used SUZUKI HUSTLER  #MR315- 118748', '7.810', '--', '01 Unit Used SUZUKI HUSTLER Found  Front Side Damage, Front Right Side Damage, All Sides Scratches, prior to De-stuffing.', '1) Remote Key Found 2) CD with Player 3) Jack + Pana 4) Air Pump.', 1, '2021-06-24 11:23:04', '2021-06-24 11:11:30', NULL, NULL),
(160, 1, 36, '92', 'NIL', '--', '01 unit used NISSAN NOTE #HE12- 173965', '9.812', '--', '01 Unit Used HONDA VEZEL Found Rear Wind Screen Damage,  Front & Rear Side Damage, Roof Dented, All Sides Scratches, prior to De-stuffing.', '1) Remote Found 2) CD Not Found 3) Jack + Pana 4) Air Pump.', 1, '2021-06-24 11:23:04', '2021-06-24 11:11:30', NULL, NULL),
(161, 1, 36, '93', 'NIL', '--', '01 unit used HONDA VEZEL # RU3-1271822', '12.149', '--', '01 Unit Used HONDA VEZEL Found Front Side Badly Damage, Front Right Side Badly Damage, Wind Screen Damage, All Sides Scratches, prior to De-stuffing.', '1) Remote Found 2) CD with LCD Fitted 3) Jack + Pana 4) Air Pump.', 1, '2021-06-24 11:23:04', '2021-06-24 11:11:30', NULL, NULL),
(162, 1, 37, '103', 'S.K GLOBAL', '--', '05 PALLETS', '6.201', '--', 'SOUND CONDITION PRIOR TO DE-STUFFING', NULL, 1, '2021-06-24 11:58:20', '2021-06-24 11:57:51', NULL, NULL),
(163, 1, 37, '104', 'NIL', '--', '07 PALLETS', '6.818', '--', 'SOUND CONDITION PRIOR TO DE-STUFFING', NULL, 1, '2021-06-24 11:58:20', '2021-06-24 11:57:51', NULL, NULL),
(164, 1, 37, '105', 'NIL', '--', '07 PALLETS', '9.710', '--', 'SOUND CONDITION PRIOR TO DE-STUFFING', NULL, 1, '2021-06-24 11:58:20', '2021-06-24 11:57:51', NULL, NULL),
(165, 1, 37, '106', 'NIL', '--', '04 PACKAGES (FOUND 02 PALLETS + 02 CARTONS)', '1.929', '--', 'SOUND CONDITION PRIOR TO DE-STUFFING', NULL, 1, '2021-06-24 11:58:20', '2021-06-24 11:57:51', NULL, NULL),
(166, 1, 37, '107', 'NIL', '--', '01 PALLET', '0.632', '--', 'SOUND CONDITION PRIOR TO DE-STUFFING', NULL, 1, '2021-06-24 11:58:20', '2021-06-24 11:57:51', NULL, NULL),
(167, 1, 37, '108', 'ENGRO POLYMER', '--', '01 PACKAGE (FOUND 01 CASE)', '0.515', '--', 'SOUND CONDITION PRIOR TO DE-STUFFING', NULL, 1, '2021-06-24 11:58:20', '2021-06-24 11:57:51', NULL, NULL),
(168, 1, 37, '109', 'SIDDIQ LEATHER', '--', '05 PALLETS', '7.412', '--', 'SOUND CONDITION PRIOR TO DE-STUFFING', NULL, 1, '2021-06-24 11:58:20', '2021-06-24 11:57:51', NULL, NULL),
(169, 1, 37, '110', 'NIL', '--', '01 PACKAGE (FOUND 01 PALLET)', '1.414', '--', 'SOUND CONDITION PRIOR TO DE-STUFFING', NULL, 1, '2021-06-24 11:58:20', '2021-06-24 11:57:51', NULL, NULL),
(170, 1, 37, '111', 'NIL', '--', '08 PALLETS', '12.296', '--', 'SOUND CONDITION PRIOR TO DE-STUFFING', NULL, 1, '2021-06-24 11:58:20', '2021-06-24 11:57:51', NULL, NULL),
(171, 1, 37, '112', 'RADIANT MEDICAL', '--', '01 BUNDLE (FOUND 01 CASE)', '0.430', '--', 'SOUND CONDITION PRIOR TO DE-STUFFING', NULL, 1, '2021-06-24 11:58:20', '2021-06-24 11:57:51', NULL, NULL);

-- --------------------------------------------------------

--
-- Table structure for table `importcargoes`
--

CREATE TABLE `importcargoes` (
  `id` int(11) NOT NULL,
  `userId` int(11) NOT NULL,
  `serialNo` varchar(100) NOT NULL,
  `vesselId` int(11) NOT NULL,
  `voy` varchar(255) NOT NULL,
  `departureDate` datetime NOT NULL,
  `dom_des` datetime NOT NULL,
  `containerId` int(11) NOT NULL,
  `igm_number` varchar(255) DEFAULT NULL,
  `status` varchar(100) DEFAULT NULL,
  `created_at` timestamp NOT NULL DEFAULT current_timestamp(),
  `updated_at` timestamp NOT NULL DEFAULT current_timestamp(),
  `deleted_at` timestamp NULL DEFAULT NULL
) ENGINE=MyISAM DEFAULT CHARSET=latin1;

--
-- Dumping data for table `importcargoes`
--

INSERT INTO `importcargoes` (`id`, `userId`, `serialNo`, `vesselId`, `voy`, `departureDate`, `dom_des`, `containerId`, `igm_number`, `status`, `created_at`, `updated_at`, `deleted_at`) VALUES
(1, 2, '1624351844-83', 31, 'sisj', '2021-06-19 00:00:00', '2021-06-19 00:00:00', 31, 'skske', '23', '2021-06-22 12:50:44', '2021-06-22 14:30:19', NULL),
(2, 2, '1624357581-58', 18, 'feee', '2021-06-11 00:00:00', '2021-06-17 00:00:00', 15, 'feee', '23', '2021-06-22 14:26:21', '2021-06-22 14:56:20', NULL),
(3, 2, '1624358558-92', 18, 'tthgf', '2021-06-17 00:00:00', '2021-06-07 00:00:00', 15, 'hg', '45', '2021-06-22 14:42:38', '2021-06-22 14:44:51', NULL),
(4, 2, '1624358754-36', 18, 'ggddf', '2021-06-17 00:00:00', '2021-06-17 00:00:00', 15, 'cfgf', '45', '2021-06-22 14:45:54', '2021-06-22 14:46:31', NULL),
(5, 2, '1624359118-86', 33, 'jn', '2021-06-24 00:00:00', '2021-06-22 00:00:00', 33, 'kmkn', '23', '2021-06-22 14:51:58', '2021-06-22 14:55:42', NULL),
(6, 2, '1624359142-84', 18, 'hhg', '2021-06-16 00:00:00', '2021-06-10 00:00:00', 15, 'fgfgff', '45', '2021-06-22 14:52:22', '2021-06-22 14:53:00', NULL),
(7, 2, '1624359755-87', 35, 'last', '2021-06-10 00:00:00', '2021-06-16 00:00:00', 15, '345', '45', '2021-06-22 15:02:35', '2021-06-22 15:10:59', NULL),
(8, 2, '1624360502-58', 18, 'ttytf', '2021-06-09 00:00:00', '2021-06-14 00:00:00', 15, 'sddd', '45', '2021-06-22 15:15:02', '2021-06-22 15:15:02', NULL),
(9, 2, '1624360747-46', 36, 'dfddd', '2021-06-09 00:00:00', '2021-06-18 00:00:00', 15, 'ddffdf', '45', '2021-06-22 15:19:07', '2021-06-22 15:19:07', NULL),
(10, 2, '1624366838-98', 37, 'ggty', '2021-06-26 00:00:00', '2021-06-15 00:00:00', 35, 'bgghu', '45', '2021-06-22 17:00:38', '2021-06-22 17:01:27', NULL),
(11, 1, '1624429823-99', 39, '158W', '2021-05-27 00:00:00', '2021-06-01 00:00:00', 25, NULL, '23', '2021-06-23 10:30:23', '2021-06-23 10:34:17', NULL),
(12, 1, '1624431003-80', 27, 'OMX97WIM', '2021-05-29 00:00:00', '2021-06-01 00:00:00', 1, NULL, '23', '2021-06-23 10:50:03', '2021-06-23 11:10:01', NULL),
(13, 2, '1624433573-29', 18, 'gdd', '2021-06-16 00:00:00', '2021-06-22 00:00:00', 15, 'safff', '23', '2021-06-23 11:32:53', '2021-06-23 15:44:36', NULL),
(14, 1, '1624434884-65', 26, 'OMX97WIM', '2021-05-29 00:00:00', '2021-06-01 00:00:00', 26, NULL, '23', '2021-06-23 11:54:44', '2021-06-23 11:55:16', NULL),
(15, 1, '1624441113-39', 40, '2117', '2021-05-31 00:00:00', '2021-06-03 00:00:00', 37, NULL, '23', '2021-06-23 13:38:33', '2021-06-23 13:39:40', NULL),
(16, 1, '1624441722-46', 26, 'OMX97', '2021-05-30 00:00:00', '2021-06-03 00:00:00', 38, NULL, '23', '2021-06-23 13:48:42', '2021-06-23 13:49:20', NULL),
(17, 1, '1624442171-47', 41, '2119', '2021-05-29 00:00:00', '2021-06-03 00:00:00', 39, NULL, '23', '2021-06-23 13:56:11', '2021-06-23 13:56:35', NULL),
(18, 1, '1624442447-45', 42, '024', '2021-05-31 00:00:00', '2021-06-03 00:00:00', 40, NULL, '23', '2021-06-23 14:00:47', '2021-06-23 14:01:09', NULL),
(19, 1, '1624442708-27', 43, '061W', '2021-05-29 00:00:00', '2021-06-03 00:00:00', 41, NULL, '23', '2021-06-23 14:05:08', '2021-06-23 14:05:38', NULL),
(20, 1, '1624443063-51', 42, '024', '2021-06-01 00:00:00', '2021-06-03 00:00:00', 42, NULL, '23', '2021-06-23 14:11:03', '2021-06-23 14:11:15', NULL),
(21, 1, '1624443315-90', 44, '2102E', '2021-05-28 00:00:00', '2021-06-03 00:00:00', 43, NULL, '23', '2021-06-23 14:15:15', '2021-06-23 14:15:55', NULL),
(22, 1, '1624443663-31', 45, '120N', '2021-05-28 00:00:00', '2021-06-03 00:00:00', 44, NULL, '23', '2021-06-23 14:21:03', '2021-06-23 14:30:33', NULL),
(23, 1, '1624445897-67', 7, '2121W', '2021-06-02 00:00:00', '2021-06-05 00:00:00', 45, NULL, '23', '2021-06-23 14:58:17', '2021-06-23 15:00:40', NULL),
(24, 1, '1624446325-75', 7, '2121w', '2021-06-02 00:00:00', '2021-06-05 00:00:00', 46, NULL, '23', '2021-06-23 15:05:25', '2021-06-23 15:06:59', NULL),
(25, 1, '1624446671-36', 7, '2121W', '2021-06-02 00:00:00', '2021-06-05 00:00:00', 47, NULL, '23', '2021-06-23 15:11:11', '2021-06-23 15:14:47', NULL),
(26, 1, '1624447237-45', 46, '144E', '2021-06-03 00:00:00', '2021-06-05 00:00:00', 48, NULL, '23', '2021-06-23 15:20:37', '2021-06-23 15:23:12', NULL),
(27, 1, '1624447800-81', 7, '2121W', '2021-06-03 00:00:00', '2021-06-05 00:00:00', 49, NULL, '23', '2021-06-23 15:30:00', '2021-06-23 15:31:41', NULL),
(28, 1, '1624448474-28', 7, '2121', '2021-06-01 00:00:00', '2021-06-05 00:00:00', 50, NULL, '23', '2021-06-23 15:41:14', '2021-06-23 15:41:44', NULL),
(29, 1, '1624448745-90', 7, '2119W', '2021-05-30 00:00:00', '2021-06-05 00:00:00', 51, NULL, '23', '2021-06-23 15:45:45', '2021-06-23 15:46:01', NULL),
(30, 1, '1624511971-34', 47, '210W', '2021-06-03 00:00:00', '2021-06-08 00:00:00', 52, NULL, '23', '2021-06-24 09:19:31', '2021-06-24 09:25:38', NULL),
(31, 1, '1624513239-22', 42, '024', '2021-05-31 00:00:00', '2021-06-08 00:00:00', 53, NULL, '23', '2021-06-24 09:40:39', '2021-06-24 09:42:03', NULL),
(32, 1, '1624513941-77', 48, '058', '2021-06-05 00:00:00', '2021-06-08 00:00:00', 54, NULL, '23', '2021-06-24 09:52:21', '2021-06-24 09:52:48', NULL),
(33, 1, '1624514757-87', 49, 'V-01W', '2021-06-08 00:00:00', '2021-06-10 00:00:00', 55, NULL, '23', '2021-06-24 10:05:57', '2021-06-24 10:07:58', NULL),
(34, 1, '1624515225-82', 11, '1218', '2021-06-08 00:00:00', '2021-06-10 00:00:00', 56, NULL, '23', '2021-06-24 10:13:45', '2021-06-24 10:14:48', NULL),
(35, 1, '1624517228-81', 51, 'W172', '2021-06-04 00:00:00', '2021-06-10 00:00:00', 1, NULL, '23', '2021-06-24 10:47:08', '2021-06-24 11:02:43', NULL),
(36, 1, '1624518690-44', 50, 'W172', '2021-06-04 00:00:00', '2021-06-10 00:00:00', 57, NULL, '23', '2021-06-24 11:11:30', '2021-06-24 11:23:04', NULL),
(37, 1, '1624521471-46', 49, '01', '2021-06-04 00:00:00', '2021-06-11 00:00:00', 58, NULL, '23', '2021-06-24 11:57:51', '2021-06-24 11:58:20', NULL);

-- --------------------------------------------------------

--
-- Table structure for table `itemtypes`
--

CREATE TABLE `itemtypes` (
  `id` int(11) NOT NULL,
  `name` varchar(100) NOT NULL,
  `created_at` timestamp NOT NULL DEFAULT current_timestamp(),
  `updated_at` timestamp NOT NULL DEFAULT current_timestamp(),
  `deleted_at` timestamp NULL DEFAULT NULL
) ENGINE=InnoDB DEFAULT CHARSET=utf8mb4;

--
-- Dumping data for table `itemtypes`
--

INSERT INTO `itemtypes` (`id`, `name`, `created_at`, `updated_at`, `deleted_at`) VALUES
(1, 'dv - dry van', '2021-04-14 12:47:12', '2021-04-14 12:47:12', NULL),
(2, 'fr - flatrack', '2021-04-14 12:47:36', '2021-04-14 12:47:36', NULL),
(3, 'hc - high cube', '2021-04-14 12:47:57', '2021-04-14 12:47:57', NULL),
(4, 'ot - open top', '2021-04-14 12:48:16', '2021-04-14 12:48:16', NULL),
(5, 'pl - platform', '2021-04-14 12:48:39', '2021-04-14 12:48:39', NULL);

-- --------------------------------------------------------

--
-- Table structure for table `migrations`
--

CREATE TABLE `migrations` (
  `id` int(10) UNSIGNED NOT NULL,
  `migration` varchar(255) COLLATE utf8mb4_unicode_ci NOT NULL,
  `batch` int(11) NOT NULL
) ENGINE=InnoDB DEFAULT CHARSET=utf8mb4 COLLATE=utf8mb4_unicode_ci;

-- --------------------------------------------------------

--
-- Table structure for table `oauth_access_tokens`
--

CREATE TABLE `oauth_access_tokens` (
  `id` varchar(100) COLLATE utf8mb4_unicode_ci NOT NULL,
  `user_id` bigint(20) UNSIGNED DEFAULT NULL,
  `client_id` char(36) COLLATE utf8mb4_unicode_ci NOT NULL,
  `name` varchar(255) COLLATE utf8mb4_unicode_ci DEFAULT NULL,
  `scopes` text COLLATE utf8mb4_unicode_ci DEFAULT NULL,
  `revoked` tinyint(1) NOT NULL,
  `created_at` timestamp NULL DEFAULT NULL,
  `updated_at` timestamp NULL DEFAULT NULL,
  `expires_at` datetime DEFAULT NULL
) ENGINE=InnoDB DEFAULT CHARSET=utf8mb4 COLLATE=utf8mb4_unicode_ci;

--
-- Dumping data for table `oauth_access_tokens`
--

INSERT INTO `oauth_access_tokens` (`id`, `user_id`, `client_id`, `name`, `scopes`, `revoked`, `created_at`, `updated_at`, `expires_at`) VALUES
('00124bf293d3829f81e174ccb51d85f10771a542ede0c25d28dc90ca89213842374de73ee3521878', 6, '92ded53e-e542-4345-aca2-9ed3f6e5ae42', 'Api Token', '[]', 0, '2021-03-10 17:35:34', '2021-03-10 17:35:34', '2021-03-25 12:35:34'),
('0048513b0ae2b32e6b142c6c9c09b5c2d7212eda7f7d40faf858602a3072907d2a758647b0cb11e2', 6, '92ded53e-e542-4345-aca2-9ed3f6e5ae42', 'Api Token', '[]', 0, '2021-03-08 12:41:08', '2021-03-08 12:41:08', '2021-03-23 07:41:08'),
('00572854dbf622d68e8260760b1e9fd0301a2b9bcb436f174867b20de58160c4350fac54b2a73747', 6, '92ded53e-e542-4345-aca2-9ed3f6e5ae42', 'Api Token', '[]', 0, '2021-04-27 15:10:05', '2021-04-27 15:10:05', '2021-05-12 11:10:04'),
('00ae6de4b7899962c1b8d3cfc679fc07579a6fc8531d7cd0f9da99524428cc802d1270661d046b7e', 6, '92ded53e-e542-4345-aca2-9ed3f6e5ae42', 'Api Token', '[]', 0, '2021-03-30 09:35:34', '2021-03-30 09:35:34', '2021-04-14 05:35:34'),
('00b5510e694b7028dcdbe2ab8f53abb125c067a1bb8b6dffb8a244bde7a1228dc8d8509b3bf6b7d2', 6, '92ded53e-e542-4345-aca2-9ed3f6e5ae42', 'Api Token', '[]', 0, '2021-04-01 09:27:23', '2021-04-01 09:27:23', '2021-04-16 05:27:23'),
('0151a680c871d7ee697c349ce2425d770ceaea033e32f9cdbe54fbcb6891bca1b7710e0a1b660852', 6, '92ded53e-e542-4345-aca2-9ed3f6e5ae42', 'Api Token', '[]', 0, '2021-04-23 13:45:51', '2021-04-23 13:45:51', '2021-05-08 09:45:51'),
('0176ddaa72f74203fa284ec76ac7f58738d456806a93f4615b7fe80f666e2f375444885793353bb9', 6, '92ded53e-e542-4345-aca2-9ed3f6e5ae42', 'Api Token', '[]', 0, '2021-04-15 13:38:48', '2021-04-15 13:38:48', '2021-04-30 09:38:47'),
('018e1adc7de21c186bd914e0f3aef18df43838ec498bcc1c566c3c45969f04f31d4b031011d00db6', 6, '92ded53e-e542-4345-aca2-9ed3f6e5ae42', 'Api Token', '[]', 0, '2021-03-08 14:12:47', '2021-03-08 14:12:47', '2021-03-23 09:12:46'),
('01bca31f4efa6abb05c1fd5309f0a422ceb7ef715e1fee725d0539fdd9d884235852288ba5e76443', 2, '92ded53e-e542-4345-aca2-9ed3f6e5ae42', 'Api Token', '[]', 0, '2021-06-18 10:08:29', '2021-06-18 10:08:29', '2021-07-03 06:08:28'),
('01f4fa1af62a19a864ce00e82f79cc15ef641410d51edefad1b0817a86dc94cb6c76809de51fd6d0', 6, '92ded53e-e542-4345-aca2-9ed3f6e5ae42', 'Api Token', '[]', 0, '2021-03-13 14:47:22', '2021-03-13 14:47:22', '2021-03-28 09:47:22'),
('0204fae5a690f69693bf134365e97edb1441e93736d3fad606013ea0c6b813fc03cb82c3cb8938c2', 6, '92ded53e-e542-4345-aca2-9ed3f6e5ae42', 'Api Token', '[]', 0, '2021-03-26 13:32:56', '2021-03-26 13:32:56', '2021-04-10 09:32:55'),
('030fbfa843ed72e64594aed0bab2f35fe2880d46dd8346034798f7bf4439dbc9523550205e29d497', 2, '92ded53e-e542-4345-aca2-9ed3f6e5ae42', 'Api Token', '[]', 0, '2021-06-18 11:02:17', '2021-06-18 11:02:17', '2021-07-03 07:02:17'),
('032ae51ad66e30c47794bae249a8669bdda2e3d520ba7406cf89fdaa582108224ab8bc3688f1d511', 6, '92ded53e-e542-4345-aca2-9ed3f6e5ae42', 'Api Token', '[]', 0, '2021-03-13 15:51:56', '2021-03-13 15:51:56', '2021-03-28 10:51:56'),
('036b7f8527fd2056c1ddcdd821f46f0b38466db5cc9ae0593d8a572d086712c90fd850d5def499db', 6, '92ded53e-e542-4345-aca2-9ed3f6e5ae42', 'Api Token', '[]', 0, '2021-03-09 14:35:46', '2021-03-09 14:35:46', '2021-03-24 09:35:45'),
('039ba12087bfafd58e97c582fc7338aca53006d1d2977aceade35946f9f945b8bdc28ecc14a73e77', 6, '92ded53e-e542-4345-aca2-9ed3f6e5ae42', 'Api Token', '[]', 0, '2021-03-31 14:58:45', '2021-03-31 14:58:45', '2021-04-15 10:58:45'),
('03dacd16659085797c8dec966c68b1d997b3f5904bc2ee964e768bfbdb5e00c02423db016bb670f7', 6, '92ded53e-e542-4345-aca2-9ed3f6e5ae42', 'Api Token', '[]', 0, '2021-03-12 11:10:34', '2021-03-12 11:10:34', '2021-03-27 06:10:34'),
('03f954896293b7b7681a0adb8b7bf1e3c4ef69f54f7ec4bac7fad123fb3fad401f8b9a30c145942f', 6, '92ded53e-e542-4345-aca2-9ed3f6e5ae42', 'Api Token', '[]', 0, '2021-03-31 14:16:23', '2021-03-31 14:16:23', '2021-04-15 10:16:23'),
('040c54a0db71c1faf798eee95d67c8645f52bf4bd5546c5d5fbda5a8eabb63a4b2af60ad00cfeca0', 6, '92ded53e-e542-4345-aca2-9ed3f6e5ae42', 'Api Token', '[]', 0, '2021-04-01 09:16:51', '2021-04-01 09:16:51', '2021-04-16 05:16:51'),
('0422578977d06ab94e083b019ca6f3fdb5a3b37dc91d822ab5c3f70bb5ec79d7c5dd9dfe40e06b4f', 6, '92ded53e-e542-4345-aca2-9ed3f6e5ae42', 'Api Token', '[]', 0, '2021-03-10 16:04:27', '2021-03-10 16:04:27', '2021-03-25 11:04:27'),
('047a53b90b931d5f811e67355972033c9ff7a1010cfee6811a2f0c3a148ab8b46be8da9b4bc32257', 6, '92ded53e-e542-4345-aca2-9ed3f6e5ae42', 'Api Token', '[]', 0, '2021-03-12 12:38:41', '2021-03-12 12:38:41', '2021-03-27 07:38:41'),
('049f8146933ab7cb832514e0980429bb655316db81889af9c75cf37fed2884ad20b538470b51ea1f', 6, '92ded53e-e542-4345-aca2-9ed3f6e5ae42', 'Api Token', '[]', 0, '2021-04-21 11:56:29', '2021-04-21 11:56:29', '2021-05-06 07:56:29'),
('04f399e7e719c45ca749d4445dd4cd8762b1d1b7da563e5a17c844829c2244f9abae8cdcb274ba39', 6, '92ded53e-e542-4345-aca2-9ed3f6e5ae42', 'Api Token', '[]', 0, '2021-04-21 12:46:10', '2021-04-21 12:46:10', '2021-05-06 08:46:10'),
('055a57237cec421856b45b556282e336a309c13dd7553ad1fba165bfbbb5c1f0d998aeac11f35a9a', 6, '92ded53e-e542-4345-aca2-9ed3f6e5ae42', 'Api Token', '[]', 0, '2021-04-01 09:39:11', '2021-04-01 09:39:11', '2021-04-16 05:39:11'),
('056f0a000ca579a364ffa921ab047efb4cbbccd2c2fab61494730b6f0344258d32f311d0880c02b1', 6, '92ded53e-e542-4345-aca2-9ed3f6e5ae42', 'Api Token', '[]', 0, '2021-03-08 15:08:06', '2021-03-08 15:08:06', '2021-03-23 10:08:06'),
('057e2e3981940dee22f92571302ab1e48c4cc775f7eaa138df789e06ab207b7f8ffa4b83e723c9a1', 6, '92ded53e-e542-4345-aca2-9ed3f6e5ae42', 'Api Token', '[]', 0, '2021-03-08 14:34:01', '2021-03-08 14:34:01', '2021-03-23 09:34:01'),
('057fd71fafa5ab174f7ee67e2359bf48d74e846643dc5b21ce699fa6778d87126c4fc87a500fc571', 6, '92ded53e-e542-4345-aca2-9ed3f6e5ae42', 'Api Token', '[]', 0, '2021-03-29 15:35:59', '2021-03-29 15:35:59', '2021-04-13 11:35:59'),
('0585bbeac6c9b2437164020243049b6a920cd2f9ecf881485ec1f5f1fe442c184558f6d784718f6f', 6, '92ded53e-e542-4345-aca2-9ed3f6e5ae42', 'Api Token', '[]', 0, '2021-04-01 09:31:44', '2021-04-01 09:31:44', '2021-04-16 05:31:44'),
('05955658c0bddf53655eff76d8796e401c8971f658bb5a515f872d5d5ad77bf56ae0816137ec59b1', 6, '92ded53e-e542-4345-aca2-9ed3f6e5ae42', 'Api Token', '[]', 0, '2021-03-30 11:00:15', '2021-03-30 11:00:15', '2021-04-14 07:00:14'),
('059df5d35fba308d2f7589f07ca35f5ed1d92b7cfa3b4c3677885a1095f91d9bcc029c46f8d506ce', 6, '92ded53e-e542-4345-aca2-9ed3f6e5ae42', 'Api Token', '[]', 0, '2021-04-23 12:16:41', '2021-04-23 12:16:41', '2021-05-08 08:16:41'),
('0613cdb3e1b9f8fc8aa1b2ef76d2193e06d32f0f37dc99a28a77d0151ae8333bb5cc426b221242ba', 6, '92ded53e-e542-4345-aca2-9ed3f6e5ae42', 'Api Token', '[]', 0, '2021-03-08 15:45:28', '2021-03-08 15:45:28', '2021-03-23 10:45:28'),
('0620fe80acd08787b6f1d1c4e998259157f6bdda6c9b4c8d3b903c6d9db06bd7ce5f406b5e4a7953', 6, '92ded53e-e542-4345-aca2-9ed3f6e5ae42', 'Api Token', '[]', 0, '2021-03-26 13:22:22', '2021-03-26 13:22:22', '2021-04-10 09:22:22'),
('0656ec52f156ef637b3e4e21d15629e0759f2dfe3cef809ece2768f648aa7c0010bbbb396ccd9b27', 6, '92ded53e-e542-4345-aca2-9ed3f6e5ae42', 'Api Token', '[]', 0, '2021-03-19 18:29:24', '2021-03-19 18:29:24', '2021-04-03 14:29:23'),
('0659e6c5fe0b07ff1e1dc4467a6080fe5dfca2fe8755679fb986b8063ffed535ac42dbc96b289b46', 6, '92ded53e-e542-4345-aca2-9ed3f6e5ae42', 'Api Token', '[]', 0, '2021-03-12 12:30:17', '2021-03-12 12:30:17', '2021-03-27 07:30:17'),
('068a05906ca0486238dc45c286f589449694ddebb4a46800c8bdb5913e1d12b05a60914ac7b823e2', 6, '92ded53e-e542-4345-aca2-9ed3f6e5ae42', 'Api Token', '[]', 0, '2021-04-14 13:28:43', '2021-04-14 13:28:43', '2021-04-29 09:28:43'),
('06d821f22eb0b88a8cf7d85e1f0a846daea254ebfa87f899c8505b4ba6f477c7f539d678a506615e', 6, '92ded53e-e542-4345-aca2-9ed3f6e5ae42', 'Api Token', '[]', 0, '2021-03-10 10:01:37', '2021-03-10 10:01:37', '2021-03-25 05:01:37'),
('0710cbd0353e85880b9c97054893a908371125d1904b2dee4a588905128d6f9e07574d86da5f10c2', 6, '92ded53e-e542-4345-aca2-9ed3f6e5ae42', 'Api Token', '[]', 0, '2021-03-31 13:39:04', '2021-03-31 13:39:04', '2021-04-15 09:39:04'),
('0710fb4754c5a537f0165c11603103a8d3b18bfa7e65801728fb375da79edd2b5847870d29cc129b', 6, '92ded53e-e542-4345-aca2-9ed3f6e5ae42', 'Api Token', '[]', 0, '2021-03-29 16:01:41', '2021-03-29 16:01:41', '2021-04-13 12:01:41'),
('0728655657b1e61a082fd6cfb2cd9a8981a7e6102a7954050472327ce91ec9360897678a18267f38', 6, '92ded53e-e542-4345-aca2-9ed3f6e5ae42', 'Api Token', '[]', 0, '2021-03-10 14:59:39', '2021-03-10 14:59:39', '2021-03-25 09:59:39'),
('0791a19a3fdc8f92993d63adbacfd026fc90f52cd08f1eac5b11b3ea7f5b9b7fd6cd40c61979fc21', 6, '92ded53e-e542-4345-aca2-9ed3f6e5ae42', 'Api Token', '[]', 0, '2021-03-09 16:27:38', '2021-03-09 16:27:38', '2021-03-24 11:27:37'),
('079fb74a555ca56f59c956726cd7b7ef42682373728918166dffc4f6576cedb870402ff8c67fda56', 6, '92ded53e-e542-4345-aca2-9ed3f6e5ae42', 'Api Token', '[]', 0, '2021-04-16 14:25:36', '2021-04-16 14:25:36', '2021-05-01 10:25:36'),
('07cc7c10eeb9d743b9ff747b0a07081d0673fbd552379691f22a90a8cc2e4657f8f2d69a570607e2', 2, '92ded53e-e542-4345-aca2-9ed3f6e5ae42', 'Api Token', '[]', 0, '2021-06-21 15:56:59', '2021-06-21 15:56:59', '2021-07-06 11:56:59'),
('07e28d4d2566261e4fc63bc9aa8911ee4582d8c74923b0bf6dde5561ce09e546fe428febfefa2086', 6, '92ded53e-e542-4345-aca2-9ed3f6e5ae42', 'Api Token', '[]', 0, '2021-03-05 16:13:48', '2021-03-05 16:13:48', '2021-03-20 11:13:48'),
('07e3dcdc8eec7d59a28e20f8ab9e32a31acc276f1f347ac84fa0eb71a033cee3b12fe5527b429ccc', 6, '92ded53e-e542-4345-aca2-9ed3f6e5ae42', 'Api Token', '[]', 0, '2021-04-16 14:13:51', '2021-04-16 14:13:51', '2021-05-01 10:13:51'),
('080e407988e78f57cbedf798da12bf90aec7af8f1f1fa7367e3caf9a8013c98ed67b3ba4bfc8371b', 2, '92ded53e-e542-4345-aca2-9ed3f6e5ae42', 'Api Token', '[]', 0, '2021-06-22 12:49:54', '2021-06-22 12:49:54', '2021-07-07 08:49:54'),
('082f2271ae597cbf9329f7965719664482d20e803af3e822435ecf79c084c7759b238fa58c476d71', 6, '92ded53e-e542-4345-aca2-9ed3f6e5ae42', 'Api Token', '[]', 0, '2021-04-27 11:49:23', '2021-04-27 11:49:23', '2021-05-12 07:49:23'),
('084e2293ef4a5cab5694ee6b497dfb0946de1138b9df8518cff00656b3158a908a3327db75e0499b', 6, '92ded53e-e542-4345-aca2-9ed3f6e5ae42', 'Api Token', '[]', 0, '2021-04-22 12:51:12', '2021-04-22 12:51:12', '2021-05-07 08:51:12'),
('08623954eb60008e7f16c774628831ad228b1fd017a3f994165fd768024107f53525b35017bdd23f', 6, '92ded53e-e542-4345-aca2-9ed3f6e5ae42', 'Api Token', '[]', 0, '2021-04-15 13:26:20', '2021-04-15 13:26:20', '2021-04-30 09:26:20'),
('08ab501d911ebf35af1a19c4eac55c866cf2d325eba2f6e8670fb5f755ba6178a710c004cfef1ecb', 2, '92ded53e-e542-4345-aca2-9ed3f6e5ae42', 'Api Token', '[]', 0, '2021-06-21 15:28:07', '2021-06-21 15:28:07', '2021-07-06 11:28:07'),
('08ed0e5bd0d9a0754aa5c1586b0573c01c6c364cb197472c0937d9b6735ccf81a062982cafbb7f5f', 6, '92ded53e-e542-4345-aca2-9ed3f6e5ae42', 'Api Token', '[]', 0, '2021-04-27 14:49:41', '2021-04-27 14:49:41', '2021-05-12 10:49:41'),
('0902f9ce21870df5e9077386ba01ec969be8559347f5eea8e6dca8b4d78de585fab081b2c06baa27', 6, '92ded53e-e542-4345-aca2-9ed3f6e5ae42', 'Api Token', '[]', 0, '2021-03-30 09:42:11', '2021-03-30 09:42:11', '2021-04-14 05:42:11'),
('090e7e7bc1903df7643b3d81084cad6d98d9e5e37df6a5491be98efd38b04d3525343646d558ba3b', 6, '92ded53e-e542-4345-aca2-9ed3f6e5ae42', 'Api Token', '[]', 0, '2021-04-21 14:53:44', '2021-04-21 14:53:44', '2021-05-06 10:53:44'),
('091ec018571ec775d0701613b6f5c0133f7c548d7f70a7f0b6782f49ea57ebb206a9699c22fed87e', 6, '92ded53e-e542-4345-aca2-9ed3f6e5ae42', 'Api Token', '[]', 0, '2021-04-22 11:33:16', '2021-04-22 11:33:16', '2021-05-07 07:33:16'),
('091f635c85f9b9a0139b43193e64bf802b0f9740dd0a0bba8379f69a77fb406b32fd2723dc4d6a2f', 6, '92ded53e-e542-4345-aca2-9ed3f6e5ae42', 'Api Token', '[]', 0, '2021-03-30 10:22:27', '2021-03-30 10:22:27', '2021-04-14 06:22:27'),
('0931fcdb3f51dba411d819b7017dd609a013291b01dde66da222679fa2721253d9e9aea114e2c5c0', 6, '92ded53e-e542-4345-aca2-9ed3f6e5ae42', 'Api Token', '[]', 0, '2021-03-17 19:02:53', '2021-03-17 19:02:53', '2021-04-01 15:02:53'),
('0955fda3ce71c19419f56014c8a297128fa4143dec5fa1c52711a908710409b4dca218451542bcf7', 6, '92ded53e-e542-4345-aca2-9ed3f6e5ae42', 'Api Token', '[]', 0, '2021-03-09 16:31:49', '2021-03-09 16:31:49', '2021-03-24 11:31:49'),
('09662c80d797d0d0571e7b7f8254753d7702dd419f8aa8315569f13c9c4b6730530620c1e50c0f36', 6, '92ded53e-e542-4345-aca2-9ed3f6e5ae42', 'Api Token', '[]', 0, '2021-04-14 15:13:46', '2021-04-14 15:13:46', '2021-04-29 11:13:46'),
('097a63205145439d31bc2d5ffbe055bccb60e1ff2c626af33186b4ed00206d786a0183255b905c8b', 6, '92ded53e-e542-4345-aca2-9ed3f6e5ae42', 'Api Token', '[]', 0, '2021-03-11 20:42:48', '2021-03-11 20:42:48', '2021-03-26 15:42:48'),
('099d72cceb3157f5e8280d505198e9cd0c65791054ab3c206e08aaca017bae7130d76b57b570b0da', 6, '92ded53e-e542-4345-aca2-9ed3f6e5ae42', 'Api Token', '[]', 0, '2021-04-14 11:55:49', '2021-04-14 11:55:49', '2021-04-29 07:55:49'),
('0a71f499d73a1bae70ad3418d09786bb448f850d36678565908397581e3a4b513d5fa7b99411ac99', 6, '92ded53e-e542-4345-aca2-9ed3f6e5ae42', 'Api Token', '[]', 0, '2021-04-16 11:13:41', '2021-04-16 11:13:41', '2021-05-01 07:13:41'),
('0abbd17ebf59ac9e9d022cf4147ae5208445ce4f7dbe45cb3c4aa1a3398c428e2d7dd34f7f9cd1b9', 6, '92ded53e-e542-4345-aca2-9ed3f6e5ae42', 'Api Token', '[]', 0, '2021-03-31 14:19:37', '2021-03-31 14:19:37', '2021-04-15 10:19:37'),
('0abc52cc470ba1c26abd518e325fedafcc5a8669858f5271ced1a3f96ccf1bd0151120366cab3eb4', 6, '92ded53e-e542-4345-aca2-9ed3f6e5ae42', 'Api Token', '[]', 0, '2021-03-12 18:57:52', '2021-03-12 18:57:52', '2021-03-27 13:57:52'),
('0ad9e8cedc04f5eda002aa29c6755aecb196b3843f91264c0904e95dce5744bb53c8776eb1029962', 6, '92ded53e-e542-4345-aca2-9ed3f6e5ae42', 'Api Token', '[]', 0, '2021-04-23 12:31:46', '2021-04-23 12:31:46', '2021-05-08 08:31:45'),
('0b9d9889aee32c720bb29b9a465f2592cf6599a088e93026cf924a83f65511df744f783bd066a384', 2, '92ded53e-e542-4345-aca2-9ed3f6e5ae42', 'Api Token', '[]', 0, '2021-06-21 12:26:18', '2021-06-21 12:26:18', '2021-07-06 08:26:18'),
('0bb63db93226a14ecc8ca5437433b02291b6cc3462bb394d9ce8f6da083792e71e7228e3225828c6', 6, '92ded53e-e542-4345-aca2-9ed3f6e5ae42', 'Api Token', '[]', 0, '2021-04-27 14:37:15', '2021-04-27 14:37:15', '2021-05-12 10:37:15'),
('0c0e0e24dfc55d65a97d243cfa787a93bb70acc78eb9d58d98c92a9bf4ddde5e6cc5a59f0266741b', 6, '92ded53e-e542-4345-aca2-9ed3f6e5ae42', 'Api Token', '[]', 1, '2021-03-10 10:40:13', '2021-03-10 10:40:13', '2021-03-25 05:40:13'),
('0c4e40e7eff90df9f53cf0fa7cce580be50167b8d6f2fe553c6310fea88d02e67796105d27e118bb', 6, '92ded53e-e542-4345-aca2-9ed3f6e5ae42', 'Api Token', '[]', 0, '2021-03-10 16:45:02', '2021-03-10 16:45:02', '2021-03-25 11:45:02'),
('0c560091f2bdc19f3d67e8c0eac9b7b99cf7f38c71a3fb921391aabe3da40bb5cfc8b5399c3489d7', 6, '92ded53e-e542-4345-aca2-9ed3f6e5ae42', 'Api Token', '[]', 0, '2021-04-22 12:49:04', '2021-04-22 12:49:04', '2021-05-07 08:49:04'),
('0c75eb411aab5f8b8b599b16ccbf7fe5623ee8fe50567af77e01d7ed1ded901bbe0ca4a587606e61', 6, '92ded53e-e542-4345-aca2-9ed3f6e5ae42', 'Api Token', '[]', 0, '2021-04-16 10:14:42', '2021-04-16 10:14:42', '2021-05-01 06:14:42'),
('0c83b0bd968d730a8e84a27fd98f880eefeec57229560042a967ce97f5692ae3c12ff12f96d797ad', 6, '92ded53e-e542-4345-aca2-9ed3f6e5ae42', 'Api Token', '[]', 0, '2021-04-15 12:44:47', '2021-04-15 12:44:47', '2021-04-30 08:44:46'),
('0cc8b5833ce4499ecc4ca473aee0f2926db3ae91b14347eafd74d07aed033cf6e340ad21b0b09e94', 6, '92ded53e-e542-4345-aca2-9ed3f6e5ae42', 'Api Token', '[]', 0, '2021-05-24 11:17:38', '2021-05-24 11:17:38', '2021-06-08 07:17:38'),
('0cda34156133a403371de614bcc2ade25a940e0c50ce849df575968dee5303971dbbe6f636fed20d', 6, '92ded53e-e542-4345-aca2-9ed3f6e5ae42', 'Api Token', '[]', 0, '2021-04-27 14:46:12', '2021-04-27 14:46:12', '2021-05-12 10:46:12'),
('0cdaed89ea134fd347704a4a12ec2376f63327cf8c8620c5087b95db592d632045c6aefe4155f461', 6, '92ded53e-e542-4345-aca2-9ed3f6e5ae42', 'Api Token', '[]', 0, '2021-03-26 13:06:51', '2021-03-26 13:06:51', '2021-04-10 09:06:51'),
('0ced1c70d2bc6f520fbd99231bda3e5e74c8332c00b22d117e956ba800f3eb5e81ba74cfdb6e74f2', 6, '92ded53e-e542-4345-aca2-9ed3f6e5ae42', 'Api Token', '[]', 0, '2021-04-20 11:54:39', '2021-04-20 11:54:39', '2021-05-05 07:54:38'),
('0d6d888f99676a4fbd071c248fea29d8a72ec8c531d91476d185523b2b2e251cd13b1cb244827595', 6, '92ded53e-e542-4345-aca2-9ed3f6e5ae42', 'Api Token', '[]', 0, '2021-04-16 10:20:41', '2021-04-16 10:20:41', '2021-05-01 06:20:41'),
('0d7d0fc80b1d74cdc547039cd3945b142c0944c60947fb57311d3e0d299fd70074613a26e5bb6923', 6, '92ded53e-e542-4345-aca2-9ed3f6e5ae42', 'Api Token', '[]', 0, '2021-04-22 13:48:01', '2021-04-22 13:48:01', '2021-05-07 09:48:01'),
('0d832fb9c43962fc97f0e1085781cbe93519b25b483ff2e98439e4c7077ebbf582067a3e2d8756f4', 6, '92ded53e-e542-4345-aca2-9ed3f6e5ae42', 'Api Token', '[]', 0, '2021-03-30 11:09:51', '2021-03-30 11:09:51', '2021-04-14 07:09:51'),
('0d8b91993394430b57937edb7ac949bfcc421be681104dc1f733f5dd34868a49b0c94fc576954a3c', 6, '92ded53e-e542-4345-aca2-9ed3f6e5ae42', 'Api Token', '[]', 0, '2021-04-16 13:58:50', '2021-04-16 13:58:50', '2021-05-01 09:58:49'),
('0db9e1ae77e5b82757442ce7c281ff2eab68e4391d0090220b3d86782e9bad450666f69100c4c3c8', 6, '92ded53e-e542-4345-aca2-9ed3f6e5ae42', 'Api Token', '[]', 0, '2021-03-07 01:15:43', '2021-03-07 01:15:43', '2021-03-21 20:15:42'),
('0dfafe125817b02e00810234bef6eef0489bde9a1429811daa7713d6f4b8f3950ae33b4ebf7dd22c', 6, '92ded53e-e542-4345-aca2-9ed3f6e5ae42', 'Api Token', '[]', 0, '2021-03-26 13:17:47', '2021-03-26 13:17:47', '2021-04-10 09:17:47'),
('0e0c6e85bdfedf10a37cfa05e6824854e56d78c1b107a883ce9c6e63d909d34d2bc570630fa864a7', 6, '92ded53e-e542-4345-aca2-9ed3f6e5ae42', 'Api Token', '[]', 0, '2021-03-26 13:23:40', '2021-03-26 13:23:40', '2021-04-10 09:23:40'),
('0e452d7bd71d2246a027c4e5a53facb90b76cbb5db25adfeb788effbe6a85b90c487fdee89bf03bd', 6, '92ded53e-e542-4345-aca2-9ed3f6e5ae42', 'Api Token', '[]', 0, '2021-04-15 12:41:54', '2021-04-15 12:41:54', '2021-04-30 08:41:54'),
('0ea3116a3953a2b1c302a5cc10843d8f0567913c6cfe3c4afc9c2774892516df8f71246f78187ec6', 6, '92ded53e-e542-4345-aca2-9ed3f6e5ae42', 'Api Token', '[]', 0, '2021-04-14 15:23:00', '2021-04-14 15:23:00', '2021-04-29 11:23:00'),
('0ea33082de7797db17102b9140f5cc2f3e8d0d12bb482b5832bae8b60910fa956a93133f73d5e8b0', 6, '92ded53e-e542-4345-aca2-9ed3f6e5ae42', 'Api Token', '[]', 0, '2021-04-23 12:24:09', '2021-04-23 12:24:09', '2021-05-08 08:24:09'),
('0ef4ed8ecfca9cd7a7596f785ec1224bf268f75d702b69da242231d8780c308306a69b910fc35104', 6, '92ded53e-e542-4345-aca2-9ed3f6e5ae42', 'Api Token', '[]', 0, '2021-03-09 11:15:26', '2021-03-09 11:15:26', '2021-03-24 06:15:26'),
('0f0592526957fab6636fe9bc6c291a4ed8b0c5b1ddf5529114bb3696aad828644d91ab8644d57c68', 6, '92ded53e-e542-4345-aca2-9ed3f6e5ae42', 'Api Token', '[]', 0, '2021-04-16 14:46:17', '2021-04-16 14:46:17', '2021-05-01 10:46:17'),
('0f474d658b9d008403f535414e3fb021344079458ce429c9221ed82dfc1ac15c0b6b53713e6496c1', 6, '92ded53e-e542-4345-aca2-9ed3f6e5ae42', 'Api Token', '[]', 0, '2021-03-12 21:09:31', '2021-03-12 21:09:31', '2021-03-27 16:09:31'),
('0f4ad1f6e928bb54317157545db88252189e64df46ad40773c170aedb43f21c89b93167f2942a287', 6, '92ded53e-e542-4345-aca2-9ed3f6e5ae42', 'Api Token', '[]', 0, '2021-05-24 10:55:40', '2021-05-24 10:55:40', '2021-06-08 06:55:40'),
('0f570af4cf77c3dd8fbdf5e369cde86d6f4d68b23be760d43bce1c8a1db683222f553a5b5bd15abc', 6, '92ded53e-e542-4345-aca2-9ed3f6e5ae42', 'Api Token', '[]', 0, '2021-04-15 11:48:39', '2021-04-15 11:48:39', '2021-04-30 07:48:38'),
('0f96b948f04b17c758f756e2130f2b1c9ec44fcbb5ab2f715f303c1ddc501f23a9c1bf94201cdbb2', 6, '92ded53e-e542-4345-aca2-9ed3f6e5ae42', 'Api Token', '[]', 0, '2021-04-27 12:10:10', '2021-04-27 12:10:10', '2021-05-12 08:10:10'),
('0fb13199d65efca5066e3a71f341fabcc9555b8ae8ef968d876cc76ca4dcc697838243e2244f3863', 6, '92ded53e-e542-4345-aca2-9ed3f6e5ae42', 'Api Token', '[]', 0, '2021-03-17 15:37:35', '2021-03-17 15:37:35', '2021-04-01 11:37:34'),
('0fec13ca97cc64c35d0c202b298f9c6fc7fb81e1c361d71f67417a32ffd390844a0a2c30174af19f', 2, '92ded53e-e542-4345-aca2-9ed3f6e5ae42', 'Api Token', '[]', 0, '2021-06-21 14:55:25', '2021-06-21 14:55:25', '2021-07-06 10:55:25'),
('0ff851fb451b0a958304cfb1a8dc6d14a374f0ea66600fa127c43d55e03e7de23a6ca74399a6da28', 2, '92ded53e-e542-4345-aca2-9ed3f6e5ae42', 'Api Token', '[]', 0, '2021-06-21 13:54:38', '2021-06-21 13:54:38', '2021-07-06 09:54:38'),
('101c94c8592fd0cc9b0e12d4f66728c9aefcbbd713a6cb21db210ae6e17c78b8812d8e7fbd0beea2', 6, '92ded53e-e542-4345-aca2-9ed3f6e5ae42', 'Api Token', '[]', 0, '2021-04-16 11:54:48', '2021-04-16 11:54:48', '2021-05-01 07:54:48'),
('102c766767939dd12d6566384aed5cfa0ac5b837872f929ee98f2b0000ddf7ce4dc6b7be343c543a', 6, '92ded53e-e542-4345-aca2-9ed3f6e5ae42', 'Api Token', '[]', 0, '2021-03-29 16:03:05', '2021-03-29 16:03:05', '2021-04-13 12:03:05'),
('104bac4028cf67a0014b5da478156aa146b870ca8d6679fcd8ade997b0cf61eadb56320182f94b0a', 6, '92ded53e-e542-4345-aca2-9ed3f6e5ae42', 'Api Token', '[]', 0, '2021-03-17 14:47:33', '2021-03-17 14:47:33', '2021-04-01 10:47:33'),
('10b54849a6a3fa0d5336822390afa9d05ae5a72a239f504f79088c392d0fc9f4802a5935f13b76e1', 6, '92ded53e-e542-4345-aca2-9ed3f6e5ae42', 'Api Token', '[]', 0, '2021-04-26 13:26:30', '2021-04-26 13:26:30', '2021-05-11 09:26:30'),
('10caef93f677b2301ec289f9672ea27dd790f55ffb445a0dbb635494652097ec457db1387dd877d0', 6, '92ded53e-e542-4345-aca2-9ed3f6e5ae42', 'Api Token', '[]', 0, '2021-04-22 14:41:12', '2021-04-22 14:41:12', '2021-05-07 10:41:12'),
('1161973607dcb4b91e0c2cb4414e29a0ab4c4daf70adf5f597bdd393193509d9cefab9979f8f5dee', 6, '92ded53e-e542-4345-aca2-9ed3f6e5ae42', 'Api Token', '[]', 0, '2021-03-11 16:12:14', '2021-03-11 16:12:14', '2021-03-26 11:12:13'),
('1172c4dc95752f01386f0daba5d9659217236f7d430fa0813b431f559b20895aa979caab4061456a', 6, '92ded53e-e542-4345-aca2-9ed3f6e5ae42', 'Api Token', '[]', 0, '2021-03-12 12:42:40', '2021-03-12 12:42:40', '2021-03-27 07:42:40'),
('11d7fce5f62e22d264494ec10d9fb5ec49a174fe8becd6c8adc5915a1e93cc814b5b875195b26d69', 6, '92ded53e-e542-4345-aca2-9ed3f6e5ae42', 'Api Token', '[]', 0, '2021-03-31 14:17:57', '2021-03-31 14:17:57', '2021-04-15 10:17:57'),
('11fa622a370bb26fd653833e543967bb3a905874537614abc742be7e28b3e909ad3d34e82c5bc680', 2, '92ded53e-e542-4345-aca2-9ed3f6e5ae42', 'Api Token', '[]', 0, '2021-06-18 10:18:44', '2021-06-18 10:18:44', '2021-07-03 06:18:44'),
('12255b15f8a9bd11a4ee97a07f5d4996e37e81a1ca203cc7768f4934bea89e85577cab15f3b31d4a', 6, '92ded53e-e542-4345-aca2-9ed3f6e5ae42', 'Api Token', '[]', 0, '2021-03-13 16:22:20', '2021-03-13 16:22:20', '2021-03-28 11:22:20'),
('123f80f443ac4578f8d22d1cd647287c866e06513bd297a7bbcb9934ed09050f6a782eb988fdf6c1', 6, '92ded53e-e542-4345-aca2-9ed3f6e5ae42', 'Api Token', '[]', 0, '2021-03-08 20:07:01', '2021-03-08 20:07:01', '2021-03-23 15:07:00'),
('1269cbb7771d76f882be99df427d4946a8178329ef0cb5b61e8f3aca9e9628981f3e9f2f52ea5d90', 6, '92ded53e-e542-4345-aca2-9ed3f6e5ae42', 'Api Token', '[]', 0, '2021-03-08 19:21:33', '2021-03-08 19:21:33', '2021-03-23 14:21:33'),
('12997a3737d2357d772a8e30e849cb228fd90734fcf9a7c3936f3d5567e2148254838d4cb632db78', 6, '92ded53e-e542-4345-aca2-9ed3f6e5ae42', 'Api Token', '[]', 0, '2021-04-06 17:42:59', '2021-04-06 17:42:59', '2021-04-21 13:42:59'),
('12c8826c1f6c2e6cd8d8dc88343b43c621cf40401220e3b1cdc78f28e06881d7fdb89a235795f640', 6, '92ded53e-e542-4345-aca2-9ed3f6e5ae42', 'Api Token', '[]', 0, '2021-03-12 16:11:04', '2021-03-12 16:11:04', '2021-03-27 11:11:04'),
('12d33ed3d93ef7f74c233080e6f7bdb73906dd46903cb577e8fd485018a5c46159ad022763920a3f', 6, '92ded53e-e542-4345-aca2-9ed3f6e5ae42', 'Api Token', '[]', 0, '2021-04-01 09:28:14', '2021-04-01 09:28:14', '2021-04-16 05:28:14'),
('1322c4c60236480446fab7fe9cecd116f70940fb5175adf93a90a2373d4fe64ac24f4c7cbc74f0c3', 6, '92ded53e-e542-4345-aca2-9ed3f6e5ae42', 'Api Token', '[]', 0, '2021-04-23 10:57:43', '2021-04-23 10:57:43', '2021-05-08 06:57:43'),
('13342836ccf5eece2a8648cbe72b77ae9d6a124ec7ffb3767ee307bacded26aa89cf437c475445d2', 6, '92ded53e-e542-4345-aca2-9ed3f6e5ae42', 'Api Token', '[]', 0, '2021-04-27 15:46:42', '2021-04-27 15:46:42', '2021-05-12 11:46:42'),
('137efb487496fb10d9dea93d13d2c80118ed56d3d8f65194d4ff83a771a5c652c8da98e42686f13d', 6, '92ded53e-e542-4345-aca2-9ed3f6e5ae42', 'Api Token', '[]', 0, '2021-04-16 11:44:55', '2021-04-16 11:44:55', '2021-05-01 07:44:55'),
('13d5c8b568e117b6b0ad12e91b41c5523693985a419088f2402af122b34244054fdb04397ebab078', 6, '92ded53e-e542-4345-aca2-9ed3f6e5ae42', 'Api Token', '[]', 0, '2021-03-08 13:28:45', '2021-03-08 13:28:45', '2021-03-23 08:28:44'),
('145fceacb57df1446e8a6ba994b75c74bf2d1a4ae72a25487eb8ea8bec845bb2eb5fd3614aa79b75', 2, '92ded53e-e542-4345-aca2-9ed3f6e5ae42', 'Api Token', '[]', 0, '2021-06-21 13:59:20', '2021-06-21 13:59:20', '2021-07-06 09:59:20'),
('14952eb51c87d439b99bab3f50c9ff496d35cd44992254012189a1b1f1f79089b150f148f85e4816', 6, '92ded53e-e542-4345-aca2-9ed3f6e5ae42', 'Api Token', '[]', 0, '2021-03-11 21:22:53', '2021-03-11 21:22:53', '2021-03-26 16:22:53'),
('14b814f297e8627a1c705cdceb2fafa41d5b963a2b45a357526b7d10693d26a1ee1c11b9c732548d', 6, '92ded53e-e542-4345-aca2-9ed3f6e5ae42', 'Api Token', '[]', 0, '2021-04-16 10:14:06', '2021-04-16 10:14:06', '2021-05-01 06:14:06'),
('15153ad1800a01b9bab9e776a388e18f8f60b5e0339be6eff91bd11e1e5046bfb9fcf767e86f8236', 6, '92ded53e-e542-4345-aca2-9ed3f6e5ae42', 'Api Token', '[]', 0, '2021-03-12 19:11:09', '2021-03-12 19:11:09', '2021-03-27 14:11:09'),
('1519de91fc903b7bb13ec57c4cc795a889069b8a4f72f3109d8b1f49cb49982c74600d6a3c9ef5c8', 6, '92ded53e-e542-4345-aca2-9ed3f6e5ae42', 'Api Token', '[]', 1, '2021-05-17 10:13:58', '2021-05-17 10:13:58', '2021-06-01 06:13:58'),
('1595db6668efd8e35011c5ee7aaf4dad50f6fa244cf182a1a67e20278141b93d28c4d320640e31bc', 6, '92ded53e-e542-4345-aca2-9ed3f6e5ae42', 'Api Token', '[]', 0, '2021-03-29 16:02:07', '2021-03-29 16:02:07', '2021-04-13 12:02:07'),
('15980858837c90f28d2dbd3c6b4824632b332f41f58d0fca9c99b52f02e016c1bff4fb6d7b1acb71', 2, '92ded53e-e542-4345-aca2-9ed3f6e5ae42', 'Api Token', '[]', 0, '2021-06-23 12:13:20', '2021-06-23 12:13:20', '2021-07-08 08:13:20'),
('15d59c0845b2aa5bd351e6fb46a3dd720b004e5fd2cc7a6787d0a314f339fd689ad6b10fc51e7928', 6, '92ded53e-e542-4345-aca2-9ed3f6e5ae42', 'Api Token', '[]', 0, '2021-03-12 21:10:02', '2021-03-12 21:10:02', '2021-03-27 16:10:02'),
('16033e27f91bce4ec248cf4c26cb455b956212f4b2eeb376712b3e8ebf1cfcd065152ac792de2645', 6, '92ded53e-e542-4345-aca2-9ed3f6e5ae42', 'Api Token', '[]', 0, '2021-04-26 12:19:16', '2021-04-26 12:19:16', '2021-05-11 08:19:16'),
('163a46eb7c24bbea039df16e453b7adf3ef2c614495c5e0ec8dd625ad33dbda22b7010794820df33', 6, '92ded53e-e542-4345-aca2-9ed3f6e5ae42', 'Api Token', '[]', 0, '2021-03-09 17:32:16', '2021-03-09 17:32:16', '2021-03-24 12:32:16'),
('169da7e931ed25711813ff7965607439493665e37e2cd9687c0e2811f4ee16baf6c9edebce1213ee', 6, '92ded53e-e542-4345-aca2-9ed3f6e5ae42', 'Api Token', '[]', 0, '2021-03-17 19:06:04', '2021-03-17 19:06:04', '2021-04-01 15:06:04'),
('16cb3741aac1055df0dd296c42563ca46169cec81223bdd1850fb3d72582a3d66d5e313e5e2f159c', 6, '92ded53e-e542-4345-aca2-9ed3f6e5ae42', 'Api Token', '[]', 0, '2021-04-01 09:25:45', '2021-04-01 09:25:45', '2021-04-16 05:25:45'),
('171771fcf4d1ada62f1aed3f3368f9181a91f8f374a4a7bf08adfadb89b9819232eb380a1a452b74', 6, '92ded53e-e542-4345-aca2-9ed3f6e5ae42', 'Api Token', '[]', 0, '2021-04-23 12:02:05', '2021-04-23 12:02:05', '2021-05-08 08:02:05'),
('17369e3362019e8b7e79726f442534fbcb41abfe62bf0043a55dc0f3c7fd2c7b40c6d581d78e299d', 6, '92ded53e-e542-4345-aca2-9ed3f6e5ae42', 'Api Token', '[]', 0, '2021-03-10 15:47:42', '2021-03-10 15:47:42', '2021-03-25 10:47:42'),
('173adf8521a3aa44111c90e34b160f8de823d34f7560f2ef544ed6b50dd95d5c62fe148295cd08c7', 6, '92ded53e-e542-4345-aca2-9ed3f6e5ae42', 'Api Token', '[]', 0, '2021-03-29 15:57:36', '2021-03-29 15:57:36', '2021-04-13 11:57:36'),
('174b9835e8553e259de9214973c85bb75a646adc33d7e288ddb770b6e7dd04d5764f572f5619c1e3', 6, '92ded53e-e542-4345-aca2-9ed3f6e5ae42', 'Api Token', '[]', 0, '2021-04-28 13:40:43', '2021-04-28 13:40:43', '2021-05-13 09:40:42'),
('18070b3bdc12dc811d47eb55932be89f903a1582553841fc6f2ef79ccc02dbc016b5f6ea18fae87c', 6, '92ded53e-e542-4345-aca2-9ed3f6e5ae42', 'Api Token', '[]', 0, '2021-03-26 13:24:21', '2021-03-26 13:24:21', '2021-04-10 09:24:21'),
('180d66bbaa82e0007b78296c6701d547b63abe790d4d681a43d6e689f5327ace9c806c1a19572cc0', 6, '92ded53e-e542-4345-aca2-9ed3f6e5ae42', 'Api Token', '[]', 0, '2021-03-29 15:27:12', '2021-03-29 15:27:12', '2021-04-13 11:27:12'),
('18131d7dc938eb8e4548a7f35642fc590181e351efc7858f42a79a830bbd57cf7b2fc1fd79bd72ba', 6, '92ded53e-e542-4345-aca2-9ed3f6e5ae42', 'Api Token', '[]', 0, '2021-03-30 10:03:59', '2021-03-30 10:03:59', '2021-04-14 06:03:59'),
('1844377da8bc3c57da87100634b55a04e336f3364667fd5f8c40da8fc9bd03d1329fdc5d8cb9b463', 6, '92ded53e-e542-4345-aca2-9ed3f6e5ae42', 'Api Token', '[]', 0, '2021-03-26 13:17:28', '2021-03-26 13:17:28', '2021-04-10 09:17:28'),
('18655e419617d4cac1af2a8750188d79e748e7fa753afc46b7598324ed985334226bceb1db455039', 6, '92ded53e-e542-4345-aca2-9ed3f6e5ae42', 'Api Token', '[]', 0, '2021-03-09 14:44:41', '2021-03-09 14:44:41', '2021-03-24 09:44:41'),
('191598b10ce6163aed62a0ea167105fce4c19f736855c6eff53ee37d0f9de4272ef435851b9b63a8', 6, '92ded53e-e542-4345-aca2-9ed3f6e5ae42', 'Api Token', '[]', 0, '2021-04-16 11:27:20', '2021-04-16 11:27:20', '2021-05-01 07:27:19'),
('1941b7725001a7e5e2a70bc4ede493e0cfca12e146688f9628ef13e403033f80b8c76100e6c7e0f5', 6, '92ded53e-e542-4345-aca2-9ed3f6e5ae42', 'Api Token', '[]', 0, '2021-04-16 11:10:53', '2021-04-16 11:10:53', '2021-05-01 07:10:53'),
('198e1429eaf2e6e19f1bc83be8dcd4c05f0ad8649ad4bc7d2d3ce1c5b242f69e53525353b9897794', 6, '92ded53e-e542-4345-aca2-9ed3f6e5ae42', 'Api Token', '[]', 0, '2021-04-16 10:42:31', '2021-04-16 10:42:31', '2021-05-01 06:42:31'),
('19b2f4a714101cc4f50ddb1d0663ebb373d8d316a5049e93c48844d4f03600bb44463245201b3175', 6, '92ded53e-e542-4345-aca2-9ed3f6e5ae42', 'Api Token', '[]', 0, '2021-03-10 15:51:18', '2021-03-10 15:51:18', '2021-03-25 10:51:18'),
('19b5191399c64935d0da00d57010f1ee4cefe9385d19d8bf5fdda0d54d56df53fd60950d756c3d0a', 6, '92ded53e-e542-4345-aca2-9ed3f6e5ae42', 'Api Token', '[]', 0, '2021-03-31 14:12:54', '2021-03-31 14:12:54', '2021-04-15 10:12:54'),
('19e314dda79b56b2c64e2d4753c2dca738867c74cec2c61ce0d2352a805e8d4b1c94f24da8953bc2', 6, '92ded53e-e542-4345-aca2-9ed3f6e5ae42', 'Api Token', '[]', 0, '2021-04-15 13:29:13', '2021-04-15 13:29:13', '2021-04-30 09:29:13'),
('1a152878181d02b65e9694c16ca12720b3c9180e45b84ce25e768d41fd05a13ed8973d7ede8fa3dc', 6, '92ded53e-e542-4345-aca2-9ed3f6e5ae42', 'Api Token', '[]', 0, '2021-03-05 16:36:04', '2021-03-05 16:36:04', '2021-03-20 11:36:04'),
('1a2690fc918db7f26a51fdc711edf0349dc0266a05d31c8ca06aee1c81034f051caa287921dff0b5', 6, '92ded53e-e542-4345-aca2-9ed3f6e5ae42', 'Api Token', '[]', 0, '2021-03-30 09:58:07', '2021-03-30 09:58:07', '2021-04-14 05:58:07'),
('1a3954727448b7ec896be2daf11ee0e5697c82cd9e517ed90fcddef3c0a18dba694b48ee31d45de1', 6, '92ded53e-e542-4345-aca2-9ed3f6e5ae42', 'Api Token', '[]', 0, '2021-03-22 18:45:42', '2021-03-22 18:45:42', '2021-04-06 14:45:42'),
('1a4ca5557f6e793e06f0708a4c2c6a9d0afc4a3fc7bb3dc076c76086a6fb4dad7dfe0ba00fc2e4f2', 6, '92ded53e-e542-4345-aca2-9ed3f6e5ae42', 'Api Token', '[]', 0, '2021-03-29 16:11:43', '2021-03-29 16:11:43', '2021-04-13 12:11:43'),
('1a6ec18aa680c402e873589b8139d9a9c3b035408362b6ed7faa0d5bb87aecac0e4949348b692fe8', 6, '92ded53e-e542-4345-aca2-9ed3f6e5ae42', 'Api Token', '[]', 0, '2021-04-28 13:42:14', '2021-04-28 13:42:14', '2021-05-13 09:42:14'),
('1a8019d523f314a6fb2ab06265025454af53c70420417803d90ba8318f2c3c9970b398e5bef123c2', 2, '92ded53e-e542-4345-aca2-9ed3f6e5ae42', 'Api Token', '[]', 0, '2021-06-21 11:00:52', '2021-06-21 11:00:52', '2021-07-06 07:00:52'),
('1a8b3ea3724ceeb362f17428837e52c6f56a3beb10c1266bdb73aa34d0b0c47b3205c6799afaf342', 6, '92ded53e-e542-4345-aca2-9ed3f6e5ae42', 'Api Token', '[]', 0, '2021-03-12 12:24:22', '2021-03-12 12:24:22', '2021-03-27 07:24:22'),
('1acc52b9ca690a504bf0fb49458101473e1325bea9cfd33142c8949b644a32703d1be0964f720afa', 6, '92ded53e-e542-4345-aca2-9ed3f6e5ae42', 'Api Token', '[]', 0, '2021-04-27 13:46:35', '2021-04-27 13:46:35', '2021-05-12 09:46:35'),
('1adb62d7d2f98f208d0642df76123a4d225edff8422e7ec424871a6771a7ed89542034c501981e9b', 2, '92ded53e-e542-4345-aca2-9ed3f6e5ae42', 'Api Token', '[]', 0, '2021-06-22 16:59:44', '2021-06-22 16:59:44', '2021-07-07 12:59:44'),
('1ae50f05114f16dbdb5932f4507136fe9a122e5c35f90923c23d285e88e05b8cef218cab7e18ecd3', 6, '92ded53e-e542-4345-aca2-9ed3f6e5ae42', 'Api Token', '[]', 0, '2021-04-22 14:49:51', '2021-04-22 14:49:51', '2021-05-07 10:49:51'),
('1af79f917a574328c4394bf7d81aef661d89d02313ff86218c438e4e54a17c1e94b289dda82092df', 6, '92ded53e-e542-4345-aca2-9ed3f6e5ae42', 'Api Token', '[]', 0, '2021-04-26 12:29:14', '2021-04-26 12:29:14', '2021-05-11 08:29:14'),
('1b10f42e0289f1243eb3eac3fb95bd66efe93bf12bce2ae41e4416ba919d39674be2865060f00e2c', 6, '92ded53e-e542-4345-aca2-9ed3f6e5ae42', 'Api Token', '[]', 0, '2021-03-12 12:43:36', '2021-03-12 12:43:36', '2021-03-27 07:43:36'),
('1b1bcc4e9e219a4f078c183b3250e997d44d05f486ef86558377dbe407fbe14f3893c353771a3e6a', 6, '92ded53e-e542-4345-aca2-9ed3f6e5ae42', 'Api Token', '[]', 0, '2021-03-26 13:11:09', '2021-03-26 13:11:09', '2021-04-10 09:11:09'),
('1b2e416fb34219c5de4bbe5b5b1866a110bebfdcd40fcbc432c5e70d071e92c5a0177df1ea94d042', 6, '92ded53e-e542-4345-aca2-9ed3f6e5ae42', 'Api Token', '[]', 0, '2021-04-27 12:10:43', '2021-04-27 12:10:43', '2021-05-12 08:10:43'),
('1b4e2097a9dc70435ab92a01c38e5bd645345f37daa174e3b6edc7609aaa255760deb194e61ba213', 6, '92ded53e-e542-4345-aca2-9ed3f6e5ae42', 'Api Token', '[]', 0, '2021-04-27 12:13:51', '2021-04-27 12:13:51', '2021-05-12 08:13:51'),
('1b8c3f131f99e52bec84b64840aa126fc9c902ac21d446cc90be274a84052a7ce802d3cca800e7e4', 6, '92ded53e-e542-4345-aca2-9ed3f6e5ae42', 'Api Token', '[]', 0, '2021-03-16 11:09:27', '2021-03-16 11:09:27', '2021-03-31 07:09:27'),
('1b9cd1343f9e6c46463eca01393a20d2f96d84f3edd22a099acdf7a66d0ecd2af46f533bbf0f64d7', 6, '92ded53e-e542-4345-aca2-9ed3f6e5ae42', 'Api Token', '[]', 0, '2021-03-13 16:42:36', '2021-03-13 16:42:36', '2021-03-28 11:42:35'),
('1bce998936f769bec242eb7aa7b4024b89a2ae0975b2c5a303569e0b5c1e9c8e15424999ccf4a38c', 6, '92ded53e-e542-4345-aca2-9ed3f6e5ae42', 'Api Token', '[]', 0, '2021-04-16 13:09:25', '2021-04-16 13:09:25', '2021-05-01 09:09:24'),
('1be0a4023c53f48d8ef00a10a09354d83839d3889c8bf46ec30c86eb4576429e59a3d2c97ae7f23b', 6, '92ded53e-e542-4345-aca2-9ed3f6e5ae42', 'Api Token', '[]', 0, '2021-03-11 11:17:54', '2021-03-11 11:17:54', '2021-03-26 06:17:54'),
('1c38d22c0031ed9394c6b953ca48b6780ac4a1ec83cd481bbd11297b99137e0786a325cadc6e4f37', 6, '92ded53e-e542-4345-aca2-9ed3f6e5ae42', 'Api Token', '[]', 0, '2021-03-12 12:34:15', '2021-03-12 12:34:15', '2021-03-27 07:34:15'),
('1c44c88e0b13f02638459646fca743e838e64d9e93bf4064d19cd63d88f0dcab7429f79245d353ef', 6, '92ded53e-e542-4345-aca2-9ed3f6e5ae42', 'Api Token', '[]', 0, '2021-04-23 10:59:25', '2021-04-23 10:59:25', '2021-05-08 06:59:25'),
('1cb929e499d170101a4159c3fe8cb94a9932e808663081f985d305b32e2cdd3d7f5bf8f5182142eb', 6, '92ded53e-e542-4345-aca2-9ed3f6e5ae42', 'Api Token', '[]', 0, '2021-03-08 15:10:29', '2021-03-08 15:10:29', '2021-03-23 10:10:29'),
('1d22c0c298e92366bb6aa8ffe3f4ca6a7fa14a6d49e62e4e425abcfdd8a4c0230835972b46afb8a7', 6, '92ded53e-e542-4345-aca2-9ed3f6e5ae42', 'Api Token', '[]', 0, '2021-04-14 13:16:18', '2021-04-14 13:16:18', '2021-04-29 09:16:18'),
('1d2705fd7610aef7c76aa1a595e450e03d29056bf0a0e7ed4f6b27d636d4cc6af34021796d284c74', 6, '92ded53e-e542-4345-aca2-9ed3f6e5ae42', 'Api Token', '[]', 0, '2021-03-12 16:12:02', '2021-03-12 16:12:02', '2021-03-27 11:12:02'),
('1d6fe1a8f96377391850a39a9961419ae2f03c3c43ab48dee3c914e3334895a0476b08fb7acf3116', 2, '92ded53e-e542-4345-aca2-9ed3f6e5ae42', 'Api Token', '[]', 0, '2021-06-18 15:07:38', '2021-06-18 15:07:38', '2021-07-03 11:07:37'),
('1db09c05d0ee0016dc21d5d352192d65c5ffb47f7db081d3577006dee4e7853aba5278db8950aab9', 2, '92ded53e-e542-4345-aca2-9ed3f6e5ae42', 'Api Token', '[]', 0, '2021-06-23 12:09:09', '2021-06-23 12:09:09', '2021-07-08 08:09:08'),
('1db21d39f57e7edcb6e9415c5b690c4f10aac7c38bf3c22838bcd1be09c3c0f79c5e0a4c0342dedd', 6, '92ded53e-e542-4345-aca2-9ed3f6e5ae42', 'Api Token', '[]', 0, '2021-04-06 17:21:00', '2021-04-06 17:21:00', '2021-04-21 13:20:59'),
('1dc28b231e03c0d4467a3d1aa065e63411005e654524ae720bd5d0d8d1354181e4429a0c76427ee4', 6, '92ded53e-e542-4345-aca2-9ed3f6e5ae42', 'Api Token', '[]', 0, '2021-03-26 13:25:55', '2021-03-26 13:25:55', '2021-04-10 09:25:55'),
('1dd194ff73be10d522fa7c8737374296ff1d256dccd15ed047a31eb37ab24b301469368f7c2f1d71', 6, '92ded53e-e542-4345-aca2-9ed3f6e5ae42', 'Api Token', '[]', 0, '2021-03-09 12:59:30', '2021-03-09 12:59:30', '2021-03-24 07:59:30'),
('1e3254a7374ba7d4866319ba7d813e665263823a69d667a71a816d95ec670dd7684b97141e112bac', 6, '92ded53e-e542-4345-aca2-9ed3f6e5ae42', 'Api Token', '[]', 0, '2021-03-26 13:27:18', '2021-03-26 13:27:18', '2021-04-10 09:27:17'),
('1e4966d3bb6c994f6900f956d371740a3177fb6db3a7b04658435be397f099b980664dbdc27f274a', 6, '92ded53e-e542-4345-aca2-9ed3f6e5ae42', 'Api Token', '[]', 0, '2021-03-05 16:34:24', '2021-03-05 16:34:24', '2021-03-20 11:34:24'),
('1e615a6c64fd0eff3878e20b2a895784163f138db3f400d9d3f87f14b2bae68c4f0f7cea91bb845b', 6, '92ded53e-e542-4345-aca2-9ed3f6e5ae42', 'Api Token', '[]', 0, '2021-04-23 13:27:40', '2021-04-23 13:27:40', '2021-05-08 09:27:40'),
('1e77be9370f5c8f55702836c6ce4752b6022d3f391c585110591fddaec9d90aa5ab9949ceb181904', 6, '92ded53e-e542-4345-aca2-9ed3f6e5ae42', 'Api Token', '[]', 0, '2021-03-12 14:22:54', '2021-03-12 14:22:54', '2021-03-27 09:22:53'),
('1f2cdad1afec82dffe407e930dd7a377d71a7b98e4a166955859aa14f3a505c1f27885e99784e578', 6, '92ded53e-e542-4345-aca2-9ed3f6e5ae42', 'Api Token', '[]', 0, '2021-04-22 11:59:02', '2021-04-22 11:59:02', '2021-05-07 07:59:01'),
('1f76a23f6672965ce290ab29e051a7013acfb980e8d48cac1616ba8595c08c83eba42ae181e0562a', 6, '92ded53e-e542-4345-aca2-9ed3f6e5ae42', 'Api Token', '[]', 0, '2021-04-15 11:29:50', '2021-04-15 11:29:50', '2021-04-30 07:29:50'),
('1f85c004b34625c9fa6d094fc4173576b4359fec6f9607b46311aa350cefd6a198b0115b08c2318c', 2, '92ded53e-e542-4345-aca2-9ed3f6e5ae42', 'Api Token', '[]', 0, '2021-06-21 14:01:23', '2021-06-21 14:01:23', '2021-07-06 10:01:23'),
('1f8bf5eed3000352deda86a19c0be40cb55845a203a586862b55136eff15c83b7dc6ac5d24c629db', 6, '92ded53e-e542-4345-aca2-9ed3f6e5ae42', 'Api Token', '[]', 0, '2021-04-01 09:26:02', '2021-04-01 09:26:02', '2021-04-16 05:26:02'),
('20414b145ec5309d11c7a86f556424eae99781aaa897f4a312eb7fd015a30e8c47790ed45b402860', 6, '92ded53e-e542-4345-aca2-9ed3f6e5ae42', 'Api Token', '[]', 0, '2021-04-20 10:52:34', '2021-04-20 10:52:34', '2021-05-05 06:52:33'),
('209688264115acdee11bc06dc47f766854c32fc82722689051d4291f7bc094d285365b20fd14666b', 6, '92ded53e-e542-4345-aca2-9ed3f6e5ae42', 'Api Token', '[]', 0, '2021-03-10 17:37:51', '2021-03-10 17:37:51', '2021-03-25 12:37:51'),
('20f6dacf5dbd8ce1aaf145dbe03deef9f3e8fb41365fdeaacbac01d0f975e83b0e5cfa141383e5c8', 6, '92ded53e-e542-4345-aca2-9ed3f6e5ae42', 'Api Token', '[]', 0, '2021-04-22 13:03:33', '2021-04-22 13:03:33', '2021-05-07 09:03:32'),
('216fde2780d0cbb5800631f6e23ecc2b846f721e73b76715873b2981935dab04af55b30a87383f6c', 6, '92ded53e-e542-4345-aca2-9ed3f6e5ae42', 'Api Token', '[]', 0, '2021-03-31 14:38:18', '2021-03-31 14:38:18', '2021-04-15 10:38:18'),
('21d46424a4b15caef129e0d725ca152429dc8c6398a163fbf2e5bba79527e6723ad9d647c483fdcc', 6, '92ded53e-e542-4345-aca2-9ed3f6e5ae42', 'Api Token', '[]', 0, '2021-03-26 13:35:10', '2021-03-26 13:35:10', '2021-04-10 09:35:10'),
('21ded8735271e811030692bae9416534f11b29a14715ea0bff8f875ce30f0f59c1d3b53f58d72529', 6, '92ded53e-e542-4345-aca2-9ed3f6e5ae42', 'Api Token', '[]', 0, '2021-04-23 14:00:50', '2021-04-23 14:00:50', '2021-05-08 10:00:50'),
('221317e6e894e71c0131d4ec180a7c375f873d82a4e2baf5e5fe3db793e116291e5ae960fdd3d1b6', 6, '92ded53e-e542-4345-aca2-9ed3f6e5ae42', 'Api Token', '[]', 0, '2021-03-09 16:21:43', '2021-03-09 16:21:43', '2021-03-24 11:21:43'),
('22143a14c34b0752ad805d9f29da338c4c3aef64c6e577c9394b642b67a8f2433fc6a23d837f8e9a', 6, '92ded53e-e542-4345-aca2-9ed3f6e5ae42', 'Api Token', '[]', 0, '2021-04-27 11:59:58', '2021-04-27 11:59:58', '2021-05-12 07:59:58'),
('225df31f682f4367fe4a61c96be693b8ee556cbd3410b1be5f216cb4690c538f07c47708b372b9a4', 6, '92ded53e-e542-4345-aca2-9ed3f6e5ae42', 'Api Token', '[]', 0, '2021-03-11 21:13:38', '2021-03-11 21:13:38', '2021-03-26 16:13:38'),
('228472845cd2992e26be0b50bf55865699ae0778f3d9d6a730e2976b33eca45f1626f11d19e1eeb7', 6, '92ded53e-e542-4345-aca2-9ed3f6e5ae42', 'Api Token', '[]', 0, '2021-03-08 15:06:47', '2021-03-08 15:06:47', '2021-03-23 10:06:47'),
('2298f57701e35e4d60b9241d2deec9efdb2b5a3f4708a4aff19406f5fc000207a8972d653a10ce78', 6, '92ded53e-e542-4345-aca2-9ed3f6e5ae42', 'Api Token', '[]', 0, '2021-04-06 19:10:55', '2021-04-06 19:10:55', '2021-04-21 15:10:55'),
('22b4c7c4c68fe5cbb1b9504f3e1a0039dd81026304882d27c1b4a5787eec8b8aeae9c3632fb43d4c', 6, '92ded53e-e542-4345-aca2-9ed3f6e5ae42', 'Api Token', '[]', 0, '2021-03-26 13:07:15', '2021-03-26 13:07:15', '2021-04-10 09:07:15'),
('22c57f98c8c2e621fee800499d5e054d8f341e0bee265d7bdf88d2d5bb8efe867b322873475ca01f', 6, '92ded53e-e542-4345-aca2-9ed3f6e5ae42', 'Api Token', '[]', 0, '2021-04-15 10:30:58', '2021-04-15 10:30:58', '2021-04-30 06:30:58'),
('23c6c9be8206a2460e62842aafcd177bbf954cae796becb36304e45ae4c02259885d8afdb433c921', 6, '92ded53e-e542-4345-aca2-9ed3f6e5ae42', 'Api Token', '[]', 0, '2021-04-23 10:06:06', '2021-04-23 10:06:06', '2021-05-08 06:06:06'),
('23d7140f078779f1812313381168f7d93566bbf8523580ef9a9e4dfb0dd71bfd68c9d099aba5a8d2', 6, '92ded53e-e542-4345-aca2-9ed3f6e5ae42', 'Api Token', '[]', 0, '2021-04-23 11:43:26', '2021-04-23 11:43:26', '2021-05-08 07:43:26'),
('23e81cc35bba997e3f163bfd1a569e063b4ab537f1bfcc1359c0aa57067133559a3591bb04b7c160', 6, '92ded53e-e542-4345-aca2-9ed3f6e5ae42', 'Api Token', '[]', 0, '2021-04-15 10:50:29', '2021-04-15 10:50:29', '2021-04-30 06:50:28'),
('240c06847cac9a2f6c9e1a57b40997db202fbbcbdd3475f01d433e029567d1a905b3904c9b804fda', 6, '92ded53e-e542-4345-aca2-9ed3f6e5ae42', 'Api Token', '[]', 0, '2021-04-23 11:40:34', '2021-04-23 11:40:34', '2021-05-08 07:40:34'),
('242c5b5bace4ffc4fc12fa5902b5db7a10d833b35925a04ff5ac1f0349cfd112cebc63a2975c840e', 6, '92ded53e-e542-4345-aca2-9ed3f6e5ae42', 'Api Token', '[]', 0, '2021-04-23 11:18:57', '2021-04-23 11:18:57', '2021-05-08 07:18:57'),
('242cebaeda56f79b66206979c26651e4f61a852fc9dff3ec3236e06c33606dc9388caf84321e8247', 6, '92ded53e-e542-4345-aca2-9ed3f6e5ae42', 'Api Token', '[]', 0, '2021-04-15 12:16:57', '2021-04-15 12:16:57', '2021-04-30 08:16:56'),
('2437b830590a5a3365069b3ad20264a0b44de96464d48ac8d5ef0f0c5b944f3fdc30d07ab6f52a13', 6, '92ded53e-e542-4345-aca2-9ed3f6e5ae42', 'Api Token', '[]', 0, '2021-04-16 10:13:01', '2021-04-16 10:13:01', '2021-05-01 06:13:01'),
('243dc415f8e1dc5a2b7a530f60cc1f95b4b610528c527d8acc9bf9f1c46767af63c072244df5ac97', 6, '92ded53e-e542-4345-aca2-9ed3f6e5ae42', 'Api Token', '[]', 0, '2021-03-09 12:40:38', '2021-03-09 12:40:38', '2021-03-24 07:40:38'),
('247c2eb12b0e0cd2fc5b7e0ace96fbc09b41bfc2b69718eeb5560b6e6860f2ce75031de1c7ca85c4', 6, '92ded53e-e542-4345-aca2-9ed3f6e5ae42', 'Api Token', '[]', 0, '2021-03-10 13:34:17', '2021-03-10 13:34:17', '2021-03-25 08:34:17'),
('24cc6a29202c36a5d97800fbbacec1210a5829931298a61635f1370aabd4c22df3c7f0b6f632863d', 6, '92ded53e-e542-4345-aca2-9ed3f6e5ae42', 'Api Token', '[]', 0, '2021-03-08 13:35:45', '2021-03-08 13:35:45', '2021-03-23 08:35:45'),
('24cde5fb34f57820591084e4e71dec90aa1f0d36dff09a8f645ff12012c3011c7a4ccddfd166f487', 6, '92ded53e-e542-4345-aca2-9ed3f6e5ae42', 'Api Token', '[]', 0, '2021-04-23 10:09:08', '2021-04-23 10:09:08', '2021-05-08 06:09:08'),
('25511f32d05077b2c039a979e3411952c07f05a7f36f27543695b36da835526f26474d78f240f74a', 6, '92ded53e-e542-4345-aca2-9ed3f6e5ae42', 'Api Token', '[]', 0, '2021-03-22 18:21:24', '2021-03-22 18:21:24', '2021-04-06 14:21:24'),
('25aac6deccb97286eafb5dc2d96247bec3f41ef3d2f0a91e3ed43810bbb22b05c245db5f4ab1c4ec', 6, '92ded53e-e542-4345-aca2-9ed3f6e5ae42', 'Api Token', '[]', 0, '2021-04-22 14:35:05', '2021-04-22 14:35:05', '2021-05-07 10:35:05'),
('25d4b12cb3e599117c438aa355457c4bd006fa3e2a75521bea764341b6947fd3fbd7c0b240e9c3e8', 6, '92ded53e-e542-4345-aca2-9ed3f6e5ae42', 'Api Token', '[]', 0, '2021-04-16 11:11:52', '2021-04-16 11:11:52', '2021-05-01 07:11:52'),
('25e1a569707719fe5c79ca8e08742f82146d6e61f6a66b23a670e30c0806e08bc7ed1a916d172733', 6, '92ded53e-e542-4345-aca2-9ed3f6e5ae42', 'Api Token', '[]', 0, '2021-03-30 10:02:28', '2021-03-30 10:02:28', '2021-04-14 06:02:28'),
('25f2e6036bda7e50b3470fa6bb42f57cd9333532e5869c90c64f5c209c9a3c0b9ec162c6cfbba4f6', 6, '92ded53e-e542-4345-aca2-9ed3f6e5ae42', 'Api Token', '[]', 0, '2021-03-31 14:44:09', '2021-03-31 14:44:09', '2021-04-15 10:44:09'),
('25fdb4d9fc01c5b8bbcef72a520f77f7664431244c48707672107ba77aefa3752e44623b015369db', 6, '92ded53e-e542-4345-aca2-9ed3f6e5ae42', 'Api Token', '[]', 0, '2021-03-10 13:11:16', '2021-03-10 13:11:16', '2021-03-25 08:11:15'),
('25fef1c3f723119f42c7e42383ff43cdb25436aaecaef0bb5ac8194e7868f97e69d64cc51ac3de8f', 6, '92ded53e-e542-4345-aca2-9ed3f6e5ae42', 'Api Token', '[]', 0, '2021-03-09 12:19:46', '2021-03-09 12:19:46', '2021-03-24 07:19:46'),
('260cd05e0b991a6420adc7a2a7622810033709e19321785a21ee7bee68099e2c896c62166b1c5e3d', 6, '92ded53e-e542-4345-aca2-9ed3f6e5ae42', 'Api Token', '[]', 0, '2021-03-09 14:50:19', '2021-03-09 14:50:19', '2021-03-24 09:50:19'),
('264842b07a74130a5b417755ad6edb248251268fd1d532cd783573efc96a753d67ca1dbc7d554d7e', 6, '92ded53e-e542-4345-aca2-9ed3f6e5ae42', 'Api Token', '[]', 0, '2021-04-28 11:38:27', '2021-04-28 11:38:27', '2021-05-13 07:38:26'),
('2648707d7384ff91c5882587f61f95c9539708c210efaa4c25fbb0262abc637eea365ab6d33858e1', 6, '92ded53e-e542-4345-aca2-9ed3f6e5ae42', 'Api Token', '[]', 0, '2021-03-29 15:50:29', '2021-03-29 15:50:29', '2021-04-13 11:50:29'),
('2679a80521a430b8a64db470e4ac79b6fc98e9667c2acc735ac628374a2c5c62c7af08940b711de6', 6, '92ded53e-e542-4345-aca2-9ed3f6e5ae42', 'Api Token', '[]', 0, '2021-03-30 10:20:50', '2021-03-30 10:20:50', '2021-04-14 06:20:50'),
('26ae6ff107f52c2d925d4f0bd3c47e36a120b26f6d3123a40e493682b37cd9baa82b48f52b5da790', 6, '92ded53e-e542-4345-aca2-9ed3f6e5ae42', 'Api Token', '[]', 0, '2021-03-13 14:50:45', '2021-03-13 14:50:45', '2021-03-28 09:50:45'),
('271e80338cfed5e7bc0076794f0f604b759a3835d842007b8d266fb4183d03908d1e37f0ce822506', 6, '92ded53e-e542-4345-aca2-9ed3f6e5ae42', 'Api Token', '[]', 0, '2021-04-22 12:05:47', '2021-04-22 12:05:47', '2021-05-07 08:05:47'),
('27757364ffe320c8ba22dad53667c1ed273197122898c0bea3820eb9225bd708bd8ef00304109622', 6, '92ded53e-e542-4345-aca2-9ed3f6e5ae42', 'Api Token', '[]', 0, '2021-04-16 10:42:32', '2021-04-16 10:42:32', '2021-05-01 06:42:32'),
('283b66a654b1c80a4e3e17e7d8560af2de0ba9efd59cb03cedcc10397070529c9c26fecfe04e698e', 6, '92ded53e-e542-4345-aca2-9ed3f6e5ae42', 'Api Token', '[]', 0, '2021-04-20 13:00:32', '2021-04-20 13:00:32', '2021-05-05 09:00:32'),
('284157897f8ed660618ae185025f93dbaae1da6064a91b9d63a87e2a46706095676c957105b781ac', 6, '92ded53e-e542-4345-aca2-9ed3f6e5ae42', 'Api Token', '[]', 0, '2021-03-31 14:55:02', '2021-03-31 14:55:02', '2021-04-15 10:55:02'),
('285a5d016e6c416b7693e8f1715b9fa41bb0f353b513438ccab248650bb34883116b83cb96feb119', 6, '92ded53e-e542-4345-aca2-9ed3f6e5ae42', 'Api Token', '[]', 0, '2021-04-23 10:55:05', '2021-04-23 10:55:05', '2021-05-08 06:55:05'),
('286e76c14feac8245b61fbfb90a081516836ed2ed319115d3666215084d6a3043773a043049e04ef', 2, '92ded53e-e542-4345-aca2-9ed3f6e5ae42', 'Api Token', '[]', 0, '2021-06-16 16:10:47', '2021-06-16 16:10:47', '2021-07-01 12:10:47'),
('2884f42e13fa7334df80efea10f25aa7dafc6d3e7f7d5ae40f6f72e4f2010c0cf2a1cbfb32acf3c0', 6, '92ded53e-e542-4345-aca2-9ed3f6e5ae42', 'Api Token', '[]', 0, '2021-04-27 13:05:46', '2021-04-27 13:05:46', '2021-05-12 09:05:46'),
('28a4056880a9d25e14fb5ef030654ebb53f6ac1f55f7f90704b22ca62c6770e70ae36b1152dece4b', 6, '92ded53e-e542-4345-aca2-9ed3f6e5ae42', 'Api Token', '[]', 0, '2021-03-10 13:58:31', '2021-03-10 13:58:31', '2021-03-25 08:58:30'),
('2921fb693b157b8119ac34455919f02c35fc373a3953043a7e6b57ea347432642112e8770f035b26', 6, '92ded53e-e542-4345-aca2-9ed3f6e5ae42', 'Api Token', '[]', 0, '2021-03-09 12:14:32', '2021-03-09 12:14:32', '2021-03-24 07:14:32'),
('297ac61913586aabe267d4f48fb714bba7cd336707891199e164a50fd193611bf0586792cab1b2d9', 6, '92ded53e-e542-4345-aca2-9ed3f6e5ae42', 'Api Token', '[]', 0, '2021-03-10 13:59:32', '2021-03-10 13:59:32', '2021-03-25 08:59:32'),
('2987e73e30b80d7f763b0c926ea13ce54c21719aa851b5c9194ed050acada44c55a05b8020bc451d', 6, '92ded53e-e542-4345-aca2-9ed3f6e5ae42', 'Api Token', '[]', 0, '2021-04-27 12:09:31', '2021-04-27 12:09:31', '2021-05-12 08:09:31'),
('29b67894fb53ee66099cbe42de430ada61a002bd83c6f262b2215d5bfd6ff3225652a5e6ddcc9ba3', 6, '92ded53e-e542-4345-aca2-9ed3f6e5ae42', 'Api Token', '[]', 0, '2021-03-12 12:28:21', '2021-03-12 12:28:21', '2021-03-27 07:28:21'),
('29c3a9d5e27e58e2dfb6969fb379ea047701b76a495f3cd97feda39e2d305f0019cbdbfbe1f3acc0', 6, '92ded53e-e542-4345-aca2-9ed3f6e5ae42', 'Api Token', '[]', 0, '2021-03-12 12:41:02', '2021-03-12 12:41:02', '2021-03-27 07:41:02'),
('29d07826d2e1bdfd401e5ff249e91571935b7806a822b5b1146e3bf9f2c0151dd09ded295ad022ca', 6, '92ded53e-e542-4345-aca2-9ed3f6e5ae42', 'Api Token', '[]', 0, '2021-03-26 13:37:29', '2021-03-26 13:37:29', '2021-04-10 09:37:29'),
('29db7b82837275481849fd06574d4e309bab61cee1f99db75a406064fa769efbff7c10c2d0ce465d', 2, '92ded53e-e542-4345-aca2-9ed3f6e5ae42', 'Api Token', '[]', 0, '2021-06-22 15:03:01', '2021-06-22 15:03:01', '2021-07-07 11:03:01'),
('2a919eacda3111910352a40e3fa25dfae9d103668bfd936d8589c4b39a06f53035ab25c69243769a', 6, '92ded53e-e542-4345-aca2-9ed3f6e5ae42', 'Api Token', '[]', 0, '2021-03-29 15:51:12', '2021-03-29 15:51:12', '2021-04-13 11:51:12'),
('2ac299739694f7b0c232809bfdf402134863b9745685af4daa3cd005c1105a4d5801f3a47c36000e', 6, '92ded53e-e542-4345-aca2-9ed3f6e5ae42', 'Api Token', '[]', 0, '2021-03-12 12:26:47', '2021-03-12 12:26:47', '2021-03-27 07:26:47');
INSERT INTO `oauth_access_tokens` (`id`, `user_id`, `client_id`, `name`, `scopes`, `revoked`, `created_at`, `updated_at`, `expires_at`) VALUES
('2ad4d5c4c6bbdd7951b03a0e246d46ed2f7e91899938d93b94767a6b297382fbeb6c0abd66154cc6', 6, '92ded53e-e542-4345-aca2-9ed3f6e5ae42', 'Api Token', '[]', 0, '2021-03-10 12:41:21', '2021-03-10 12:41:21', '2021-03-25 07:41:21'),
('2ae10e8a67076bab78438c36dc1460ea74ea8ff791ee804c111a02a790365e4ac575603f400926b5', 6, '92ded53e-e542-4345-aca2-9ed3f6e5ae42', 'Api Token', '[]', 0, '2021-04-27 11:45:17', '2021-04-27 11:45:17', '2021-05-12 07:45:16'),
('2b64e5120e4e538611a6ac2537d638f9fc81d302b28223f60adbb4e2f6fd57380f36ebde202961b2', 6, '92ded53e-e542-4345-aca2-9ed3f6e5ae42', 'Api Token', '[]', 0, '2021-04-21 15:13:24', '2021-04-21 15:13:24', '2021-05-06 11:13:23'),
('2bfcd3dc3b11145739750566c4d679ed56f4e0275878f4ca0b6020afd5930b84ed8a0005ec7b0c21', 6, '92ded53e-e542-4345-aca2-9ed3f6e5ae42', 'Api Token', '[]', 0, '2021-03-10 12:00:15', '2021-03-10 12:00:15', '2021-03-25 07:00:15'),
('2c1a96945c021e4ae95c29899e19b53c66278cf75310b9278c3dcfc4b4fac0d1dff4319f06404559', 6, '92ded53e-e542-4345-aca2-9ed3f6e5ae42', 'Api Token', '[]', 0, '2021-03-10 15:12:17', '2021-03-10 15:12:17', '2021-03-25 10:12:17'),
('2c3be35dabedbfa2a737eeda76699bfb33375323cd31c78c48e53e43825d8dc613f56a6cebc471bc', 2, '92ded53e-e542-4345-aca2-9ed3f6e5ae42', 'Api Token', '[]', 0, '2021-06-21 15:08:30', '2021-06-21 15:08:30', '2021-07-06 11:08:30'),
('2c432cfba0bca0cb1116af9953efd8014020e90692351c6aa43357d5eefd162820af637da615e6f2', 6, '92ded53e-e542-4345-aca2-9ed3f6e5ae42', 'Api Token', '[]', 0, '2021-03-13 16:43:14', '2021-03-13 16:43:14', '2021-03-28 11:43:14'),
('2c5a60d7c9dd65167d1d86712467003fd7fce255441669fc2ab3d1577da385d2effc6168da75d912', 6, '92ded53e-e542-4345-aca2-9ed3f6e5ae42', 'Api Token', '[]', 0, '2021-03-26 13:35:51', '2021-03-26 13:35:51', '2021-04-10 09:35:51'),
('2c61611220097244101284d22d8e2c089919197e38c57f7c38a21b1498e58df0401cdb0858f85821', 6, '92ded53e-e542-4345-aca2-9ed3f6e5ae42', 'Api Token', '[]', 0, '2021-03-12 19:29:39', '2021-03-12 19:29:39', '2021-03-27 14:29:39'),
('2c742bcb02e3c5dc7bd2a8345ade9b78b73229abb24ed3632830811684d166e743a90c0f6fadb761', 6, '92ded53e-e542-4345-aca2-9ed3f6e5ae42', 'Api Token', '[]', 0, '2021-03-10 10:31:06', '2021-03-10 10:31:06', '2021-03-25 05:31:06'),
('2c7537367bf75983e7dc2c516e7f284dd9dba869b746ff145fd1bc78a04f6746580094dc08a1e7f9', 6, '92ded53e-e542-4345-aca2-9ed3f6e5ae42', 'Api Token', '[]', 0, '2021-03-30 10:17:38', '2021-03-30 10:17:38', '2021-04-14 06:17:37'),
('2c8573f0bbd600133c2f88d613da2e7bc5cdf2a3610a920876983a73a1aeb8ef25747e95c5dfef05', 6, '92ded53e-e542-4345-aca2-9ed3f6e5ae42', 'Api Token', '[]', 0, '2021-04-01 09:42:54', '2021-04-01 09:42:54', '2021-04-16 05:42:54'),
('2cb7cb80dfb7ab866f46f2a31c6b6c943a5cd645c9e9b88b725b4b8eb8a2b9894921c43ee3c53f93', 6, '92ded53e-e542-4345-aca2-9ed3f6e5ae42', 'Api Token', '[]', 0, '2021-04-27 13:51:49', '2021-04-27 13:51:49', '2021-05-12 09:51:49'),
('2cc83f2aacb452ad811a03286ae04e13e3a602062ea3af77f081d6579d0406ae5d2d6b6657ed60a6', 6, '92ded53e-e542-4345-aca2-9ed3f6e5ae42', 'Api Token', '[]', 0, '2021-03-09 10:43:12', '2021-03-09 10:43:12', '2021-03-24 05:43:12'),
('2d268245b4222948e9c9634404fca21b823dc411a2417021aebd2daa6df2c1c33122ecb88f74f8aa', 6, '92ded53e-e542-4345-aca2-9ed3f6e5ae42', 'Api Token', '[]', 0, '2021-03-10 11:56:43', '2021-03-10 11:56:43', '2021-03-25 06:56:43'),
('2d9646f7f86b27d171fefa5e44222a130a5e99494f9a000735dba69ec8adcb76955aee5539ab0dcf', 6, '92ded53e-e542-4345-aca2-9ed3f6e5ae42', 'Api Token', '[]', 0, '2021-03-12 20:49:57', '2021-03-12 20:49:57', '2021-03-27 15:49:57'),
('2de213fdff080e09ad1852b747b7cf55a6c803bdb04efd9cb55fae45a5c7f28ef9aba7c0a1f92a78', 6, '92ded53e-e542-4345-aca2-9ed3f6e5ae42', 'Api Token', '[]', 0, '2021-04-20 10:32:02', '2021-04-20 10:32:02', '2021-05-05 06:32:02'),
('2dfdf901a99ef654a43845daee4e8331b2a35cb90162d808b031a52b849f4309bf1df3c2f67c2ecc', 2, '92ded53e-e542-4345-aca2-9ed3f6e5ae42', 'Api Token', '[]', 0, '2021-06-21 12:54:26', '2021-06-21 12:54:26', '2021-07-06 08:54:26'),
('2e0d129c8ae78fa9bc40294b7926747e7796f234e46f7fb4453945b8349195dc451e1f25d7ea3294', 6, '92ded53e-e542-4345-aca2-9ed3f6e5ae42', 'Api Token', '[]', 0, '2021-03-30 09:31:44', '2021-03-30 09:31:44', '2021-04-14 05:31:43'),
('2e17c456089a6b4edd572750239ce874f930302fb2880da17edd54ff251fe17afcb7a18dd4a5ae99', 6, '92ded53e-e542-4345-aca2-9ed3f6e5ae42', 'Api Token', '[]', 0, '2021-03-12 16:25:54', '2021-03-12 16:25:54', '2021-03-27 11:25:54'),
('2e56810d6ae1a5a5da7ea404f045b9474dc9f484beaa9f827b1884d3173375d99157b8621783fd22', 6, '92ded53e-e542-4345-aca2-9ed3f6e5ae42', 'Api Token', '[]', 0, '2021-03-22 18:12:05', '2021-03-22 18:12:05', '2021-04-06 14:12:04'),
('2e8fb4e9a547f7eb33f8e189a76c5209193f8f5e956a4d0eca1703f2038f411cec777535f5b35b42', 6, '92ded53e-e542-4345-aca2-9ed3f6e5ae42', 'Api Token', '[]', 0, '2021-03-10 14:03:32', '2021-03-10 14:03:32', '2021-03-25 09:03:32'),
('2e91a69ffe8afba937fb9a60288bac10fc5df491de49b90febb3c4f817f1870579a7aadb506a6ea2', 6, '92ded53e-e542-4345-aca2-9ed3f6e5ae42', 'Api Token', '[]', 0, '2021-04-15 12:45:50', '2021-04-15 12:45:50', '2021-04-30 08:45:50'),
('2ec49dfce9541b1701228b8ae87d55db202a3d653727febbefc7a454377f94a7d177e1292db6c58d', 6, '92ded53e-e542-4345-aca2-9ed3f6e5ae42', 'Api Token', '[]', 0, '2021-03-31 14:52:25', '2021-03-31 14:52:25', '2021-04-15 10:52:25'),
('2ec93fcd25efc899cc57db62d85301203207497bce59dd707b087bea7f0667323cc944e61b2f0b21', 6, '92ded53e-e542-4345-aca2-9ed3f6e5ae42', 'Api Token', '[]', 0, '2021-05-17 09:39:37', '2021-05-17 09:39:37', '2021-06-01 05:39:37'),
('2f0d76ed11ec0b170ab8ec36f2e9ff6b95b18dfb8af2659cbe4f17abdbda8a07cb3a7fd8ac50ace0', 6, '92ded53e-e542-4345-aca2-9ed3f6e5ae42', 'Api Token', '[]', 0, '2021-04-21 15:38:39', '2021-04-21 15:38:39', '2021-05-06 11:38:39'),
('2f263d35b73b6b8d4723e1ed76e989206232ee6d8b81572316b423c70be5d6dd2a39cbb45ad9e02d', 6, '92ded53e-e542-4345-aca2-9ed3f6e5ae42', 'Api Token', '[]', 0, '2021-03-30 10:26:53', '2021-03-30 10:26:53', '2021-04-14 06:26:52'),
('2f2bc2926ad658c839468c8ccb2b55ea362612af6d288c2a7443b7dae6733f26091784d85917e74a', 6, '92ded53e-e542-4345-aca2-9ed3f6e5ae42', 'Api Token', '[]', 0, '2021-04-14 15:22:47', '2021-04-14 15:22:47', '2021-04-29 11:22:47'),
('2f5518e5cd560a101eecce52e0cf0ac02e6f5c87345cde07dbf723558d70554da9377787e6220fb0', 6, '92ded53e-e542-4345-aca2-9ed3f6e5ae42', 'Api Token', '[]', 0, '2021-03-08 14:37:50', '2021-03-08 14:37:50', '2021-03-23 09:37:50'),
('2f666c4ddfa801f518b8ec810a84318b5ca1e3b47b687b90c8148551a5305d27b72882205e4150ae', 6, '92ded53e-e542-4345-aca2-9ed3f6e5ae42', 'Api Token', '[]', 0, '2021-03-11 19:58:50', '2021-03-11 19:58:50', '2021-03-26 14:58:49'),
('2f839a456191861e45c3a841c1d8119bf059c2d594a2acccaa3653479460c0d4af5d3d10c996caf8', 6, '92ded53e-e542-4345-aca2-9ed3f6e5ae42', 'Api Token', '[]', 0, '2021-04-16 15:03:53', '2021-04-16 15:03:53', '2021-05-01 11:03:53'),
('2fb7213ef9e68c2dba15e37f76b2ba3ca910c8427b7ad6ba517302d436a1b0bfecbca8a2dde751b6', 6, '92ded53e-e542-4345-aca2-9ed3f6e5ae42', 'Api Token', '[]', 0, '2021-04-27 15:31:06', '2021-04-27 15:31:06', '2021-05-12 11:31:06'),
('2fe78596f4c4178f1e9ef2f09a9d268ed7df1d4a65374899989c8c676b6ad75cfc794208a0f13e00', 6, '92ded53e-e542-4345-aca2-9ed3f6e5ae42', 'Api Token', '[]', 0, '2021-03-16 11:06:00', '2021-03-16 11:06:00', '2021-03-31 07:05:59'),
('2ffed56b0ae64d1c91fe2a822ca8a0eca9e59a16205ed5011e2757934f08c46b1d658ccf6a241f07', 6, '92ded53e-e542-4345-aca2-9ed3f6e5ae42', 'Api Token', '[]', 0, '2021-04-16 11:36:23', '2021-04-16 11:36:23', '2021-05-01 07:36:23'),
('300eb853381aab25dd985a43c632a0dd57c9e6af1cc79df8db1d7b14c38e6ad54c03b6e481f701a7', 6, '92ded53e-e542-4345-aca2-9ed3f6e5ae42', 'Api Token', '[]', 0, '2021-03-11 10:52:03', '2021-03-11 10:52:03', '2021-03-26 05:52:03'),
('3028acfa6e6445eae1e5b6a46e4f356ca980751f1cef3f741db911865239af5adbdf6a486d26ceba', 6, '92ded53e-e542-4345-aca2-9ed3f6e5ae42', 'Api Token', '[]', 1, '2021-05-17 09:39:12', '2021-05-17 09:39:12', '2021-06-01 05:39:11'),
('302dd3e54fbba705e6805f1b94f4baaa532a347f345062615c291f5eec967371f9d02a224491e48d', 6, '92ded53e-e542-4345-aca2-9ed3f6e5ae42', 'Api Token', '[]', 0, '2021-03-12 19:01:16', '2021-03-12 19:01:16', '2021-03-27 14:01:16'),
('30724712a17ed2b4e6e65f0fef32415c6f9684723ac97070a2f78ffe41d1a56c8c38136826ff3ec9', 6, '92ded53e-e542-4345-aca2-9ed3f6e5ae42', 'Api Token', '[]', 0, '2021-03-30 10:28:11', '2021-03-30 10:28:11', '2021-04-14 06:28:11'),
('309830f12b5132eec381c9803c54b9e76af8a70358eb85eb2654b73111b58c54ca636e94fdece5b0', 6, '92ded53e-e542-4345-aca2-9ed3f6e5ae42', 'Api Token', '[]', 0, '2021-04-23 13:14:09', '2021-04-23 13:14:09', '2021-05-08 09:14:09'),
('30c33b4c8b457bec3d6461e4578e298fac0b29448d1f9306689a5b3384eceaa7fdf60b53e39063fe', 6, '92ded53e-e542-4345-aca2-9ed3f6e5ae42', 'Api Token', '[]', 0, '2021-04-15 12:07:54', '2021-04-15 12:07:54', '2021-04-30 08:07:54'),
('30ce1db3ae149b4f7c56c3351b3d4231647e302533259783cea09ada96bd0f89b986f2dbc0ed5dba', 6, '92ded53e-e542-4345-aca2-9ed3f6e5ae42', 'Api Token', '[]', 0, '2021-04-23 10:32:51', '2021-04-23 10:32:51', '2021-05-08 06:32:51'),
('30def33cb63d42d6daf87d72659215a985b0414bebc0f4ed7399eca4e0e61378525577e81ca65e66', 6, '92ded53e-e542-4345-aca2-9ed3f6e5ae42', 'Api Token', '[]', 0, '2021-03-11 16:21:25', '2021-03-11 16:21:25', '2021-03-26 11:21:25'),
('311d4f678770dd0a2a48eeb3ea6df99ffcb5757e8a8d47d291468db15ec75f93d9416f5d89f614c9', 6, '92ded53e-e542-4345-aca2-9ed3f6e5ae42', 'Api Token', '[]', 0, '2021-04-15 11:32:26', '2021-04-15 11:32:26', '2021-04-30 07:32:26'),
('3184c2c4eab00da8546c1c7f078a331a28847475ba9ac1dcde48b51092bf9aaaa04e7c134c6c8550', 6, '92ded53e-e542-4345-aca2-9ed3f6e5ae42', 'Api Token', '[]', 0, '2021-03-11 19:59:52', '2021-03-11 19:59:52', '2021-03-26 14:59:51'),
('31b83fb7b84c1dbc3f1c834221f13ce4c84b875c993006af58f8aeb8b6da5bc2e61ecb217ce6c989', 6, '92ded53e-e542-4345-aca2-9ed3f6e5ae42', 'Api Token', '[]', 0, '2021-04-01 09:22:35', '2021-04-01 09:22:35', '2021-04-16 05:22:35'),
('31ba740c6ecc5feaccc2bdbe44c0e31d5d695adaa32cefa91bd67bb9541053c44ab49e8545c9f432', 6, '92ded53e-e542-4345-aca2-9ed3f6e5ae42', 'Api Token', '[]', 1, '2021-04-26 14:06:47', '2021-04-26 14:06:47', '2021-05-11 10:06:47'),
('31c5d1cc049ad6072b7ac7ec6b5f9c9befc07c5504d67cf16e8bc7319bf766dee576a518052b2797', 6, '92ded53e-e542-4345-aca2-9ed3f6e5ae42', 'Api Token', '[]', 0, '2021-04-20 12:38:19', '2021-04-20 12:38:19', '2021-05-05 08:38:19'),
('320803fa5054446e1d4761838bed4be51858b42119c890a30c3e46fd799e112b0dd4011a83aad876', 2, '92ded53e-e542-4345-aca2-9ed3f6e5ae42', 'Api Token', '[]', 0, '2021-06-22 14:24:42', '2021-06-22 14:24:42', '2021-07-07 10:24:42'),
('32159396a72aa6b211c780a54b4cb51dc7f968e56c0e213be54ffdc1447184aafa71df2bdd5e2549', 6, '92ded53e-e542-4345-aca2-9ed3f6e5ae42', 'Api Token', '[]', 0, '2021-03-12 19:09:35', '2021-03-12 19:09:35', '2021-03-27 14:09:35'),
('322deecfe1367f0024e316ee285c8e5cdc225af59dbe0cb424f763c58ae891e99e033098023b3d27', 6, '92ded53e-e542-4345-aca2-9ed3f6e5ae42', 'Api Token', '[]', 0, '2021-03-09 15:41:33', '2021-03-09 15:41:33', '2021-03-24 10:41:33'),
('322e55eaa63b1889fbca129341a405bf7a16cc123dfa3cc78cfbaa1e38b47a0b75f719b22eaef307', 6, '92ded53e-e542-4345-aca2-9ed3f6e5ae42', 'Api Token', '[]', 0, '2021-03-30 09:43:44', '2021-03-30 09:43:44', '2021-04-14 05:43:44'),
('323e6ecacd7527da2ee59b9b49576647e38ce4483f3c6067816a52647931d31c4515e7a6e183049f', 6, '92ded53e-e542-4345-aca2-9ed3f6e5ae42', 'Api Token', '[]', 0, '2021-04-01 09:20:38', '2021-04-01 09:20:38', '2021-04-16 05:20:38'),
('326cf9799f4bf7aeafaf91890088e975250d98495e506549116e59b67d50cb91a68a67c1911b055a', 6, '92ded53e-e542-4345-aca2-9ed3f6e5ae42', 'Api Token', '[]', 0, '2021-03-08 13:22:59', '2021-03-08 13:22:59', '2021-03-23 08:22:59'),
('32a756fe511152b254e5f73d58a0d1e1674d9e1d58f3f8985ac831d6d1c0fbda4878a7c1f8df5e3d', 6, '92ded53e-e542-4345-aca2-9ed3f6e5ae42', 'Api Token', '[]', 0, '2021-04-23 13:34:55', '2021-04-23 13:34:55', '2021-05-08 09:34:55'),
('32cef4eb43ac9c7da74ebece2f29ff65592110dccdc6e5f7194302bd8e72664adf47d9a05450e855', 6, '92ded53e-e542-4345-aca2-9ed3f6e5ae42', 'Api Token', '[]', 0, '2021-03-08 16:21:36', '2021-03-08 16:21:36', '2021-03-23 11:21:36'),
('32d1df967c110306e16c823c6327e472ad1181f2223d8f24cbf1b22b70a30c41a692bd3e217ae81a', 6, '92ded53e-e542-4345-aca2-9ed3f6e5ae42', 'Api Token', '[]', 0, '2021-03-26 13:12:04', '2021-03-26 13:12:04', '2021-04-10 09:12:04'),
('338cd13c335163905d904d11e7abd5cff62eeb7fd81dd198c67c67d6a9a6a9c3f2e0637f0d9764e4', 6, '92ded53e-e542-4345-aca2-9ed3f6e5ae42', 'Api Token', '[]', 0, '2021-04-27 13:51:42', '2021-04-27 13:51:42', '2021-05-12 09:51:42'),
('33dc18472aacd83017d57d1d96d2a3485f008abbd017454592ae1a1acc994cacc2dd69228225efe6', 6, '92ded53e-e542-4345-aca2-9ed3f6e5ae42', 'Api Token', '[]', 0, '2021-03-09 12:18:35', '2021-03-09 12:18:35', '2021-03-24 07:18:35'),
('33f0d71b81df961060daaf82871e4b7b842dae0ffc42adb5f205da2e1c724fb332e0d727d9c57303', 6, '92ded53e-e542-4345-aca2-9ed3f6e5ae42', 'Api Token', '[]', 0, '2021-04-01 09:29:20', '2021-04-01 09:29:20', '2021-04-16 05:29:20'),
('341e6f66629ceebaca775c37663030ad8c863ceefa966461ab698da59efe7c9fbc6f7b891fbc51bd', 6, '92ded53e-e542-4345-aca2-9ed3f6e5ae42', 'Api Token', '[]', 0, '2021-05-17 10:55:48', '2021-05-17 10:55:48', '2021-06-01 06:55:48'),
('3426877d8a966631070abfbe8be2e8b1b5ccb72c63fa202957e1fcb5f06d1c0b9855ebd0e66119c6', 6, '92ded53e-e542-4345-aca2-9ed3f6e5ae42', 'Api Token', '[]', 0, '2021-03-31 13:36:32', '2021-03-31 13:36:32', '2021-04-15 09:36:32'),
('342908901dad7b89a8f5227c9610ab4ffad2516cded29e5dfa72b7402641c20f2edf6f16b16e9ff0', 2, '92ded53e-e542-4345-aca2-9ed3f6e5ae42', 'Api Token', '[]', 0, '2021-06-21 15:26:54', '2021-06-21 15:26:54', '2021-07-06 11:26:54'),
('346d2b3dc26b08997f60393a1771d9188e6ff8e593f1c865a4144edf68d046b908a6bf1dcb2d907f', 6, '92ded53e-e542-4345-aca2-9ed3f6e5ae42', 'Api Token', '[]', 0, '2021-03-30 09:20:20', '2021-03-30 09:20:20', '2021-04-14 05:20:20'),
('349f17b48aadc721c6370ba236c7306c8f583144f96c1d79ceb143d1d44d27bd0366988cb51725d0', 6, '92ded53e-e542-4345-aca2-9ed3f6e5ae42', 'Api Token', '[]', 0, '2021-04-27 13:07:53', '2021-04-27 13:07:53', '2021-05-12 09:07:53'),
('34bc99a359e7233e6202f2f26460c95ac13f47693abdd09e6f9384bcdf713fcc66014a639bc8bee7', 2, '92ded53e-e542-4345-aca2-9ed3f6e5ae42', 'Api Token', '[]', 0, '2021-06-23 11:49:27', '2021-06-23 11:49:27', '2021-07-08 07:49:27'),
('35b3f348b5f62e74b6ab4750ef530d9fe5211afbbcd661727902ada380f26884bab8793a54cb3ba8', 6, '92ded53e-e542-4345-aca2-9ed3f6e5ae42', 'Api Token', '[]', 0, '2021-03-26 13:16:57', '2021-03-26 13:16:57', '2021-04-10 09:16:57'),
('35b4f7ad4a360cd58a28ae85875285be7c674955a019b099052bc2b850c6bc247ecd581ae8df3349', 2, '92ded53e-e542-4345-aca2-9ed3f6e5ae42', 'Api Token', '[]', 0, '2021-06-21 14:11:29', '2021-06-21 14:11:29', '2021-07-06 10:11:29'),
('362f2230968c70e59ee4e6af924848c0815743538387a92cc7de3c9e893732c818ed63c6800561fa', 6, '92ded53e-e542-4345-aca2-9ed3f6e5ae42', 'Api Token', '[]', 0, '2021-03-08 16:25:02', '2021-03-08 16:25:02', '2021-03-23 11:25:01'),
('3657282957e058b43a753b6ae8dc3982d0151fefbbd21e3faa8048b702770bf042018015c3258bed', 6, '92ded53e-e542-4345-aca2-9ed3f6e5ae42', 'Api Token', '[]', 0, '2021-03-12 12:25:56', '2021-03-12 12:25:56', '2021-03-27 07:25:56'),
('368efdcb7f0f668036ca8fc8f7ad843d316636b1de1f10cf406975422555ec4e3a9a5f2d3ee51c2f', 6, '92ded53e-e542-4345-aca2-9ed3f6e5ae42', 'Api Token', '[]', 0, '2021-03-09 10:58:40', '2021-03-09 10:58:40', '2021-03-24 05:58:40'),
('369238f7cf39fb1793da0f79740654d632628e738a5a3d19bdf17294ee3ea37ec790b1527237a549', 6, '92ded53e-e542-4345-aca2-9ed3f6e5ae42', 'Api Token', '[]', 0, '2021-03-26 13:11:41', '2021-03-26 13:11:41', '2021-04-10 09:11:41'),
('36986d32fac52e1d463755f606ba918080065644f40f8956738b50e55dd91216f6534188e6d86290', 6, '92ded53e-e542-4345-aca2-9ed3f6e5ae42', 'Api Token', '[]', 0, '2021-03-09 12:19:46', '2021-03-09 12:19:46', '2021-03-24 07:19:46'),
('36d5aa0e1438f40c0243819da8209ac8682b868b81c2230b078d9ecd985757d403f435b96bb5a28b', 6, '92ded53e-e542-4345-aca2-9ed3f6e5ae42', 'Api Token', '[]', 0, '2021-04-15 12:15:56', '2021-04-15 12:15:56', '2021-04-30 08:15:56'),
('37873f1deea6e60017587e95a2bebcfb47221aca04bb073bd0c5a68a8baf0d89ce55088996fe2516', 6, '92ded53e-e542-4345-aca2-9ed3f6e5ae42', 'Api Token', '[]', 0, '2021-04-01 09:33:44', '2021-04-01 09:33:44', '2021-04-16 05:33:44'),
('37b319a535b29e253f528e7527e9b1b803fa4a76478098c9d21e3e40e9991605f5fc82f9a104dea3', 6, '92ded53e-e542-4345-aca2-9ed3f6e5ae42', 'Api Token', '[]', 0, '2021-03-16 11:18:14', '2021-03-16 11:18:14', '2021-03-31 07:18:13'),
('37e63a77f41fe7da30002e90595b1688a2f78d3f7653bf143af0fbf3484a8a3e90df32ed6841e9a6', 6, '92ded53e-e542-4345-aca2-9ed3f6e5ae42', 'Api Token', '[]', 0, '2021-03-18 18:56:31', '2021-03-18 18:56:31', '2021-04-02 14:56:31'),
('381c35f26e5c0a04b2394b81ef0c8cae1e8dfb6b908a530441d795449063b2ca49eb0e1d1b57a407', 6, '92ded53e-e542-4345-aca2-9ed3f6e5ae42', 'Api Token', '[]', 0, '2021-03-30 10:38:01', '2021-03-30 10:38:01', '2021-04-14 06:38:00'),
('382d137fbd3b3db1e642e303cce8a6146de14c75ab81a96c5fedb9988a29ce0b01249337bfe6a12a', 6, '92ded53e-e542-4345-aca2-9ed3f6e5ae42', 'Api Token', '[]', 0, '2021-03-10 16:48:06', '2021-03-10 16:48:06', '2021-03-25 11:48:06'),
('38487c64e8efdd45568275c0d4be8fe2bb2b1b5c31b1d8ee24beb1bf009cbb81ad672fe6c9eb5894', 6, '92ded53e-e542-4345-aca2-9ed3f6e5ae42', 'Api Token', '[]', 0, '2021-04-26 13:45:37', '2021-04-26 13:45:37', '2021-05-11 09:45:37'),
('386ebeec391bdb56463c0384faa000824da1b1132d1fe9ff9c0a072ae5010ba113a31e3c010519af', 6, '92ded53e-e542-4345-aca2-9ed3f6e5ae42', 'Api Token', '[]', 0, '2021-04-01 09:25:10', '2021-04-01 09:25:10', '2021-04-16 05:25:10'),
('38c814bc0836f465c18fb4dc392893f09fc97ac6478248b66f8fa9a94e070c4ef93d6f3863a4cc05', 6, '92ded53e-e542-4345-aca2-9ed3f6e5ae42', 'Api Token', '[]', 0, '2021-04-27 12:57:04', '2021-04-27 12:57:04', '2021-05-12 08:57:04'),
('3906e32b4f3d572a34b4b0e7c515d971a7d7cd32dabb67418a0f3f22b183e14b6a41dc9cc55c990e', 6, '92ded53e-e542-4345-aca2-9ed3f6e5ae42', 'Api Token', '[]', 0, '2021-03-30 10:25:47', '2021-03-30 10:25:47', '2021-04-14 06:25:47'),
('390b5d4fcfc4d97de7547b28d47152566ee3b6bf478b2d117a6c24f7675c9f600d18d595dab5676a', 6, '92ded53e-e542-4345-aca2-9ed3f6e5ae42', 'Api Token', '[]', 0, '2021-04-20 12:04:07', '2021-04-20 12:04:07', '2021-05-05 08:04:07'),
('3937e752958c5733166de58ae7384a1a90da61f3cf134a4c9ace9ee9d58e35384158d9f1ea6deb89', 6, '92ded53e-e542-4345-aca2-9ed3f6e5ae42', 'Api Token', '[]', 0, '2021-04-15 12:47:48', '2021-04-15 12:47:48', '2021-04-30 08:47:47'),
('394d6378256860b71ef4a9913169cc7b6595f62e405ce92ccab086d18eb46d27797218a384e72217', 6, '92ded53e-e542-4345-aca2-9ed3f6e5ae42', 'Api Token', '[]', 0, '2021-04-20 10:23:50', '2021-04-20 10:23:50', '2021-05-05 06:23:50'),
('3996ce88f4eb8a322743846c29a7b007f63a9a8da7c0c3e1cb4b63e67ac42824eaa6a2205a65edd0', 6, '92ded53e-e542-4345-aca2-9ed3f6e5ae42', 'Api Token', '[]', 0, '2021-03-17 19:02:25', '2021-03-17 19:02:25', '2021-04-01 15:02:25'),
('39a6a70832e6fba3b895e4a54811a21dcc28df2836acc8031bc51fadd18954ef9e46b961cd94b9f3', 2, '92ded53e-e542-4345-aca2-9ed3f6e5ae42', 'Api Token', '[]', 0, '2021-06-16 15:16:35', '2021-06-16 15:16:35', '2021-07-01 11:16:35'),
('39c9ae69135a6a96d25aeaf2a5b967b2df0a5f8ed23054a01e78caf1560d95dc3427ef56bc956d4e', 6, '92ded53e-e542-4345-aca2-9ed3f6e5ae42', 'Api Token', '[]', 0, '2021-04-14 15:20:51', '2021-04-14 15:20:51', '2021-04-29 11:20:51'),
('39cc0a7c41e8951434e322674fa21d025cd9bb21461cb0beb0abd6052724975ea8bdaa95234f6593', 6, '92ded53e-e542-4345-aca2-9ed3f6e5ae42', 'Api Token', '[]', 0, '2021-04-27 11:47:56', '2021-04-27 11:47:56', '2021-05-12 07:47:56'),
('3a0971ea64e827aec4379eeca0b340a4b2cda6af42a6974a43d612516a335009da07b9835fb6da8c', 6, '92ded53e-e542-4345-aca2-9ed3f6e5ae42', 'Api Token', '[]', 0, '2021-04-21 10:47:17', '2021-04-21 10:47:17', '2021-05-06 06:47:17'),
('3a6f36bb0ea0634f4c7a6108e23716b05ce9641a52f727ccb591192ba3c53c808c0dc7008776d324', 6, '92ded53e-e542-4345-aca2-9ed3f6e5ae42', 'Api Token', '[]', 0, '2021-03-10 15:03:27', '2021-03-10 15:03:27', '2021-03-25 10:03:26'),
('3ab645d3795c8df0c29f18db1450904cd169e8f3e6f3bba6ee656366241317d02aafc5cadd1db1f0', 6, '92ded53e-e542-4345-aca2-9ed3f6e5ae42', 'Api Token', '[]', 0, '2021-04-22 12:46:01', '2021-04-22 12:46:01', '2021-05-07 08:46:01'),
('3ae7dfe1892b36e80066252bafd8465f4ac4e541c4342930bf45a4ab4a7ff610fa85f0f771889ec1', 6, '92ded53e-e542-4345-aca2-9ed3f6e5ae42', 'Api Token', '[]', 0, '2021-03-11 20:37:33', '2021-03-11 20:37:33', '2021-03-26 15:37:33'),
('3b5db7d24701aeaf9e1cf54f7430fc2285268378cbe8be086505af8ac2f5cbbb775ab421076fe347', 6, '92ded53e-e542-4345-aca2-9ed3f6e5ae42', 'Api Token', '[]', 0, '2021-03-08 15:45:52', '2021-03-08 15:45:52', '2021-03-23 10:45:52'),
('3b828c05eb88bc46ca24d1da729c346e777d7610bdad28586af9dfeef9b5ff320f3f58581fcf15f6', 6, '92ded53e-e542-4345-aca2-9ed3f6e5ae42', 'Api Token', '[]', 0, '2021-04-07 11:30:53', '2021-04-07 11:30:53', '2021-04-22 07:30:53'),
('3bdbf176e05ada85f8448276ece4fafd61f8254d98262672a69be325db86014fdeb10154d9c69554', 6, '92ded53e-e542-4345-aca2-9ed3f6e5ae42', 'Api Token', '[]', 0, '2021-03-08 14:21:18', '2021-03-08 14:21:18', '2021-03-23 09:21:18'),
('3c0ac9c0b55fb7b0b7e9ab8d2ca5f882c6ca6c93a777efb5b66fac4d434dfadc760326a63dd2d26f', 6, '92ded53e-e542-4345-aca2-9ed3f6e5ae42', 'Api Token', '[]', 1, '2021-04-14 15:13:36', '2021-04-14 15:13:36', '2021-04-29 11:13:36'),
('3c3b45eb04a229d290e5595ad03967cd53280fa44799662cf19c75302ef89d484c3c99a83b660984', 6, '92ded53e-e542-4345-aca2-9ed3f6e5ae42', 'Api Token', '[]', 0, '2021-03-08 15:38:04', '2021-03-08 15:38:04', '2021-03-23 10:38:04'),
('3c61f5d8afc8cceacddeb1a23e9454e10271b0099e79a600c555ecce0f8277dee02b8c0856f6915b', 6, '92ded53e-e542-4345-aca2-9ed3f6e5ae42', 'Api Token', '[]', 0, '2021-04-01 09:45:57', '2021-04-01 09:45:57', '2021-04-16 05:45:57'),
('3c8a5d32bf41ca58c73f0d3b43ffb10231e3ea42a714d7aa249983f02791da822d64e0d8d38c1d0c', 6, '92ded53e-e542-4345-aca2-9ed3f6e5ae42', 'Api Token', '[]', 0, '2021-04-22 14:34:53', '2021-04-22 14:34:53', '2021-05-07 10:34:53'),
('3cb271546a0bff6668aa51340d0f3dd115782c262cb5efbf11675aa8326423870b5d0e3953094866', 6, '92ded53e-e542-4345-aca2-9ed3f6e5ae42', 'Api Token', '[]', 0, '2021-04-27 12:08:57', '2021-04-27 12:08:57', '2021-05-12 08:08:56'),
('3cd4a916d7551ca34dec3829aa7576ae9e97bcb7ae5eaf16c6733894b1f55735ee8d6a8bfce8ec44', 6, '92ded53e-e542-4345-aca2-9ed3f6e5ae42', 'Api Token', '[]', 0, '2021-03-10 14:08:51', '2021-03-10 14:08:51', '2021-03-25 09:08:51'),
('3d4ce13db6a1fbe8d3f602649cd9c6f8cc93d96e3a7f5c461541ed02c73845befaa0816c2566fca9', 2, '92ded53e-e542-4345-aca2-9ed3f6e5ae42', 'Api Token', '[]', 1, '2021-06-21 13:11:27', '2021-06-21 13:11:27', '2021-07-06 09:11:26'),
('3d568640c5b07f5d1b3b301da5d3bfc2852d0e7fd691325ea81fc45374590fca3b251fc3a89a99d1', 6, '92ded53e-e542-4345-aca2-9ed3f6e5ae42', 'Api Token', '[]', 0, '2021-04-20 12:51:37', '2021-04-20 12:51:37', '2021-05-05 08:51:37'),
('3da11542a5c0165f650a90db4d12562f3f6ef5e6b61b3c2de7b9fddafcd0873dee0399a95b0e1e4e', 6, '92ded53e-e542-4345-aca2-9ed3f6e5ae42', 'Api Token', '[]', 0, '2021-04-23 11:23:46', '2021-04-23 11:23:46', '2021-05-08 07:23:46'),
('3daff8f3d5b468b7ab665fe986d7cc65cea8b6d4c8af6391ea32f152b9d72e45c9c80c288cbf3c4d', 6, '92ded53e-e542-4345-aca2-9ed3f6e5ae42', 'Api Token', '[]', 0, '2021-03-08 17:47:53', '2021-03-08 17:47:53', '2021-03-23 12:47:53'),
('3dc068e5dead70d3f4a08daba5dbd5a369d7f6e075716495c5a8ef485adf42d2cad9901e5bc9e11e', 6, '92ded53e-e542-4345-aca2-9ed3f6e5ae42', 'Api Token', '[]', 0, '2021-04-27 15:17:51', '2021-04-27 15:17:51', '2021-05-12 11:17:50'),
('3dc58a9c0e8060b1f34cfce2d0858db4a536fb567cd7c916468f710b5724242fb5a88d1a9b8c53ff', 2, '92ded53e-e542-4345-aca2-9ed3f6e5ae42', 'Api Token', '[]', 0, '2021-06-22 14:49:32', '2021-06-22 14:49:32', '2021-07-07 10:49:32'),
('3e1311669e09aae862c5d4602939e77521000874927ec45749643e8015f37ddccdf54a56dff58c9c', 6, '92ded53e-e542-4345-aca2-9ed3f6e5ae42', 'Api Token', '[]', 0, '2021-04-01 09:35:53', '2021-04-01 09:35:53', '2021-04-16 05:35:53'),
('3ea4647b57c0c390bbf54ddfa830eec2c23cc91158722e5cfe454c8d756e7a01b814e35dba49dd29', 6, '92ded53e-e542-4345-aca2-9ed3f6e5ae42', 'Api Token', '[]', 0, '2021-04-20 10:26:14', '2021-04-20 10:26:14', '2021-05-05 06:26:14'),
('3f33957f4d9062e69427e66980d65c6949934e1308374d5818eab97c92d4d63d9a1cba4d786d3012', 6, '92ded53e-e542-4345-aca2-9ed3f6e5ae42', 'Api Token', '[]', 0, '2021-04-23 10:41:06', '2021-04-23 10:41:06', '2021-05-08 06:41:06'),
('3f3ef23946d4ea5e504312d1ddf7369cf3e62bb1db29b6c67f5315bbd87ce53da79b1923c524beec', 6, '92ded53e-e542-4345-aca2-9ed3f6e5ae42', 'Api Token', '[]', 0, '2021-03-10 11:10:17', '2021-03-10 11:10:17', '2021-03-25 06:10:17'),
('3f43e9cc82d99483293adb362fe208d3a965b8e818efe58501f6f50b6fa486d2dc444b190fac6204', 6, '92ded53e-e542-4345-aca2-9ed3f6e5ae42', 'Api Token', '[]', 0, '2021-03-11 16:21:12', '2021-03-11 16:21:12', '2021-03-26 11:21:12'),
('3fb2a836d0fe575c1ebd3d216961fb72efa7c7ec80755694f1ecdd1bb785ae0f9280f0fc1ac6b4af', 6, '92ded53e-e542-4345-aca2-9ed3f6e5ae42', 'Api Token', '[]', 1, '2021-04-14 15:03:15', '2021-04-14 15:03:15', '2021-04-29 11:03:15'),
('3fcd1ce5a621e02a8c5fc2bf3af1a3c77932ccbc78c5bc52a2152a516cb4588cfc78f14b70c82729', 6, '92ded53e-e542-4345-aca2-9ed3f6e5ae42', 'Api Token', '[]', 0, '2021-04-14 12:59:29', '2021-04-14 12:59:29', '2021-04-29 08:59:29'),
('3fd5816ab73ac0272ddfc4b90115f01ba1b9a4326b9e73eab0c9e72f32152e58b076baa33d4a3f18', 6, '92ded53e-e542-4345-aca2-9ed3f6e5ae42', 'Api Token', '[]', 0, '2021-04-22 12:50:16', '2021-04-22 12:50:16', '2021-05-07 08:50:15'),
('4036c0302c0101b2df8f6f6634cd365fe92618bdab7485b56ff8718a1cd3dc93c43d2ab6f31e674c', 6, '92ded53e-e542-4345-aca2-9ed3f6e5ae42', 'Api Token', '[]', 0, '2021-04-01 09:30:42', '2021-04-01 09:30:42', '2021-04-16 05:30:42'),
('404f6a3439b5352500c71bf177b1ef4b0066d8df3a5f683aa563c015e4cafd97ee096995fb739960', 6, '92ded53e-e542-4345-aca2-9ed3f6e5ae42', 'Api Token', '[]', 0, '2021-03-05 16:24:23', '2021-03-05 16:24:23', '2021-03-20 11:24:23'),
('406091e23595370e68cbcfb94b7ee2165d185f0b2176c4a77940629743739ee96fa7f6e3f16b8c24', 6, '92ded53e-e542-4345-aca2-9ed3f6e5ae42', 'Api Token', '[]', 0, '2021-03-09 14:36:58', '2021-03-09 14:36:58', '2021-03-24 09:36:57'),
('40669aaf45c2bbc6d9506d7349044a53e697a7dec4163ebeaa17ceb166cbd866ab1458440c32958f', 6, '92ded53e-e542-4345-aca2-9ed3f6e5ae42', 'Api Token', '[]', 0, '2021-03-08 15:42:00', '2021-03-08 15:42:00', '2021-03-23 10:42:00'),
('40abf68d2fc927cb1e5d251f7b68916e7019983e1381baa1f126c291de28d83d0608730b6c981742', 6, '92ded53e-e542-4345-aca2-9ed3f6e5ae42', 'Api Token', '[]', 0, '2021-04-23 13:41:29', '2021-04-23 13:41:29', '2021-05-08 09:41:28'),
('40ac0b3c0bdd69d58ab097d7c8a9e45eb2a8b713156c49b5caa3fbd512ca0c9520e560e91b047fd8', 6, '92ded53e-e542-4345-aca2-9ed3f6e5ae42', 'Api Token', '[]', 0, '2021-04-22 14:26:34', '2021-04-22 14:26:34', '2021-05-07 10:26:34'),
('40bef14b4f9e885ea653d2ecba57a0c4cfa27363506398b108fbf15767072ae0ef2f80f731fc618e', 6, '92ded53e-e542-4345-aca2-9ed3f6e5ae42', 'Api Token', '[]', 0, '2021-05-17 11:15:11', '2021-05-17 11:15:11', '2021-06-01 07:15:11'),
('40bf798eeb9a976b58c8f106d4e47b74a94576264df021925deff8a5b3aa074bd48428868371829c', 6, '92ded53e-e542-4345-aca2-9ed3f6e5ae42', 'Api Token', '[]', 0, '2021-03-31 14:46:32', '2021-03-31 14:46:32', '2021-04-15 10:46:32'),
('40c151dcf894da4bc5055863ca8bc23f413ed2fe68d04d029be0034afcf076c1a63b3c1d12059771', 6, '92ded53e-e542-4345-aca2-9ed3f6e5ae42', 'Api Token', '[]', 0, '2021-03-05 17:12:42', '2021-03-05 17:12:42', '2021-03-20 12:12:42'),
('410c5c3dbd504a7551fc7915ef31cac33aac6d97a0381312348d5acd4379fb424e3fb0c9aba88f4b', 6, '92ded53e-e542-4345-aca2-9ed3f6e5ae42', 'Api Token', '[]', 0, '2021-04-16 11:10:00', '2021-04-16 11:10:00', '2021-05-01 07:10:00'),
('41683eea4be771e9c3b8985afa064181934c0b771579d2453559da31e0458923938cf2211727bbd2', 6, '92ded53e-e542-4345-aca2-9ed3f6e5ae42', 'Api Token', '[]', 0, '2021-04-16 10:42:54', '2021-04-16 10:42:54', '2021-05-01 06:42:54'),
('418c920ce18ca4e5c3dcf650a3bd2fdcf66ed5fe920715eb2c00ef335b5f6b635355151bd34270ae', 6, '92ded53e-e542-4345-aca2-9ed3f6e5ae42', 'Api Token', '[]', 0, '2021-04-27 13:44:39', '2021-04-27 13:44:39', '2021-05-12 09:44:39'),
('41be47e0c2b34adf6ae4133016076d6dde353167221e86b12db409e3232cd02e1e6bfdda2e9a7e05', 6, '92ded53e-e542-4345-aca2-9ed3f6e5ae42', 'Api Token', '[]', 0, '2021-03-30 09:34:23', '2021-03-30 09:34:23', '2021-04-14 05:34:23'),
('4206047fcb05ce58ce4b3a3d2a2f2dc68259851c122daee3f522ad5963281f925027047d4ccf8844', 2, '92ded53e-e542-4345-aca2-9ed3f6e5ae42', 'Api Token', '[]', 0, '2021-06-22 15:00:00', '2021-06-22 15:00:00', '2021-07-07 10:59:59'),
('42064d0bcdab1143adcf3ae7ac97496ab1f195f27de0c1dea39c45739256b3c0f715c5108a408f6e', 6, '92ded53e-e542-4345-aca2-9ed3f6e5ae42', 'Api Token', '[]', 0, '2021-04-20 11:58:29', '2021-04-20 11:58:29', '2021-05-05 07:58:29'),
('4206bfe41d7f264e37906f87ce5d2d58348fa7021bdae0ce43bb3140bc5412ea2cb8ec96090d215c', 6, '92ded53e-e542-4345-aca2-9ed3f6e5ae42', 'Api Token', '[]', 0, '2021-04-23 10:10:55', '2021-04-23 10:10:55', '2021-05-08 06:10:55'),
('42219ba54dec1dd6bc279d6e1057f7b24e600a06103b26c0d7b189ffeeffec457c2498c38a50c1a8', 2, '92ded53e-e542-4345-aca2-9ed3f6e5ae42', 'Api Token', '[]', 0, '2021-06-21 12:41:42', '2021-06-21 12:41:42', '2021-07-06 08:41:41'),
('4233467f4df05f912deddd99eb3908f93a0cb5e942d333e5d590cf4a36add61974a2981ce105bcab', 2, '92ded53e-e542-4345-aca2-9ed3f6e5ae42', 'Api Token', '[]', 0, '2021-06-23 11:15:12', '2021-06-23 11:15:12', '2021-07-08 07:15:12'),
('423b28d2aa7876561342e581975fe5c91c785b99e8bb3fdf2d24cded93e191951d4e664e0dbea563', 6, '92ded53e-e542-4345-aca2-9ed3f6e5ae42', 'Api Token', '[]', 0, '2021-04-20 12:53:46', '2021-04-20 12:53:46', '2021-05-05 08:53:46'),
('428b5b8ff63a8779f1749a5a0564c278d6edfe737bd9b7403bbcbf775aa27461aa4d0dbea76b78f8', 6, '92ded53e-e542-4345-aca2-9ed3f6e5ae42', 'Api Token', '[]', 0, '2021-04-15 10:10:24', '2021-04-15 10:10:24', '2021-04-30 06:10:24'),
('42aa9429271a9de96fa1b0cacfbf73edc28f20159b613f0dc8463ee256bd068395282869df755229', 6, '92ded53e-e542-4345-aca2-9ed3f6e5ae42', 'Api Token', '[]', 0, '2021-04-22 12:55:10', '2021-04-22 12:55:10', '2021-05-07 08:55:10'),
('42c4898dc0a6a0d07a6431608cfb0a6cb0372d8142e4a4b4a20d12a0b46521ab998abc474165d6c1', 6, '92ded53e-e542-4345-aca2-9ed3f6e5ae42', 'Api Token', '[]', 0, '2021-04-01 09:17:26', '2021-04-01 09:17:26', '2021-04-16 05:17:26'),
('42ce7fc2e06de53f8069b0644a75bbfe12ec000e0dc4935b2c3f483dd40478065a14a884e1e00d36', 6, '92ded53e-e542-4345-aca2-9ed3f6e5ae42', 'Api Token', '[]', 0, '2021-04-14 13:45:09', '2021-04-14 13:45:09', '2021-04-29 09:45:08'),
('42dbd40aaf685999071b39510ebb0d137564c61c3b3521f9f69f98ac4ad5009cab6620724f317e79', 6, '92ded53e-e542-4345-aca2-9ed3f6e5ae42', 'Api Token', '[]', 0, '2021-03-09 09:42:40', '2021-03-09 09:42:40', '2021-03-24 04:42:39'),
('43372fc9002d25ba87edc6e9104ff1295b79191891180816fe83df9d78b8f028cc498a35077b03f1', 6, '92ded53e-e542-4345-aca2-9ed3f6e5ae42', 'Api Token', '[]', 0, '2021-04-23 12:58:01', '2021-04-23 12:58:01', '2021-05-08 08:58:01'),
('4366bcc7d5202f6eb2a6dc5446db37109638c76c4f1e4010dc444f1a795866acf13f5408a6929ae3', 6, '92ded53e-e542-4345-aca2-9ed3f6e5ae42', 'Api Token', '[]', 0, '2021-03-26 13:00:07', '2021-03-26 13:00:07', '2021-04-10 09:00:07'),
('43875aaf7e15a05cf69a04617765f504edad5d309b0a00b68585cf521716ddbc8469da98dac9d8d5', 6, '92ded53e-e542-4345-aca2-9ed3f6e5ae42', 'Api Token', '[]', 1, '2021-04-14 14:56:48', '2021-04-14 14:56:48', '2021-04-29 10:56:48'),
('43b3bf3883aad997caf8f2752b65b579c4accf514a1a259ff8ffb7b8ec4be39a54408d68752553a8', 6, '92ded53e-e542-4345-aca2-9ed3f6e5ae42', 'Api Token', '[]', 0, '2021-03-10 14:06:54', '2021-03-10 14:06:54', '2021-03-25 09:06:54'),
('43fb3c4ee57d0bfb3f5085eed251627fa8ec22199c3839006ae2c0d1ba2e8130215bbaf35b5b34a8', 6, '92ded53e-e542-4345-aca2-9ed3f6e5ae42', 'Api Token', '[]', 0, '2021-04-21 16:00:27', '2021-04-21 16:00:27', '2021-05-06 12:00:27'),
('448b84cbd9aa50998368845c0a56032a01a321ef7dc2c2d495cce60e74465e2095e70cf6960ce885', 6, '92ded53e-e542-4345-aca2-9ed3f6e5ae42', 'Api Token', '[]', 0, '2021-03-12 15:08:59', '2021-03-12 15:08:59', '2021-03-27 10:08:58'),
('44c040ae985bd5176b12331e17bf84253309455b75984573c28a6ac9bb4a249c3023730c77cdd15c', 6, '92ded53e-e542-4345-aca2-9ed3f6e5ae42', 'Api Token', '[]', 0, '2021-04-22 11:53:06', '2021-04-22 11:53:06', '2021-05-07 07:53:06'),
('44ca88b2cce5cca6422469f60454d0963fb38577b7ec8e626e9abb488753e7b192da2b8eccd9be2c', 6, '92ded53e-e542-4345-aca2-9ed3f6e5ae42', 'Api Token', '[]', 0, '2021-03-30 10:42:02', '2021-03-30 10:42:02', '2021-04-14 06:42:02'),
('450aba8aa98be5083c7c37b6d22145f802f5ecc3d678cb439a7b22fc9d159cda821ceb644158e1dc', 6, '92ded53e-e542-4345-aca2-9ed3f6e5ae42', 'Api Token', '[]', 0, '2021-03-26 13:13:21', '2021-03-26 13:13:21', '2021-04-10 09:13:21'),
('45d4fea0b4583109c7218114a1f20886d09e335f974e95695b5a72838fd465e22418e70795618b00', 2, '92ded53e-e542-4345-aca2-9ed3f6e5ae42', 'Api Token', '[]', 0, '2021-06-22 13:42:44', '2021-06-22 13:42:44', '2021-07-07 09:42:44'),
('461f12d3eb724b99dadb159c5b6b740d5c463a685f6f5c29d852e05b496e0db516b1620681bc75a7', 6, '92ded53e-e542-4345-aca2-9ed3f6e5ae42', 'Api Token', '[]', 0, '2021-04-01 09:32:22', '2021-04-01 09:32:22', '2021-04-16 05:32:22'),
('465b0475c7fd60a25535e291255035fbcae4388c90e0f880780f320aab33fe04939cd028e1d86f09', 6, '92ded53e-e542-4345-aca2-9ed3f6e5ae42', 'Api Token', '[]', 0, '2021-04-23 10:36:08', '2021-04-23 10:36:08', '2021-05-08 06:36:08'),
('46df562dd9105f93f33e0eb1075230fc37d2c2fc155cf7d3c70c4c3bb5a956dc8d6ea0d369345e91', 6, '92ded53e-e542-4345-aca2-9ed3f6e5ae42', 'Api Token', '[]', 0, '2021-03-05 16:53:30', '2021-03-05 16:53:30', '2021-03-20 11:53:30'),
('46f5bcc1e9987bb5c624a2ed3d13a392c779c1373d9ed08a5eac56447449b8b792b5e536e19a35d3', 6, '92ded53e-e542-4345-aca2-9ed3f6e5ae42', 'Api Token', '[]', 0, '2021-04-22 13:36:48', '2021-04-22 13:36:48', '2021-05-07 09:36:48'),
('470967e876cc5b1d9e6de2bcbd5e14c830aa0d084b3e07fd5aad05e003d115941b00b045d48e1ae9', 6, '92ded53e-e542-4345-aca2-9ed3f6e5ae42', 'Api Token', '[]', 0, '2021-03-08 18:39:36', '2021-03-08 18:39:36', '2021-03-23 13:39:36'),
('4727abd37a24a7977446846e698632599a81bd4981f7d8de7be61023e5f303f2f4860ef91a02f51d', 6, '92ded53e-e542-4345-aca2-9ed3f6e5ae42', 'Api Token', '[]', 0, '2021-03-22 18:13:43', '2021-03-22 18:13:43', '2021-04-06 14:13:43'),
('475e37847cb2d70e2e79cd100fccf42fc817b05fae2e30d0abfb0c85d018ebd2803e9451b2d319bd', 6, '92ded53e-e542-4345-aca2-9ed3f6e5ae42', 'Api Token', '[]', 0, '2021-04-14 13:20:22', '2021-04-14 13:20:22', '2021-04-29 09:20:22'),
('479c1904a668fd5c37e6660fc85f3b8e17dbd5566a2dd045a914ffa3bb0f92c7d3fe2bfaabe106a0', 6, '92ded53e-e542-4345-aca2-9ed3f6e5ae42', 'Api Token', '[]', 0, '2021-04-22 14:39:44', '2021-04-22 14:39:44', '2021-05-07 10:39:44'),
('480b37aa913d4d1d2d3680a2559bc21b9ec85efeae44cf6e996dff547d3ddf8266a02e68c66495cd', 6, '92ded53e-e542-4345-aca2-9ed3f6e5ae42', 'Api Token', '[]', 0, '2021-03-30 10:39:55', '2021-03-30 10:39:55', '2021-04-14 06:39:55'),
('481b1a4ee1b831f53fba19fa46b2582dd54a879b8fb49bd3e6de11b368188dfbbb12377eee2283b8', 6, '92ded53e-e542-4345-aca2-9ed3f6e5ae42', 'Api Token', '[]', 0, '2021-04-27 15:15:04', '2021-04-27 15:15:04', '2021-05-12 11:15:04'),
('4856d7887cbadba7b3e5fc5995f3261ab55bd92ecd5f311b052c9bc1f13b6ea2afaa7e0f6974fd0f', 6, '92ded53e-e542-4345-aca2-9ed3f6e5ae42', 'Api Token', '[]', 0, '2021-03-13 16:36:49', '2021-03-13 16:36:49', '2021-03-28 11:36:49'),
('486ec02dd4af48f59028c5467db6ef1051a40aac4f32231a23b13febfe6da97862f1ede0624438d3', 6, '92ded53e-e542-4345-aca2-9ed3f6e5ae42', 'Api Token', '[]', 0, '2021-03-10 16:08:33', '2021-03-10 16:08:33', '2021-03-25 11:08:33'),
('4874fed918a528094110a02876dc3df2cd3f2e1dae931f80949470fdc5f0f082aaeaf8a113dc6623', 6, '92ded53e-e542-4345-aca2-9ed3f6e5ae42', 'Api Token', '[]', 0, '2021-03-31 14:55:29', '2021-03-31 14:55:29', '2021-04-15 10:55:29'),
('488d4972d0ced84e33abab42a09ee9cebb5aa06f2f140f71a962ace86344072cadbd426c59b83a94', 6, '92ded53e-e542-4345-aca2-9ed3f6e5ae42', 'Api Token', '[]', 0, '2021-03-26 13:21:48', '2021-03-26 13:21:48', '2021-04-10 09:21:48'),
('48e24313dd763a36ffa07208f8c3627d3931eb945ebffa4e503a2972afbb79e88402f337a6263b9f', 6, '92ded53e-e542-4345-aca2-9ed3f6e5ae42', 'Api Token', '[]', 0, '2021-03-09 17:21:29', '2021-03-09 17:21:29', '2021-03-24 12:21:29'),
('493664b25b017512cd6d4f31aa7d72e527ee8043cc4ed6d3d7276a82be9ed3907ab77ae56da988bc', 6, '92ded53e-e542-4345-aca2-9ed3f6e5ae42', 'Api Token', '[]', 0, '2021-03-30 10:19:35', '2021-03-30 10:19:35', '2021-04-14 06:19:35'),
('49a13f8b356872bccf33d23095192ebdd4862281380fba25ab773298f72a6711971612f88d28709b', 2, '92ded53e-e542-4345-aca2-9ed3f6e5ae42', 'Api Token', '[]', 0, '2021-06-21 15:36:10', '2021-06-21 15:36:10', '2021-07-06 11:36:10'),
('49e417d3ebba8dd3508869ee2cf158aa7ec690889c7654e52755e6315dd6ba0f3fe19a5ad3f50b48', 6, '92ded53e-e542-4345-aca2-9ed3f6e5ae42', 'Api Token', '[]', 0, '2021-03-08 15:45:57', '2021-03-08 15:45:57', '2021-03-23 10:45:57'),
('49e727fde30f41924c1cba70b76bd6575b27f8217542a3e08f3b57f89ed906bea9fdec89df705b5f', 6, '92ded53e-e542-4345-aca2-9ed3f6e5ae42', 'Api Token', '[]', 0, '2021-03-26 13:26:24', '2021-03-26 13:26:24', '2021-04-10 09:26:24'),
('49f50d766c89d19c47198b59a2c86a57a617bc5a41146a9fb12582dc7565f9be487df98722ac1e3a', 6, '92ded53e-e542-4345-aca2-9ed3f6e5ae42', 'Api Token', '[]', 0, '2021-03-09 10:52:54', '2021-03-09 10:52:54', '2021-03-24 05:52:54'),
('4a05f320fa2114263dac1a8afe0b4733ecaa60366c17082be4b331c17a400860e86fb68f7efcfcfd', 6, '92ded53e-e542-4345-aca2-9ed3f6e5ae42', 'Api Token', '[]', 0, '2021-03-16 11:18:59', '2021-03-16 11:18:59', '2021-03-31 07:18:59'),
('4a13835336b0c8a5ea779494a6c1e08b070aaf00ee9347cbb18428c14076eabc6b3a3446db1cccf5', 6, '92ded53e-e542-4345-aca2-9ed3f6e5ae42', 'Api Token', '[]', 0, '2021-04-27 12:08:46', '2021-04-27 12:08:46', '2021-05-12 08:08:46'),
('4a29f12438892a343b923477dc51be816f717ebe543e0b516739dab78a23f250fe47c654b5067011', 6, '92ded53e-e542-4345-aca2-9ed3f6e5ae42', 'Api Token', '[]', 0, '2021-04-21 15:51:23', '2021-04-21 15:51:23', '2021-05-06 11:51:22'),
('4a2ffb62d6aef090f0a52ef29ed1c35ad840eb27ff9721cc93bf3b9d29a0f8eda49b0762bd148183', 6, '92ded53e-e542-4345-aca2-9ed3f6e5ae42', 'Api Token', '[]', 0, '2021-04-15 12:06:24', '2021-04-15 12:06:24', '2021-04-30 08:06:24'),
('4a9aa7853c635e07464885fe138adee8f44f91c11c5156d8e6c27e57a9613460cf8652837fcfe176', 6, '92ded53e-e542-4345-aca2-9ed3f6e5ae42', 'Api Token', '[]', 0, '2021-04-27 12:15:54', '2021-04-27 12:15:54', '2021-05-12 08:15:53'),
('4ae18a46851bd18b3c4a9f121d1b1e943de91e3da1d3f68b7c033199454e5576e11605608680bff8', 6, '92ded53e-e542-4345-aca2-9ed3f6e5ae42', 'Api Token', '[]', 0, '2021-04-07 11:33:51', '2021-04-07 11:33:51', '2021-04-22 07:33:50'),
('4b429863dff9af7d477788bde44e072f048472794793115cf2191740dc0af7226ed90ae9e5f210e3', 6, '92ded53e-e542-4345-aca2-9ed3f6e5ae42', 'Api Token', '[]', 0, '2021-05-17 10:21:40', '2021-05-17 10:21:40', '2021-06-01 06:21:40'),
('4bb33bd9238c66fa4b154a0a9a234924d2e4412ea6f9e6379c0c33b8f62a175eb83e4e7edacd2cc8', 6, '92ded53e-e542-4345-aca2-9ed3f6e5ae42', 'Api Token', '[]', 0, '2021-03-30 09:32:28', '2021-03-30 09:32:28', '2021-04-14 05:32:28'),
('4bc8f69fe05bd79646cb8867af8a93c18a85bb38f310202cf4d6ff9cb894c6cec2c6297eaf4010ee', 2, '92ded53e-e542-4345-aca2-9ed3f6e5ae42', 'Api Token', '[]', 0, '2021-06-23 10:56:35', '2021-06-23 10:56:35', '2021-07-08 06:56:35'),
('4bfc1686290a5059b58babed36d8d4c2fda64ba0c13c8c8ad32bd83cfd148b395f3a62120109f8f5', 6, '92ded53e-e542-4345-aca2-9ed3f6e5ae42', 'Api Token', '[]', 0, '2021-04-07 10:02:08', '2021-04-07 10:02:08', '2021-04-22 06:02:07'),
('4c43cbfb04625cb66fa2e1196a642177790ee94d946cb36d9e33aaebf43efef7b2e0ea4261db124e', 6, '92ded53e-e542-4345-aca2-9ed3f6e5ae42', 'Api Token', '[]', 0, '2021-04-23 10:36:08', '2021-04-23 10:36:08', '2021-05-08 06:36:08'),
('4c56e68a8d357810171afe35a5a56b955d7ef4700a2b0532ed77af806bd8ff2e169db9d588ec98d9', 6, '92ded53e-e542-4345-aca2-9ed3f6e5ae42', 'Api Token', '[]', 0, '2021-04-21 15:45:09', '2021-04-21 15:45:09', '2021-05-06 11:45:09'),
('4c5fe565f28cf860c6b0b904f5d17a9a8de32d753ba8f3e98e23a9fd1437f9bf00f90127835fa9e2', 6, '92ded53e-e542-4345-aca2-9ed3f6e5ae42', 'Api Token', '[]', 1, '2021-03-10 10:37:30', '2021-03-10 10:37:30', '2021-03-25 05:37:30'),
('4d29c20a0faefef142c69840ed1ce5c1e0671f8c44cb52b1f27c8497d26cfbbf1dd5578a28c84c8d', 6, '92ded53e-e542-4345-aca2-9ed3f6e5ae42', 'Api Token', '[]', 0, '2021-03-12 20:49:06', '2021-03-12 20:49:06', '2021-03-27 15:49:06'),
('4d39c978d6b076f8942da8fb8c859e736fef074ae4139158610d0549bca32ed956dd5b8264615217', 6, '92ded53e-e542-4345-aca2-9ed3f6e5ae42', 'Api Token', '[]', 0, '2021-03-10 12:33:36', '2021-03-10 12:33:36', '2021-03-25 07:33:36'),
('4d54adaf3e73f527fa2813d3dff44dd1efcacc8c278ae89a1dd342536511f53f3e8310096ea4d53a', 6, '92ded53e-e542-4345-aca2-9ed3f6e5ae42', 'Api Token', '[]', 0, '2021-04-27 12:16:55', '2021-04-27 12:16:55', '2021-05-12 08:16:55'),
('4d93c9a226b9c9c94ed5bb8ecf9f0402957ac964373d172c8f0d6b15590daa55bb9408a42b497df4', 6, '92ded53e-e542-4345-aca2-9ed3f6e5ae42', 'Api Token', '[]', 0, '2021-05-24 13:55:56', '2021-05-24 13:55:56', '2021-06-08 09:55:56'),
('4e1cac21f03dedd874d3dab669339b43f8dfb4b2e0f10f2dc87c9533eeafc4133cde4308cf456b8e', 6, '92ded53e-e542-4345-aca2-9ed3f6e5ae42', 'Api Token', '[]', 0, '2021-04-22 13:05:06', '2021-04-22 13:05:06', '2021-05-07 09:05:06'),
('4e4227bf47e328e99dad61f5be95f0cbd9b39dd4bfe6870c2fca89a3c81b88a413eef2651ac08102', 6, '92ded53e-e542-4345-aca2-9ed3f6e5ae42', 'Api Token', '[]', 0, '2021-04-20 10:02:31', '2021-04-20 10:02:31', '2021-05-05 06:02:31'),
('4e75edaff0faae26a04a25755c5dd265d51db00896152054b9475272dd277a2962f37d631a4c561f', 6, '92ded53e-e542-4345-aca2-9ed3f6e5ae42', 'Api Token', '[]', 0, '2021-03-10 12:30:38', '2021-03-10 12:30:38', '2021-03-25 07:30:37'),
('4f319cc2235a4ac3337e35a513f4fc9c7689d040f9f33561ad91c263ccc1a075dc36e3d0af3a56fd', 6, '92ded53e-e542-4345-aca2-9ed3f6e5ae42', 'Api Token', '[]', 0, '2021-03-09 12:25:30', '2021-03-09 12:25:30', '2021-03-24 07:25:30'),
('4f56917775191134536952422912b55f13f45cf6e32004fc41e789771b7e45ac2adc40fd20966f68', 2, '92ded53e-e542-4345-aca2-9ed3f6e5ae42', 'Api Token', '[]', 0, '2021-06-21 15:34:15', '2021-06-21 15:34:15', '2021-07-06 11:34:15'),
('4f5b15f38109f7949f93f68435010d7ed1fe002643384a3dd59f3c02d71fb383a0ba08dc58b25a55', 2, '92ded53e-e542-4345-aca2-9ed3f6e5ae42', 'Api Token', '[]', 0, '2021-06-21 12:36:16', '2021-06-21 12:36:16', '2021-07-06 08:36:16'),
('4f5ee8691b44b906f6d5a8501f44fcb14ef866d61baed71c0dbeddb45e0902dc05ea23ac1b78bc72', 6, '92ded53e-e542-4345-aca2-9ed3f6e5ae42', 'Api Token', '[]', 0, '2021-04-22 13:44:22', '2021-04-22 13:44:22', '2021-05-07 09:44:22'),
('4f636635dff5ee02579774890a6c6e0275c0553db657c59b395f5e62ed1e1a3f69228ab462cd5143', 6, '92ded53e-e542-4345-aca2-9ed3f6e5ae42', 'Api Token', '[]', 0, '2021-04-23 12:12:45', '2021-04-23 12:12:45', '2021-05-08 08:12:45'),
('4f6ff15b67b604c2c1878c8d814143feed254ed12c24ed9df9f6c2bffcaa7e262afad958fd222c87', 6, '92ded53e-e542-4345-aca2-9ed3f6e5ae42', 'Api Token', '[]', 0, '2021-03-11 17:32:49', '2021-03-11 17:32:49', '2021-03-26 12:32:49'),
('4fb1c7b49d1f4297b2e6da99f6f45fac8a2db7941e67f1352bdcf99013252cd2398e289436f2f94b', 6, '92ded53e-e542-4345-aca2-9ed3f6e5ae42', 'Api Token', '[]', 0, '2021-03-10 15:42:00', '2021-03-10 15:42:00', '2021-03-25 10:41:59'),
('4fdee5453cc3bd6eaf9e71e6a80da2c68300dd0f68ea5840dca1087e3ed0cc4961f1d3ee3f20209e', 2, '92ded53e-e542-4345-aca2-9ed3f6e5ae42', 'Api Token', '[]', 0, '2021-06-21 12:03:38', '2021-06-21 12:03:38', '2021-07-06 08:03:38'),
('5038e85f02ecef9ed1ccb86443efe1f29d63c4fb47a823ec942b6896d37262c71dccadead7e8477d', 6, '92ded53e-e542-4345-aca2-9ed3f6e5ae42', 'Api Token', '[]', 0, '2021-04-27 15:42:09', '2021-04-27 15:42:09', '2021-05-12 11:42:09'),
('505a59b8aa777a4d55bf902df5d123f960de11844893062902eaf2c541e5a6cd60e4ed18300a2d73', 2, '92ded53e-e542-4345-aca2-9ed3f6e5ae42', 'Api Token', '[]', 0, '2021-06-21 16:14:58', '2021-06-21 16:14:58', '2021-07-06 12:14:57'),
('50d7ff54926dc077a2e98fdc4db01d100e0ec4d25a9d7ff3f61b1539c2bbacd2edcbc096e2c9bf3c', 6, '92ded53e-e542-4345-aca2-9ed3f6e5ae42', 'Api Token', '[]', 0, '2021-03-10 22:44:07', '2021-03-10 22:44:07', '2021-03-25 17:44:07'),
('51b09ee85674424ab5b658ce7119c2e661314933b50f28db3c6d16ff9ab1871a42e3b16bb8e1c2b1', 6, '92ded53e-e542-4345-aca2-9ed3f6e5ae42', 'Api Token', '[]', 0, '2021-04-14 12:05:03', '2021-04-14 12:05:03', '2021-04-29 08:05:03'),
('52266ace5fa329895446912b3c8bd620f9f4dd3ceb7a002c5b8f48ac15a4d645900d37a104a31f44', 6, '92ded53e-e542-4345-aca2-9ed3f6e5ae42', 'Api Token', '[]', 0, '2021-04-15 11:55:11', '2021-04-15 11:55:11', '2021-04-30 07:55:11'),
('526324e9c9e91aa8f9ecf888d00d56adf3a87918576500a5cb2dfe44e0029b16f8c7dc5ade68851e', 6, '92ded53e-e542-4345-aca2-9ed3f6e5ae42', 'Api Token', '[]', 0, '2021-04-23 10:23:37', '2021-04-23 10:23:37', '2021-05-08 06:23:37'),
('52b6429fd5ecd3ff27a67b0c11b528ff157e1e0e22573df6f4e3254fa7e0143e49a8e712655bb316', 6, '92ded53e-e542-4345-aca2-9ed3f6e5ae42', 'Api Token', '[]', 0, '2021-04-07 12:02:54', '2021-04-07 12:02:54', '2021-04-22 08:02:54'),
('52fbec0415550914ae5c1493988710c44bdfb30c8c3c9a345dcc358937497935859ac356657a5e6e', 6, '92ded53e-e542-4345-aca2-9ed3f6e5ae42', 'Api Token', '[]', 0, '2021-03-10 17:28:05', '2021-03-10 17:28:05', '2021-03-25 12:28:05'),
('5301e3d06e5cdd4cf79d8fa6343009cce6d4e1c2e0753be838867abc56d8bd86d160fc6658cf9bc0', 6, '92ded53e-e542-4345-aca2-9ed3f6e5ae42', 'Api Token', '[]', 0, '2021-03-10 12:50:43', '2021-03-10 12:50:43', '2021-03-25 07:50:43'),
('5319ca250a715601189ad1e5acfcd18f61b1d0205a97ec2b2dd274a01bbebde2cefcf61643f39685', 6, '92ded53e-e542-4345-aca2-9ed3f6e5ae42', 'Api Token', '[]', 0, '2021-03-30 09:49:41', '2021-03-30 09:49:41', '2021-04-14 05:49:41'),
('533698fa802fb024a70c7cd140b6a02558d3bb8520b42f43d42a5d84857afcb9736b2fba10934d8d', 6, '92ded53e-e542-4345-aca2-9ed3f6e5ae42', 'Api Token', '[]', 0, '2021-04-01 09:22:06', '2021-04-01 09:22:06', '2021-04-16 05:22:06'),
('533d4ad0ed50737f4504aa2d273f8bd8a64f7b695148ca10b4ec3559af6e75fbe720dbe04c99e18c', 6, '92ded53e-e542-4345-aca2-9ed3f6e5ae42', 'Api Token', '[]', 0, '2021-04-21 16:18:19', '2021-04-21 16:18:19', '2021-05-06 12:18:19'),
('534c5382cf2e607f5a9bccc5be2cd6a320054fcdd394e0ef763741245db67117f8318728fe505d70', 6, '92ded53e-e542-4345-aca2-9ed3f6e5ae42', 'Api Token', '[]', 0, '2021-03-13 16:23:40', '2021-03-13 16:23:40', '2021-03-28 11:23:40'),
('535d9145e335e6644624c667efeed466983f8836866eea8f7a690aef49ba148432a5f5dc6c372aad', 6, '92ded53e-e542-4345-aca2-9ed3f6e5ae42', 'Api Token', '[]', 0, '2021-04-01 09:33:36', '2021-04-01 09:33:36', '2021-04-16 05:33:36'),
('5373b9212577f4087ccde9178c49a5061edf4c0b35bff17c7315c4b6bcce872725665b6d89725a08', 2, '92ded53e-e542-4345-aca2-9ed3f6e5ae42', 'Api Token', '[]', 0, '2021-06-22 13:40:47', '2021-06-22 13:40:47', '2021-07-07 09:40:47'),
('53790e2aa569f55a3d8a84a28c431b368666796e7e592aaebcbb350cc7e5cde26e2836ec8a7552fd', 6, '92ded53e-e542-4345-aca2-9ed3f6e5ae42', 'Api Token', '[]', 0, '2021-03-08 13:42:51', '2021-03-08 13:42:51', '2021-03-23 08:42:51'),
('5383ad4f03980fd52a191894af1e7c9d13f409bd1946b56139048a2669db8087807a27cbb2a2e425', 6, '92ded53e-e542-4345-aca2-9ed3f6e5ae42', 'Api Token', '[]', 0, '2021-04-22 11:44:06', '2021-04-22 11:44:06', '2021-05-07 07:44:06'),
('53aff4bdc956772142fecd20318c20962cf6a5b6b98f0b1cb3359a2fc913635c1343e94843ae1439', 6, '92ded53e-e542-4345-aca2-9ed3f6e5ae42', 'Api Token', '[]', 0, '2021-04-20 12:54:42', '2021-04-20 12:54:42', '2021-05-05 08:54:42'),
('53e3df3f3e3e3571b0d7e33f02171689957a06e524fb51f18f9bc3fc017d54154ba42d0efe28af17', 6, '92ded53e-e542-4345-aca2-9ed3f6e5ae42', 'Api Token', '[]', 0, '2021-04-23 10:22:45', '2021-04-23 10:22:45', '2021-05-08 06:22:45'),
('5447cc60a4f076f962d7af0a8d644c3244cd16a11865b7a614f1fab2091f19dba847cf2ba978bd85', 6, '92ded53e-e542-4345-aca2-9ed3f6e5ae42', 'Api Token', '[]', 0, '2021-04-16 10:42:43', '2021-04-16 10:42:43', '2021-05-01 06:42:43'),
('547f0a1539d2d835874e9389eb9cb50fcfed947ef3c2fc6dd70028c409c94ac5b1d844d618eb0804', 6, '92ded53e-e542-4345-aca2-9ed3f6e5ae42', 'Api Token', '[]', 0, '2021-03-10 12:54:17', '2021-03-10 12:54:17', '2021-03-25 07:54:17'),
('548b7e47f396ab77f20f80ad21c89788327f267a35bcc3bd9846d0b994ab9daaf37a9967d240fe13', 6, '92ded53e-e542-4345-aca2-9ed3f6e5ae42', 'Api Token', '[]', 0, '2021-03-26 13:22:44', '2021-03-26 13:22:44', '2021-04-10 09:22:44'),
('54dfef8e5ca5b65913e15d3d06c8b668bb90fda300bc650a6d73092a263509bbd864fb4e6b9cdd48', 6, '92ded53e-e542-4345-aca2-9ed3f6e5ae42', 'Api Token', '[]', 0, '2021-03-26 13:07:54', '2021-03-26 13:07:54', '2021-04-10 09:07:54'),
('54ec8f15e31cd073fc7b0f070d85266e92e94a723c100f8c67cd9aabe808a6abb1c2bb75dd73a500', 6, '92ded53e-e542-4345-aca2-9ed3f6e5ae42', 'Api Token', '[]', 0, '2021-03-29 16:00:16', '2021-03-29 16:00:16', '2021-04-13 12:00:16'),
('554e99a2006003997000e3858b1137f35dfcf91d2ff1983168d19d7a530ae7cba5532eb5e14cf086', 6, '92ded53e-e542-4345-aca2-9ed3f6e5ae42', 'Api Token', '[]', 0, '2021-03-12 20:13:46', '2021-03-12 20:13:46', '2021-03-27 15:13:46'),
('5550dec088c108588fa90e3296a19444e8f5db89f4991e68120111825ac7bae27c21186bbf4eda94', 6, '92ded53e-e542-4345-aca2-9ed3f6e5ae42', 'Api Token', '[]', 0, '2021-03-26 13:19:39', '2021-03-26 13:19:39', '2021-04-10 09:19:39'),
('55d437ea754538fec0e69369cf23a21a0e35e074198efcb8d5a1dffcc8b4283b9ec84e89e972a67a', 6, '92ded53e-e542-4345-aca2-9ed3f6e5ae42', 'Api Token', '[]', 0, '2021-04-22 13:22:11', '2021-04-22 13:22:11', '2021-05-07 09:22:11'),
('55d828741fdee4558b04a36a88b5175a7dcf1ed0840a30125f9591545473b582bbb99433e4507831', 6, '92ded53e-e542-4345-aca2-9ed3f6e5ae42', 'Api Token', '[]', 0, '2021-03-10 15:07:22', '2021-03-10 15:07:22', '2021-03-25 10:07:22'),
('56ce0bdd17084002e61ec88110be9e206bed226934f30f9f084e959f43a5c317e88d46f4ce3bf959', 6, '92ded53e-e542-4345-aca2-9ed3f6e5ae42', 'Api Token', '[]', 0, '2021-03-30 09:14:12', '2021-03-30 09:14:12', '2021-04-14 05:14:11'),
('56f5698bb39cb9fb7cc51e559198db0ed2d91c9a589f88c3740dff8e51c3283e1c6095763c8363c1', 6, '92ded53e-e542-4345-aca2-9ed3f6e5ae42', 'Api Token', '[]', 0, '2021-03-31 14:13:51', '2021-03-31 14:13:51', '2021-04-15 10:13:51');
INSERT INTO `oauth_access_tokens` (`id`, `user_id`, `client_id`, `name`, `scopes`, `revoked`, `created_at`, `updated_at`, `expires_at`) VALUES
('5715548482d9e51f17c6fd73a3a7b2f6d815e0dfe34a28d82c3d0a886b700cb3b643a9ee9709ff6e', 6, '92ded53e-e542-4345-aca2-9ed3f6e5ae42', 'Api Token', '[]', 0, '2021-03-08 18:31:46', '2021-03-08 18:31:46', '2021-03-23 13:31:46'),
('576136affb963a2406c59f6f958f50ae1a7320d80c11c510c091a2243fbf2ac4ae5a423f1913d520', 6, '92ded53e-e542-4345-aca2-9ed3f6e5ae42', 'Api Token', '[]', 0, '2021-04-22 14:32:03', '2021-04-22 14:32:03', '2021-05-07 10:32:03'),
('5789d16de9679dd20bcf8e1e4bb03a6bcf04a393e85603e2c4f4da08a062a7c3cd2d80eb55674721', 6, '92ded53e-e542-4345-aca2-9ed3f6e5ae42', 'Api Token', '[]', 0, '2021-03-08 18:25:03', '2021-03-08 18:25:03', '2021-03-23 13:25:03'),
('579e0ef45f62dd33a02d1d0769bcd3b37f357a8968a0ae2319c9178f09eb0cd616fb2defe11ab391', 6, '92ded53e-e542-4345-aca2-9ed3f6e5ae42', 'Api Token', '[]', 0, '2021-04-14 13:49:29', '2021-04-14 13:49:29', '2021-04-29 09:49:29'),
('57f1ed582d81e5bf40e8d0fb0c727672cbb197bce049038b467075fcd4860811f4d56ecf8b29a181', 6, '92ded53e-e542-4345-aca2-9ed3f6e5ae42', 'Api Token', '[]', 0, '2021-04-20 11:56:03', '2021-04-20 11:56:03', '2021-05-05 07:56:03'),
('580f9a70e5ccb1d207b2f8beb0bad5ce2b3b0e26c40f855ba160b8e005a8e62bbe8177fb9336d4d5', 6, '92ded53e-e542-4345-aca2-9ed3f6e5ae42', 'Api Token', '[]', 0, '2021-04-15 12:05:03', '2021-04-15 12:05:03', '2021-04-30 08:05:02'),
('5817d54425d26f116442c1439d1981c29fd98075723309071f56ee1c6187ecd97dd0612d1b84cb5b', 6, '92ded53e-e542-4345-aca2-9ed3f6e5ae42', 'Api Token', '[]', 0, '2021-03-16 11:10:47', '2021-03-16 11:10:47', '2021-03-31 07:10:47'),
('5833c0e34706e352e321f4cb69b6ca37a5c9be9ba4afd87551c2dc3f65615638cbc1ae3944f0de36', 2, '92ded53e-e542-4345-aca2-9ed3f6e5ae42', 'Api Token', '[]', 0, '2021-06-18 15:28:05', '2021-06-18 15:28:05', '2021-07-03 11:28:05'),
('5840872a5b3ef3846eab528d70fb9f198873a28b640320068aec3834a3847f0e6d5de1cf8af03770', 6, '92ded53e-e542-4345-aca2-9ed3f6e5ae42', 'Api Token', '[]', 0, '2021-03-13 14:46:43', '2021-03-13 14:46:43', '2021-03-28 09:46:43'),
('587604b626b49d286f79a422025c58ad61e06e372be7edf8d7135b0d88023b7b1f6a9d93bebfea52', 6, '92ded53e-e542-4345-aca2-9ed3f6e5ae42', 'Api Token', '[]', 0, '2021-04-23 10:21:31', '2021-04-23 10:21:31', '2021-05-08 06:21:30'),
('58d04c46f10d70945b388d68607ab459f1c7e4aabfb7c59ded675a5949d185ae023e7d1697abc1b0', 6, '92ded53e-e542-4345-aca2-9ed3f6e5ae42', 'Api Token', '[]', 0, '2021-03-16 10:34:45', '2021-03-16 10:34:45', '2021-03-31 06:34:45'),
('58d41c72f55c00ea712e7e6fb3517bc9ae203d0821c34484181fc0a471331c88138373d9980d1d24', 6, '92ded53e-e542-4345-aca2-9ed3f6e5ae42', 'Api Token', '[]', 0, '2021-03-31 13:34:06', '2021-03-31 13:34:06', '2021-04-15 09:34:06'),
('59523a77dbcafd75f485654130fe9b5f420b7d778424baffb45b60665d7463d5526084d262ed3120', 2, '92ded53e-e542-4345-aca2-9ed3f6e5ae42', 'Api Token', '[]', 0, '2021-06-18 10:20:34', '2021-06-18 10:20:34', '2021-07-03 06:20:34'),
('59967d0221ee6fbf365b17a9aaafacd22c8626e997761215fdea025cb901068bdded9e90350992de', 6, '92ded53e-e542-4345-aca2-9ed3f6e5ae42', 'Api Token', '[]', 0, '2021-04-27 12:08:35', '2021-04-27 12:08:35', '2021-05-12 08:08:35'),
('59994977b65adc6ceafa5de1b092b2518ea1234069a2dc1a5ac7ca7db6072bbf9022b464b8dfbc7b', 6, '92ded53e-e542-4345-aca2-9ed3f6e5ae42', 'Api Token', '[]', 0, '2021-04-16 11:02:21', '2021-04-16 11:02:21', '2021-05-01 07:02:20'),
('5a19c83a4f93f15d2af4439a32b749a7cb90c93213804c989ffc78df1c3169c6cd6b2e2c3842ef9e', 6, '92ded53e-e542-4345-aca2-9ed3f6e5ae42', 'Api Token', '[]', 0, '2021-03-31 14:34:28', '2021-03-31 14:34:28', '2021-04-15 10:34:28'),
('5a20e26d82366658ae014fc3f00b754576886f8906d51aae8d5c7a9a3de533966c70d97aeb33d7d2', 6, '92ded53e-e542-4345-aca2-9ed3f6e5ae42', 'Api Token', '[]', 0, '2021-04-13 15:59:02', '2021-04-13 15:59:02', '2021-04-28 11:59:01'),
('5a405fe3e87a1e0f228e33c5bfd6cfb26d6836de9643d1bdcb35fc6537c26c6eed7ff5153cb9122f', 6, '92ded53e-e542-4345-aca2-9ed3f6e5ae42', 'Api Token', '[]', 0, '2021-03-11 21:09:07', '2021-03-11 21:09:07', '2021-03-26 16:09:07'),
('5aab9cb0af3195fff9f8d6eccc390f813046d0546c8c19768a18186dd6184f1cd9a368312332aec9', 6, '92ded53e-e542-4345-aca2-9ed3f6e5ae42', 'Api Token', '[]', 0, '2021-04-06 17:32:18', '2021-04-06 17:32:18', '2021-04-21 13:32:18'),
('5abf62aa323b29da23dfbf2478a74382a8b78fe7bd598b8a544a0beac435ea3ef309795b9d41ea28', 6, '92ded53e-e542-4345-aca2-9ed3f6e5ae42', 'Api Token', '[]', 0, '2021-03-09 10:09:52', '2021-03-09 10:09:52', '2021-03-24 05:09:52'),
('5adfbbcfe385b3da806d53cbde91dbb58d5e424b4a3cfb050b06b6bf547cbbcd659a95670f3ae272', 6, '92ded53e-e542-4345-aca2-9ed3f6e5ae42', 'Api Token', '[]', 0, '2021-03-29 15:58:34', '2021-03-29 15:58:34', '2021-04-13 11:58:34'),
('5b0738ee19d56eef0d74249c55c0fbdcf154932e912acbea2b37325af45f2b30755e7144c9cb4bd9', 6, '92ded53e-e542-4345-aca2-9ed3f6e5ae42', 'Api Token', '[]', 0, '2021-04-27 13:26:24', '2021-04-27 13:26:24', '2021-05-12 09:26:24'),
('5b078ae6d3e7aa9d8e801b0d9ef9e185693584b5957e1a128dfe7585fb4bc9fe3ab8cf9217325ad4', 6, '92ded53e-e542-4345-aca2-9ed3f6e5ae42', 'Api Token', '[]', 0, '2021-04-01 09:40:09', '2021-04-01 09:40:09', '2021-04-16 05:40:08'),
('5b2fb9f8fdc7e165cb075a8175efb0af2589be71f6e8f4ae45920ada33ff1d4c38b41db4c02e0c1a', 6, '92ded53e-e542-4345-aca2-9ed3f6e5ae42', 'Api Token', '[]', 0, '2021-04-27 12:14:03', '2021-04-27 12:14:03', '2021-05-12 08:14:03'),
('5b35fdddcec2dca334f6efc448a587278906edc37d34d3a8a947436b2c69fb8a7d1edab4e69a2f53', 2, '92ded53e-e542-4345-aca2-9ed3f6e5ae42', 'Api Token', '[]', 0, '2021-06-18 16:12:03', '2021-06-18 16:12:03', '2021-07-03 12:12:03'),
('5b36d3c0e0a5ea50afc54cf92aab688df5057b1095d31889b00fa12717509376d24d95ccd4f58aed', 6, '92ded53e-e542-4345-aca2-9ed3f6e5ae42', 'Api Token', '[]', 0, '2021-03-08 16:49:20', '2021-03-08 16:49:20', '2021-03-23 11:49:19'),
('5b4e44cbbb761095a4e66c0b0b53192cd432bdbaa08f743994963364e946b4296c7099fe1f9db2ae', 6, '92ded53e-e542-4345-aca2-9ed3f6e5ae42', 'Api Token', '[]', 0, '2021-04-06 19:20:06', '2021-04-06 19:20:06', '2021-04-21 15:20:06'),
('5b69152b1ad029650f194a2d2fb8c50595bc60cc2d08b2c0cdc57bb21a2ceddc5218016e2d6286f0', 2, '92ded53e-e542-4345-aca2-9ed3f6e5ae42', 'Api Token', '[]', 0, '2021-06-23 11:39:44', '2021-06-23 11:39:44', '2021-07-08 07:39:43'),
('5b6f4609e17bec1de1b0ce0b8805f92b3fc565ab56c7bb72fbe0cf0ba1125078cace4597b523d2ab', 6, '92ded53e-e542-4345-aca2-9ed3f6e5ae42', 'Api Token', '[]', 0, '2021-03-08 12:48:38', '2021-03-08 12:48:38', '2021-03-23 07:48:38'),
('5bf8820eb57e702257c60c75f1e7f9b4153d0f11f30e8657cc37aee36a3214abbd3d37ea5b01b5e7', 6, '92ded53e-e542-4345-aca2-9ed3f6e5ae42', 'Api Token', '[]', 0, '2021-04-27 14:22:23', '2021-04-27 14:22:23', '2021-05-12 10:22:23'),
('5c0b34e76dd0d7f2256f33b14e4c6dfbf3e96671d18d674c1cc9f1416cf67f6cf4cae22111d36ca4', 6, '92ded53e-e542-4345-aca2-9ed3f6e5ae42', 'Api Token', '[]', 0, '2021-05-24 13:51:11', '2021-05-24 13:51:11', '2021-06-08 09:51:11'),
('5c4abc884ea63e706f545d2de651d9d6b22fb3e612776df6f3d23d3b4c5d35ed07d92408936520bd', 2, '92ded53e-e542-4345-aca2-9ed3f6e5ae42', 'Api Token', '[]', 0, '2021-06-18 16:10:57', '2021-06-18 16:10:57', '2021-07-03 12:10:57'),
('5cdfa8b2f3e7573c3041d95180b2c1b8855ed1abc7978769a0c15b08fd1c3589d3b2e0241838e041', 6, '92ded53e-e542-4345-aca2-9ed3f6e5ae42', 'Api Token', '[]', 0, '2021-04-26 13:09:31', '2021-04-26 13:09:31', '2021-05-11 09:09:31'),
('5d0767e24c1e563c8019c1f1b1b30fb35441e75b76620e174be5998fb4747f1dca515522bc1e8e6f', 6, '92ded53e-e542-4345-aca2-9ed3f6e5ae42', 'Api Token', '[]', 0, '2021-04-27 12:01:23', '2021-04-27 12:01:23', '2021-05-12 08:01:23'),
('5d2a5cba2a80ab79554ebc04ab30d82b746ab9cbdbd81c80c0ec30966409978f3240b4500d71b5af', 2, '92ded53e-e542-4345-aca2-9ed3f6e5ae42', 'Api Token', '[]', 0, '2021-06-18 15:35:42', '2021-06-18 15:35:42', '2021-07-03 11:35:42'),
('5d7f83ac9ea2155ebf83339ffcaf3829c20699fea2410cb1beea19228c1c28729001719920f7eebd', 6, '92ded53e-e542-4345-aca2-9ed3f6e5ae42', 'Api Token', '[]', 0, '2021-04-22 14:33:26', '2021-04-22 14:33:26', '2021-05-07 10:33:26'),
('5ec777f83d5d35b98948f6bebe6f9bf2d2fc057f0935d9a60295ba1ef86b136c5cdcd7408e9f7a0b', 6, '92ded53e-e542-4345-aca2-9ed3f6e5ae42', 'Api Token', '[]', 0, '2021-03-10 11:58:35', '2021-03-10 11:58:35', '2021-03-25 06:58:35'),
('5ef145ed8fe2ff0d3a185e0d91bb5fdce684a4462e7d9f6559f6079d42d6b4c4fb7f9617454fa6c3', 6, '92ded53e-e542-4345-aca2-9ed3f6e5ae42', 'Api Token', '[]', 0, '2021-03-05 16:04:10', '2021-03-05 16:04:10', '2021-03-20 11:04:09'),
('5f53218127de30c42d7bb17ea1ee03b5bdb0d758ebd99f3d764c3ad42f3a7f2059fbbadadee8d3f0', 6, '92ded53e-e542-4345-aca2-9ed3f6e5ae42', 'Api Token', '[]', 0, '2021-03-09 17:11:25', '2021-03-09 17:11:25', '2021-03-24 12:11:24'),
('5f5986acae3e3d21d103926d53efd7000082603803dbec0ecf76dd1ed817560f900b4524e0a75857', 6, '92ded53e-e542-4345-aca2-9ed3f6e5ae42', 'Api Token', '[]', 0, '2021-03-31 10:24:20', '2021-03-31 10:24:20', '2021-04-15 06:24:19'),
('5fa11ce91126983691966c6ed24ec557dde613d24b04234256035006b494f8c8cf79bde8a4e15d9c', 6, '92ded53e-e542-4345-aca2-9ed3f6e5ae42', 'Api Token', '[]', 0, '2021-04-14 13:22:43', '2021-04-14 13:22:43', '2021-04-29 09:22:43'),
('5fa29363d0c3c40a80dc2155fb4043ddd239b58f2f72515a9e00a2948b09f9f302799e82a3a9855e', 2, '92ded53e-e542-4345-aca2-9ed3f6e5ae42', 'Api Token', '[]', 0, '2021-06-18 10:37:21', '2021-06-18 10:37:21', '2021-07-03 06:37:21'),
('5fcedd9c61e6858597dd4764bf6ae895405f7b9401624bfae2d4a055601c6a44303926af0c5ca749', 2, '92ded53e-e542-4345-aca2-9ed3f6e5ae42', 'Api Token', '[]', 0, '2021-06-18 10:11:34', '2021-06-18 10:11:34', '2021-07-03 06:11:34'),
('5fe5f7e000d21b1b569ec760dff3276209cfb89f7ec5cd4d0910ac273cbf625cce1ba90a69b74fa1', 6, '92ded53e-e542-4345-aca2-9ed3f6e5ae42', 'Api Token', '[]', 0, '2021-04-27 15:12:16', '2021-04-27 15:12:16', '2021-05-12 11:12:15'),
('601689e6313fcf5263df42a2b46c61bbbf0264845df8ffbd4232b65637b3f6effef1573f2099da7d', 6, '92ded53e-e542-4345-aca2-9ed3f6e5ae42', 'Api Token', '[]', 0, '2021-03-11 20:00:39', '2021-03-11 20:00:39', '2021-03-26 15:00:39'),
('60299538114c37d326eb9667b1950fbe0fbe2363aede5c3654207d66479b5d47727618766cc3c66c', 6, '92ded53e-e542-4345-aca2-9ed3f6e5ae42', 'Api Token', '[]', 0, '2021-03-08 18:02:39', '2021-03-08 18:02:39', '2021-03-23 13:02:39'),
('602f4f8803be8a755e69a73106e3f39c531e668e4fb1b846ee7a7cccbaf042e37571aa0f6250dc11', 2, '92ded53e-e542-4345-aca2-9ed3f6e5ae42', 'Api Token', '[]', 0, '2021-06-16 15:58:08', '2021-06-16 15:58:08', '2021-07-01 11:58:07'),
('60905c5afb3921e20c234d46fe906fc12941fcfbf2dec4b027af7a5f3866dcda59dbc0aee51dbb4d', 6, '92ded53e-e542-4345-aca2-9ed3f6e5ae42', 'Api Token', '[]', 0, '2021-03-26 12:29:56', '2021-03-26 12:29:56', '2021-04-10 08:29:55'),
('60b835fe9daea190d1f8defd1898ca9857f24289f66ce6381d824a00afb76599f04ceef69cae6723', 6, '92ded53e-e542-4345-aca2-9ed3f6e5ae42', 'Api Token', '[]', 0, '2021-03-08 14:10:29', '2021-03-08 14:10:29', '2021-03-23 09:10:29'),
('619cc719d47f395e81d839a681783a053b5d98d44323f2e6feae4ebeb4c0e338b5b10b5b813b6643', 6, '92ded53e-e542-4345-aca2-9ed3f6e5ae42', 'Api Token', '[]', 0, '2021-03-08 18:23:11', '2021-03-08 18:23:11', '2021-03-23 13:23:11'),
('61e0ff5bed86449f90888efb030b02deafb307099ad655786d84aca33950d05c1110309385406dfe', 6, '92ded53e-e542-4345-aca2-9ed3f6e5ae42', 'Api Token', '[]', 0, '2021-03-26 13:10:08', '2021-03-26 13:10:08', '2021-04-10 09:10:08'),
('61ed878526a021483bb172d38f7b09acb6b71ecccc8081b5b3532e4ea16dcdaa4001c6a1fa1e2d6e', 6, '92ded53e-e542-4345-aca2-9ed3f6e5ae42', 'Api Token', '[]', 0, '2021-04-23 13:59:11', '2021-04-23 13:59:11', '2021-05-08 09:59:11'),
('62061c2281cc9362b3f725f94fa1eb89ed19d73fd1fc0bb9b6a0e5a07bbe15e3b0235f9fef521dc8', 2, '92ded53e-e542-4345-aca2-9ed3f6e5ae42', 'Api Token', '[]', 0, '2021-06-18 11:17:46', '2021-06-18 11:17:46', '2021-07-03 07:17:46'),
('625f0e848333d6bc1cf985490e71063c8126af8f5f236b89b1d15ca0424df29dec9cf98db6d18cdb', 6, '92ded53e-e542-4345-aca2-9ed3f6e5ae42', 'Api Token', '[]', 0, '2021-03-11 17:28:50', '2021-03-11 17:28:50', '2021-03-26 12:28:50'),
('6282c7eb201a303ecf98fea6f62479e4c7cb8973be46a584bbe52f13104f78d79bcd7ad6d3d57b7e', 6, '92ded53e-e542-4345-aca2-9ed3f6e5ae42', 'Api Token', '[]', 0, '2021-03-26 12:40:50', '2021-03-26 12:40:50', '2021-04-10 08:40:50'),
('6340ce317b8d4e679ea4815706c8558814a18706242d4fa907c2e993b7f4c86bb024eab42e1b8b36', 6, '92ded53e-e542-4345-aca2-9ed3f6e5ae42', 'Api Token', '[]', 0, '2021-05-17 09:54:51', '2021-05-17 09:54:51', '2021-06-01 05:54:51'),
('636f54783a72ec4b7d52247b6cd343f4bc4048ccc91cb2536d9b60ca53d52ede3768a99c711bdc1d', 6, '92ded53e-e542-4345-aca2-9ed3f6e5ae42', 'Api Token', '[]', 0, '2021-03-26 13:18:29', '2021-03-26 13:18:29', '2021-04-10 09:18:29'),
('6379e6729efd8ed197e2e198508923a56b86270ae44336deb8165b61a068fbebd2715fed611a3ce4', 6, '92ded53e-e542-4345-aca2-9ed3f6e5ae42', 'Api Token', '[]', 0, '2021-03-11 11:03:50', '2021-03-11 11:03:50', '2021-03-26 06:03:50'),
('6396134b306cb773b8b9fac49e56cbb0509daf0ae587fc66003d33bb37bb35dd89692936906f9c2d', 6, '92ded53e-e542-4345-aca2-9ed3f6e5ae42', 'Api Token', '[]', 0, '2021-04-15 12:56:14', '2021-04-15 12:56:14', '2021-04-30 08:56:14'),
('63b0fd859e344a03d38198eaf931e0b858fd84f13c0b7605041aabadcb8c6104dfebd440d04818e1', 6, '92ded53e-e542-4345-aca2-9ed3f6e5ae42', 'Api Token', '[]', 0, '2021-03-18 14:58:54', '2021-03-18 14:58:54', '2021-04-02 10:58:53'),
('642170f24d9ee98e5879405ee9ff135c118b6daff6c654880d34b1be3949697e3dbe802b9e5797de', 6, '92ded53e-e542-4345-aca2-9ed3f6e5ae42', 'Api Token', '[]', 0, '2021-04-01 09:12:27', '2021-04-01 09:12:27', '2021-04-16 05:12:27'),
('647da5e601116fb64965f98a8d9b041edfcc51a53893743a09d3eb3aafb6595c0e9604fc25833453', 6, '92ded53e-e542-4345-aca2-9ed3f6e5ae42', 'Api Token', '[]', 0, '2021-04-22 13:51:44', '2021-04-22 13:51:44', '2021-05-07 09:51:44'),
('649bd9a66b93093f523cec3fcf62d1de65f1930db195683b430d0ad3b300d51060b253638a52a822', 2, '92ded53e-e542-4345-aca2-9ed3f6e5ae42', 'Api Token', '[]', 0, '2021-06-21 12:29:55', '2021-06-21 12:29:55', '2021-07-06 08:29:55'),
('64af4ad5ad5ce3f03c0837680ba18c4ba4cba39132499dcf298c9c70c962c65e3dbb16b24cd148ac', 6, '92ded53e-e542-4345-aca2-9ed3f6e5ae42', 'Api Token', '[]', 0, '2021-04-22 11:31:37', '2021-04-22 11:31:37', '2021-05-07 07:31:37'),
('64e5722495f76da492bc985ab996c6a087da57f37bb480b24d3313a2e8793f9275e36ce44d71b835', 6, '92ded53e-e542-4345-aca2-9ed3f6e5ae42', 'Api Token', '[]', 0, '2021-03-12 12:23:40', '2021-03-12 12:23:40', '2021-03-27 07:23:40'),
('64eb60dd87baebab139776d2577a0ec5d201feea2e525dbda29c0809c7a021cac6f38265ed592bb7', 6, '92ded53e-e542-4345-aca2-9ed3f6e5ae42', 'Api Token', '[]', 1, '2021-04-14 14:55:31', '2021-04-14 14:55:31', '2021-04-29 10:55:31'),
('65249c0cd29cdee7812ba3a301105e3dbff7b47d67a986026a9451953610d41cea6719e25e06bd3b', 2, '92ded53e-e542-4345-aca2-9ed3f6e5ae42', 'Api Token', '[]', 0, '2021-06-21 15:33:19', '2021-06-21 15:33:19', '2021-07-06 11:33:19'),
('65dd585037350d899e00194a25080ee3e0e00e74e4941dad9aec5b3e9e4dad31f320bbc343930fd6', 2, '92ded53e-e542-4345-aca2-9ed3f6e5ae42', 'Api Token', '[]', 0, '2021-06-21 15:47:07', '2021-06-21 15:47:07', '2021-07-06 11:47:07'),
('6630f0fc157863aa8fd0a0d3966eda0ec327e5525febc527d90607e230e8bd2d76fea2cf9cf2b6e7', 6, '92ded53e-e542-4345-aca2-9ed3f6e5ae42', 'Api Token', '[]', 0, '2021-03-08 09:56:53', '2021-03-08 09:56:53', '2021-03-23 04:56:53'),
('66357e4200be238db1bf6e084758713ae80ba1e0e4a0811932dc17080be959616ed47ebfafdc392a', 6, '92ded53e-e542-4345-aca2-9ed3f6e5ae42', 'Api Token', '[]', 0, '2021-04-21 15:34:34', '2021-04-21 15:34:34', '2021-05-06 11:34:34'),
('66d6522ccc073d5add2eea433284a47e6b5842f3fde23a350a908d5c8b10f2e46c4e19246cb2085f', 6, '92ded53e-e542-4345-aca2-9ed3f6e5ae42', 'Api Token', '[]', 0, '2021-03-08 17:31:49', '2021-03-08 17:31:49', '2021-03-23 12:31:48'),
('670a1dd99708d73b7885539fe423e94dd2a225fdc5eec83a24303797bf507d454234184b9181c398', 6, '92ded53e-e542-4345-aca2-9ed3f6e5ae42', 'Api Token', '[]', 0, '2021-03-12 20:53:57', '2021-03-12 20:53:57', '2021-03-27 15:53:56'),
('67381750924d5ef78b6f56b4a80cc47281f01fd5a2b8efec2eaccc811e6690d480163d9bfe3143b6', 6, '92ded53e-e542-4345-aca2-9ed3f6e5ae42', 'Api Token', '[]', 0, '2021-03-12 16:10:32', '2021-03-12 16:10:32', '2021-03-27 11:10:32'),
('674e03dc90b63d45556663857b70b52a1860b77e3500accc474d06bdfc10b81890173b031bb3f968', 6, '92ded53e-e542-4345-aca2-9ed3f6e5ae42', 'Api Token', '[]', 0, '2021-03-10 10:56:25', '2021-03-10 10:56:25', '2021-03-25 05:56:24'),
('6755eb78c0e1d466c4f76bd818a7ea43e7661698a0f9941dc5255a24e90ddbaa85a1aa540621e796', 6, '92ded53e-e542-4345-aca2-9ed3f6e5ae42', 'Api Token', '[]', 0, '2021-04-23 12:11:29', '2021-04-23 12:11:29', '2021-05-08 08:11:29'),
('67784ac640818446001985fd98c22699c1216588157618daa039cf9feaba8058e6648f9544ca16cb', 6, '92ded53e-e542-4345-aca2-9ed3f6e5ae42', 'Api Token', '[]', 0, '2021-04-27 15:07:36', '2021-04-27 15:07:36', '2021-05-12 11:07:36'),
('678ab25c971ce86f392ed164bbeaa501c872ac0480c8022128ef6a02803a1f3a2e39584f4797a243', 6, '92ded53e-e542-4345-aca2-9ed3f6e5ae42', 'Api Token', '[]', 0, '2021-03-10 15:58:53', '2021-03-10 15:58:53', '2021-03-25 10:58:53'),
('6797ce81bcf5833bcbfd67a522e483f85004a245d5d31cf8f1bb7b25dd21d3edb0b4d911c4dfbad4', 6, '92ded53e-e542-4345-aca2-9ed3f6e5ae42', 'Api Token', '[]', 0, '2021-04-28 11:12:23', '2021-04-28 11:12:23', '2021-05-13 07:12:23'),
('68222ba140005357d20000a283f80b779e07ba52e03f8c6f2a3a031691de137bda360e5bef5b8db5', 6, '92ded53e-e542-4345-aca2-9ed3f6e5ae42', 'Api Token', '[]', 0, '2021-03-30 11:04:37', '2021-03-30 11:04:37', '2021-04-14 07:04:37'),
('684b1e95e6e04db462559a38656d570d5c0127e846a387b3648172da565a4a382b38052630c5d4ac', 6, '92ded53e-e542-4345-aca2-9ed3f6e5ae42', 'Api Token', '[]', 0, '2021-03-10 14:02:26', '2021-03-10 14:02:26', '2021-03-25 09:02:25'),
('68a74a8951452da5b14905bc8dc56bb978f9500c9e17071109b49dc460944a349b9f346fbee96190', 6, '92ded53e-e542-4345-aca2-9ed3f6e5ae42', 'Api Token', '[]', 0, '2021-03-12 11:07:58', '2021-03-12 11:07:58', '2021-03-27 06:07:57'),
('68b8689310182db893a3140bf7773c754397abab1d02ee128149956d2b9f6be060aa3946921af440', 6, '92ded53e-e542-4345-aca2-9ed3f6e5ae42', 'Api Token', '[]', 0, '2021-04-23 13:06:20', '2021-04-23 13:06:20', '2021-05-08 09:06:20'),
('68ce24a0b61d6002bbe3b30499df490330e7aa1c6f547f6e2acc7821f60dcd7fa7fba235ff34baa0', 2, '92ded53e-e542-4345-aca2-9ed3f6e5ae42', 'Api Token', '[]', 0, '2021-06-21 11:35:22', '2021-06-21 11:35:22', '2021-07-06 07:35:22'),
('68fbd1bc0902e5047e4a474fcb04ea72928715d51f94524790dd2fc0557a716f08e2a4c4e4a8af2a', 6, '92ded53e-e542-4345-aca2-9ed3f6e5ae42', 'Api Token', '[]', 0, '2021-03-10 16:19:17', '2021-03-10 16:19:17', '2021-03-25 11:19:17'),
('6901a24109dc1b6ade0754efe4addd3286c3e28198abb916c44f8191428dd57b82d18fa489897664', 2, '92ded53e-e542-4345-aca2-9ed3f6e5ae42', 'Api Token', '[]', 0, '2021-06-21 11:42:56', '2021-06-21 11:42:56', '2021-07-06 07:42:56'),
('695aab7528beafd441b723b70fe172409b3f12f4c8d38556ee3b0952844b91779923aeec436c3ac0', 6, '92ded53e-e542-4345-aca2-9ed3f6e5ae42', 'Api Token', '[]', 0, '2021-03-30 10:37:27', '2021-03-30 10:37:27', '2021-04-14 06:37:27'),
('6986473ab908f056fbade3bd30632d0f09760ee4c09def57657a480b5ca34884e5381fcdd9271106', 6, '92ded53e-e542-4345-aca2-9ed3f6e5ae42', 'Api Token', '[]', 0, '2021-03-30 09:26:21', '2021-03-30 09:26:21', '2021-04-14 05:26:21'),
('69ad7bad838ad853a2d68baa57489218452c652b6d55a9cd620f8743cd17b930851c5b9c7b622f40', 2, '92ded53e-e542-4345-aca2-9ed3f6e5ae42', 'Api Token', '[]', 0, '2021-06-21 13:06:12', '2021-06-21 13:06:12', '2021-07-06 09:06:12'),
('69d54c86c44194d317a13b05176240e6c547a79bd4d2a14334bb88c194a0a58193ab39e0734cd453', 6, '92ded53e-e542-4345-aca2-9ed3f6e5ae42', 'Api Token', '[]', 0, '2021-04-16 14:11:49', '2021-04-16 14:11:49', '2021-05-01 10:11:49'),
('6a1555a98b3ecb8e2909629646ba45bf81d8cd556d7fe28502e8c2aab07a7cca0d5d08127e642079', 6, '92ded53e-e542-4345-aca2-9ed3f6e5ae42', 'Api Token', '[]', 0, '2021-04-23 13:20:01', '2021-04-23 13:20:01', '2021-05-08 09:20:01'),
('6a7b8799a962c56eb386da97f315c913833f11fedd123e26a1ef3319d642161d6ddf84e44026f1db', 6, '92ded53e-e542-4345-aca2-9ed3f6e5ae42', 'Api Token', '[]', 0, '2021-03-26 13:22:48', '2021-03-26 13:22:48', '2021-04-10 09:22:48'),
('6abc19147947441f4ebdef160f265641ea88e2eb2acc050b99da7a4866c974ba22fc3f12c2ed1333', 6, '92ded53e-e542-4345-aca2-9ed3f6e5ae42', 'Api Token', '[]', 0, '2021-04-15 10:54:31', '2021-04-15 10:54:31', '2021-04-30 06:54:31'),
('6adf957c7e000a68d845f68dbf7cb03c11aa0c473e0236c752664b80880f87675f4d8d71b2565ec0', 6, '92ded53e-e542-4345-aca2-9ed3f6e5ae42', 'Api Token', '[]', 0, '2021-04-23 10:41:52', '2021-04-23 10:41:52', '2021-05-08 06:41:52'),
('6b030441f82a3e3763e7dff354119b808f8b4f95a06a7ccece949d134ebf9607cc6e3ebd417922e8', 2, '92ded53e-e542-4345-aca2-9ed3f6e5ae42', 'Api Token', '[]', 0, '2021-06-16 16:02:51', '2021-06-16 16:02:51', '2021-07-01 12:02:51'),
('6b1054cd866049ed4dfa352ba7247bbf4d62d38a0064c25d4b95ff3791bed7e2eb6ec4a1a2acaf5d', 6, '92ded53e-e542-4345-aca2-9ed3f6e5ae42', 'Api Token', '[]', 0, '2021-04-01 09:24:24', '2021-04-01 09:24:24', '2021-04-16 05:24:24'),
('6b1793855dc26783cfcb41c6ff6c93e97dda3e9c650c665d5cc84f10d7d79a64b605e27c32d5a647', 6, '92ded53e-e542-4345-aca2-9ed3f6e5ae42', 'Api Token', '[]', 0, '2021-04-22 12:00:35', '2021-04-22 12:00:35', '2021-05-07 08:00:35'),
('6b2726cb87f4a03417d760e5055955ba73d40f882b121b202f0ec28d3e08d0c292dddb469914a8c5', 6, '92ded53e-e542-4345-aca2-9ed3f6e5ae42', 'Api Token', '[]', 0, '2021-04-16 13:55:08', '2021-04-16 13:55:08', '2021-05-01 09:55:08'),
('6b341d6b66327bbb21c4eb6a2cd0717c8d763eb24fc3418f51f32e4302fecdda5b78f55d8e1b7706', 6, '92ded53e-e542-4345-aca2-9ed3f6e5ae42', 'Api Token', '[]', 0, '2021-04-23 13:43:05', '2021-04-23 13:43:05', '2021-05-08 09:43:05'),
('6b3f34021d3d70a2731ef79df613e24cd2e6a2393dfc8a4383e865d4fed294acbd3b39f69c327843', 6, '92ded53e-e542-4345-aca2-9ed3f6e5ae42', 'Api Token', '[]', 0, '2021-03-10 16:00:08', '2021-03-10 16:00:08', '2021-03-25 11:00:08'),
('6b5b71ac85e31a67f0f7242500228124cc07b57cbab966b5b97701f446a725dc6a015629b9e90307', 6, '92ded53e-e542-4345-aca2-9ed3f6e5ae42', 'Api Token', '[]', 0, '2021-04-23 10:38:44', '2021-04-23 10:38:44', '2021-05-08 06:38:43'),
('6b61f3a466380b9e364e73fbee796d2ebe227ba13acdc0d9ebbbe634a91ebd6b8cd5329715be3ae2', 6, '92ded53e-e542-4345-aca2-9ed3f6e5ae42', 'Api Token', '[]', 0, '2021-03-10 14:04:57', '2021-03-10 14:04:57', '2021-03-25 09:04:56'),
('6b6bdfd313b5279b676a3530441e9c4744862d9e24db9c73a8ae1a58a73bd685aa158398579a4b1b', 6, '92ded53e-e542-4345-aca2-9ed3f6e5ae42', 'Api Token', '[]', 0, '2021-03-17 09:53:48', '2021-03-17 09:53:48', '2021-04-01 05:53:47'),
('6b7fb4ba03850368f509fb13b365a74f8714459e6d255e702bc0014837c69ec8e3350f998ea19eb6', 6, '92ded53e-e542-4345-aca2-9ed3f6e5ae42', 'Api Token', '[]', 0, '2021-04-20 12:47:49', '2021-04-20 12:47:49', '2021-05-05 08:47:49'),
('6bc3131fea951478a91e0e01a681245e707efc991d581ec62c4b9f74559e76d3083de82ae620f3c3', 6, '92ded53e-e542-4345-aca2-9ed3f6e5ae42', 'Api Token', '[]', 0, '2021-03-17 17:16:10', '2021-03-17 17:16:10', '2021-04-01 13:16:10'),
('6bdb4456c652f0e1b47f34802ba65ae373f0c2d6adf25a127c5225a9f4e51a82ee8d655fc9019e56', 6, '92ded53e-e542-4345-aca2-9ed3f6e5ae42', 'Api Token', '[]', 0, '2021-04-23 12:20:35', '2021-04-23 12:20:35', '2021-05-08 08:20:35'),
('6c7f71d2c2454cd100fd631856b1acc847854225c69d24dbd1d5cb2282edce0ec827a6d0bd4362ed', 6, '92ded53e-e542-4345-aca2-9ed3f6e5ae42', 'Api Token', '[]', 0, '2021-04-28 13:44:20', '2021-04-28 13:44:20', '2021-05-13 09:44:20'),
('6cc9a7f4e4b245cf7decc32ef5f314b82ff4c27c447f996d4390efa009c4d532c86746d6f3f4b85e', 6, '92ded53e-e542-4345-aca2-9ed3f6e5ae42', 'Api Token', '[]', 0, '2021-04-21 16:15:02', '2021-04-21 16:15:02', '2021-05-06 12:15:02'),
('6cd0c88e20dbcf263ba5028ebda63cdd90c77eb028dca3b026ca13ccf68a320817133899211a69df', 6, '92ded53e-e542-4345-aca2-9ed3f6e5ae42', 'Api Token', '[]', 0, '2021-05-17 09:52:42', '2021-05-17 09:52:42', '2021-06-01 05:52:42'),
('6cf2e179cdfbe3ba49e193396344659714270909b6488619c7245f04989d885c87379f99230455bd', 6, '92ded53e-e542-4345-aca2-9ed3f6e5ae42', 'Api Token', '[]', 0, '2021-04-14 12:04:46', '2021-04-14 12:04:46', '2021-04-29 08:04:46'),
('6cf62fa755f6d661095698b7f63445373e51d57f737fc365b3fbfd92d05335d9e1db25243d1ba709', 2, '92ded53e-e542-4345-aca2-9ed3f6e5ae42', 'Api Token', '[]', 0, '2021-06-18 10:16:21', '2021-06-18 10:16:21', '2021-07-03 06:16:21'),
('6cfb81027f10d035981f988a7a0f4c78f60aa8c2d11a4d8774de85ba36ff8c2ab2dfbecb6bd1b196', 6, '92ded53e-e542-4345-aca2-9ed3f6e5ae42', 'Api Token', '[]', 0, '2021-04-22 14:38:44', '2021-04-22 14:38:44', '2021-05-07 10:38:44'),
('6d1f18450b17462f87bbde5c752f1f62545cfd6cdb2cc9cb25d5000fc9949f70ea32e7c1f6cd4cda', 6, '92ded53e-e542-4345-aca2-9ed3f6e5ae42', 'Api Token', '[]', 0, '2021-03-08 14:16:02', '2021-03-08 14:16:02', '2021-03-23 09:16:02'),
('6d3d219951d271fcd1d6d7a57f63a1f98ca47385d55cce197dc9a3ec4baf178bdcafb0b3b88e008b', 6, '92ded53e-e542-4345-aca2-9ed3f6e5ae42', 'Api Token', '[]', 0, '2021-03-10 15:57:08', '2021-03-10 15:57:08', '2021-03-25 10:57:08'),
('6d3e0ca1215d82f5ab7f7161592d7a3e6e6d2a0adbf08b1632a673132f84895276d3d986f3fe1889', 6, '92ded53e-e542-4345-aca2-9ed3f6e5ae42', 'Api Token', '[]', 0, '2021-04-27 11:45:32', '2021-04-27 11:45:32', '2021-05-12 07:45:32'),
('6d5a41d521b9472c85dded703413a31b8ecd185a0d6c2b622f42c49310730641982e1fe3b9195493', 6, '92ded53e-e542-4345-aca2-9ed3f6e5ae42', 'Api Token', '[]', 0, '2021-04-23 14:30:36', '2021-04-23 14:30:36', '2021-05-08 10:30:36'),
('6dc63d6f0a47e928c6284a29fa0ed737834da6322c5adca852b9a65208c945b2f204829e5f898cd0', 6, '92ded53e-e542-4345-aca2-9ed3f6e5ae42', 'Api Token', '[]', 0, '2021-03-08 16:25:02', '2021-03-08 16:25:02', '2021-03-23 11:25:01'),
('6dc981d85bf5caa7aa52685ea3e472b7239afd3f63035c86258a4a81674a216e8456efd4dfeb7b93', 6, '92ded53e-e542-4345-aca2-9ed3f6e5ae42', 'Api Token', '[]', 0, '2021-03-29 15:48:26', '2021-03-29 15:48:26', '2021-04-13 11:48:26'),
('6df8b8144a7c8df8e9e5cbf6a95bdcf9e7ad5537f0a91963ece0167849f273e2a6c7fedcf627e043', 6, '92ded53e-e542-4345-aca2-9ed3f6e5ae42', 'Api Token', '[]', 0, '2021-04-23 13:52:35', '2021-04-23 13:52:35', '2021-05-08 09:52:35'),
('6e0b226359ea43a4ed20988bfc67e93dc1e13c6d7b808b317f43decad1c03a493585a500cc94fe31', 6, '92ded53e-e542-4345-aca2-9ed3f6e5ae42', 'Api Token', '[]', 0, '2021-04-23 13:34:12', '2021-04-23 13:34:12', '2021-05-08 09:34:12'),
('6e19267e1b7570dc9b640d2e007bde428d8b90fb0d4f6d4211902d1d30dc987076f370d14be4c818', 6, '92ded53e-e542-4345-aca2-9ed3f6e5ae42', 'Api Token', '[]', 0, '2021-03-13 14:46:24', '2021-03-13 14:46:24', '2021-03-28 09:46:23'),
('6f0017ae10604ad3a6f3ce26b9b0645c01fdee7ea3931c6ddfbb8f648c20a8099f41fcc3bbe8522f', 6, '92ded53e-e542-4345-aca2-9ed3f6e5ae42', 'Api Token', '[]', 0, '2021-03-10 16:21:11', '2021-03-10 16:21:11', '2021-03-25 11:21:11'),
('6f1bd8a102739041f563c17bfb682913fcbcc9e2bd16ee9131c88d1a3d27c3f6f132ebc6cdb5e877', 6, '92ded53e-e542-4345-aca2-9ed3f6e5ae42', 'Api Token', '[]', 0, '2021-04-15 12:17:46', '2021-04-15 12:17:46', '2021-04-30 08:17:46'),
('6fb94973e83564a2213d22787d46dae5d76660f2ac2fc54e7a6879c51f05f89859516798b02d35a6', 6, '92ded53e-e542-4345-aca2-9ed3f6e5ae42', 'Api Token', '[]', 0, '2021-04-20 12:45:12', '2021-04-20 12:45:12', '2021-05-05 08:45:12'),
('6fc047196860173200241d4e32a0124d706aa656ac9c845936b9f0ee9bf76ed661c1129d27a71be2', 6, '92ded53e-e542-4345-aca2-9ed3f6e5ae42', 'Api Token', '[]', 0, '2021-03-12 16:07:31', '2021-03-12 16:07:31', '2021-03-27 11:07:31'),
('701d63aaa034f236766e75d7c205a19c0d068b65d7ee351191d561b1d1939317b21c4328fe801c57', 6, '92ded53e-e542-4345-aca2-9ed3f6e5ae42', 'Api Token', '[]', 0, '2021-03-09 11:16:48', '2021-03-09 11:16:48', '2021-03-24 06:16:48'),
('705ec63fd900fe5ceb340fb5b974b069099a429b63605d408b639731235698f2d2f671a5922863c8', 6, '92ded53e-e542-4345-aca2-9ed3f6e5ae42', 'Api Token', '[]', 0, '2021-03-12 12:17:56', '2021-03-12 12:17:56', '2021-03-27 07:17:56'),
('7076318e43ffccc91b43d18f157caaddb337fa755ab10f8e396d9d10f89bac0d7cd64942e413811d', 6, '92ded53e-e542-4345-aca2-9ed3f6e5ae42', 'Api Token', '[]', 0, '2021-03-11 20:31:54', '2021-03-11 20:31:54', '2021-03-26 15:31:54'),
('714418f1b16137a62d4ff7639f39e7ba28c5cbf58b41bd81c3bab16c8d9a8830da8570f64c5c95b1', 2, '92ded53e-e542-4345-aca2-9ed3f6e5ae42', 'Api Token', '[]', 0, '2021-06-22 11:41:13', '2021-06-22 11:41:13', '2021-07-07 07:41:12'),
('71744b45c2cae408bc3dfc861bc776161e9c6c0d5bb4b839c5f50c3a590cd29a17c00890d0b76d5e', 6, '92ded53e-e542-4345-aca2-9ed3f6e5ae42', 'Api Token', '[]', 0, '2021-03-16 11:55:48', '2021-03-16 11:55:48', '2021-03-31 07:55:47'),
('71925787973c59bfa40990cc4ef9b717e77cd3cc20684138772c21d126d25df88385b3a338eb6a95', 6, '92ded53e-e542-4345-aca2-9ed3f6e5ae42', 'Api Token', '[]', 0, '2021-03-26 12:58:02', '2021-03-26 12:58:02', '2021-04-10 08:58:01'),
('719d66c15c8740d79e6653a9db2702a1fdfc7c08d04ea7eb8314221c47d1126758d9f0b6b3c12709', 6, '92ded53e-e542-4345-aca2-9ed3f6e5ae42', 'Api Token', '[]', 0, '2021-04-20 10:44:31', '2021-04-20 10:44:31', '2021-05-05 06:44:31'),
('7242f1153a065e1366c463b00a166a715d82a33565cacbbf58f0da7d2c7eea602b7dbec6bd1d2afd', 6, '92ded53e-e542-4345-aca2-9ed3f6e5ae42', 'Api Token', '[]', 0, '2021-04-28 11:28:56', '2021-04-28 11:28:56', '2021-05-13 07:28:56'),
('7246e77ffbee81e5ff091ba2ad1802356c295c499acf16f28b75edabbe4313a3d184455e73227e4d', 6, '92ded53e-e542-4345-aca2-9ed3f6e5ae42', 'Api Token', '[]', 0, '2021-03-26 13:00:47', '2021-03-26 13:00:47', '2021-04-10 09:00:46'),
('72714c81b9f5ac0288e6a5ec6942495d50a32df5ee309a1219c082459e1dec113e04aaac42c24c4c', 6, '92ded53e-e542-4345-aca2-9ed3f6e5ae42', 'Api Token', '[]', 0, '2021-04-23 13:24:28', '2021-04-23 13:24:28', '2021-05-08 09:24:28'),
('727f8088fadeba816d89f8a9156dd80ca29f81f607187e369c330723eb40bf6fbcd5f3d309cd6f15', 6, '92ded53e-e542-4345-aca2-9ed3f6e5ae42', 'Api Token', '[]', 0, '2021-04-16 10:53:41', '2021-04-16 10:53:41', '2021-05-01 06:53:41'),
('72c1224fcabfd150e4dc4a18cc8e5eb46fb68c4e36bc649b2fa69467900975e28ff668eec64eab76', 6, '92ded53e-e542-4345-aca2-9ed3f6e5ae42', 'Api Token', '[]', 0, '2021-03-12 16:30:21', '2021-03-12 16:30:21', '2021-03-27 11:30:21'),
('72c83273eaddf1f01164e865d02768027596f7a58b8e50ae76f8e3314bd8691166880d9be4244277', 6, '92ded53e-e542-4345-aca2-9ed3f6e5ae42', 'Api Token', '[]', 0, '2021-03-10 15:04:44', '2021-03-10 15:04:44', '2021-03-25 10:04:44'),
('72cdc07572d658980278f3c65cfc187653f6c8bb4e511fcaeeac17ef4d2797b8ef6ed275a974fc01', 6, '92ded53e-e542-4345-aca2-9ed3f6e5ae42', 'Api Token', '[]', 0, '2021-04-15 10:14:48', '2021-04-15 10:14:48', '2021-04-30 06:14:47'),
('72dde84e1560a360fade81e305faa2b0c80ce7ca328403923251fd8557434927b657d6e5ae213ebf', 6, '92ded53e-e542-4345-aca2-9ed3f6e5ae42', 'Api Token', '[]', 0, '2021-03-12 11:06:27', '2021-03-12 11:06:27', '2021-03-27 06:06:26'),
('72f2a32babb58c1a807c1d4f2d1f3c0b3d2cf9ef6608ca0c917173a88cdaf5fc6e78d82bda5925ec', 6, '92ded53e-e542-4345-aca2-9ed3f6e5ae42', 'Api Token', '[]', 0, '2021-03-05 17:22:15', '2021-03-05 17:22:15', '2021-03-20 12:22:14'),
('7330d126030a3de2d52d11e5345dd7e6ab7c4629fb6c29b480a155e1f82dfbcd2651efb12057bd02', 6, '92ded53e-e542-4345-aca2-9ed3f6e5ae42', 'Api Token', '[]', 1, '2021-04-14 14:57:15', '2021-04-14 14:57:15', '2021-04-29 10:57:14'),
('73da5966fba4d5c32e29dcc103111199839231a0f0e3ce041ec8863adcdfb6baa6746b5ea1b76766', 2, '92ded53e-e542-4345-aca2-9ed3f6e5ae42', 'Api Token', '[]', 0, '2021-06-21 16:17:05', '2021-06-21 16:17:05', '2021-07-06 12:17:05'),
('740cf6bab520071edeb5b71210a009f94736c77844ac69d2b8d39073be65d1096c040e8646990305', 6, '92ded53e-e542-4345-aca2-9ed3f6e5ae42', 'Api Token', '[]', 0, '2021-04-14 13:34:49', '2021-04-14 13:34:49', '2021-04-29 09:34:49'),
('7448516ffe755eb3ad958e7e9c03412a764b2defbd6c392d06c0bda2cd78c017c5a730987d8a3ce9', 2, '92ded53e-e542-4345-aca2-9ed3f6e5ae42', 'Api Token', '[]', 0, '2021-06-21 11:00:51', '2021-06-21 11:00:51', '2021-07-06 07:00:51'),
('748de1a00f79c8ee820d7acf9d8d76945a30bc1744d1689b73e6ef995967e0019e55552baff1f4a2', 6, '92ded53e-e542-4345-aca2-9ed3f6e5ae42', 'Api Token', '[]', 0, '2021-03-09 12:32:18', '2021-03-09 12:32:18', '2021-03-24 07:32:17'),
('74ae18942d97b57e6d9b79b2c1f852e99c891ed3c890d7682253e3795a74b4810e497f1803cae1eb', 6, '92ded53e-e542-4345-aca2-9ed3f6e5ae42', 'Api Token', '[]', 0, '2021-03-16 11:24:15', '2021-03-16 11:24:15', '2021-03-31 07:24:15'),
('74ded5ee196ff8df31f635fde4a4ad74c10f2e844ce52c56160c824b2d2aed3ef51c6406b314290f', 2, '92ded53e-e542-4345-aca2-9ed3f6e5ae42', 'Api Token', '[]', 0, '2021-06-23 11:34:27', '2021-06-23 11:34:27', '2021-07-08 07:34:27'),
('74e91c178a796d597bd2e512b220f92a52c865c25efec3f7438b4b32c72fb8aad8d3d6c2ace09088', 6, '92ded53e-e542-4345-aca2-9ed3f6e5ae42', 'Api Token', '[]', 0, '2021-04-23 11:12:32', '2021-04-23 11:12:32', '2021-05-08 07:12:32'),
('74f84bebccbd0cd181c980b377fc4e86c71e1d63d2d45123ec10f203cd59708db1cc624af15ed78d', 6, '92ded53e-e542-4345-aca2-9ed3f6e5ae42', 'Api Token', '[]', 0, '2021-03-30 09:57:13', '2021-03-30 09:57:13', '2021-04-14 05:57:13'),
('7595ba7fa61360187114010d1af6c0b38f7f3e1d3a7421b2b38fcb88531213be46fa6b2a31e2881a', 6, '92ded53e-e542-4345-aca2-9ed3f6e5ae42', 'Api Token', '[]', 0, '2021-03-26 13:07:33', '2021-03-26 13:07:33', '2021-04-10 09:07:33'),
('75a98e7ac1ba1f103d61f0836fa52cd8f0eca5ee79082f9d0576bc53f0f92d5a282ab488354e999e', 6, '92ded53e-e542-4345-aca2-9ed3f6e5ae42', 'Api Token', '[]', 0, '2021-03-30 09:51:39', '2021-03-30 09:51:39', '2021-04-14 05:51:39'),
('762aa767540805ea389b826e00821d0530528d4ce6de6ebfcffcf290d087efa2d53c0b3d0ac61596', 6, '92ded53e-e542-4345-aca2-9ed3f6e5ae42', 'Api Token', '[]', 0, '2021-03-12 20:57:13', '2021-03-12 20:57:13', '2021-03-27 15:57:13'),
('76b421ee53c944b15892a2c5113f026e08e4d1dc908aeb14b105795c646585c61502bd962b2e10f1', 6, '92ded53e-e542-4345-aca2-9ed3f6e5ae42', 'Api Token', '[]', 0, '2021-03-30 10:42:36', '2021-03-30 10:42:36', '2021-04-14 06:42:35'),
('76cf4e446c367ae223e74c367fa67b628f7cf0c9cf140aae9f662f3688c0481b3b023101cf970fa4', 6, '92ded53e-e542-4345-aca2-9ed3f6e5ae42', 'Api Token', '[]', 0, '2021-03-12 20:50:32', '2021-03-12 20:50:32', '2021-03-27 15:50:32'),
('77585d40e702dec2f04aaa82bda3594142537322b8c364100fc8086f75ccf5b569aafab8f425b1c8', 6, '92ded53e-e542-4345-aca2-9ed3f6e5ae42', 'Api Token', '[]', 0, '2021-03-16 10:38:06', '2021-03-16 10:38:06', '2021-03-31 06:38:06'),
('7774c09824b921a1453628d5c857342d8fcd28522e26f0a9e68f804e745dca95f18aa9d48ec05c73', 6, '92ded53e-e542-4345-aca2-9ed3f6e5ae42', 'Api Token', '[]', 0, '2021-04-22 12:17:01', '2021-04-22 12:17:01', '2021-05-07 08:17:01'),
('778b33ed0c74a3926f775b40370830d780cbd6f24db5b5948c65dc41045395a4879973e35ee6d322', 6, '92ded53e-e542-4345-aca2-9ed3f6e5ae42', 'Api Token', '[]', 0, '2021-04-07 10:07:08', '2021-04-07 10:07:08', '2021-04-22 06:07:08'),
('77a9c017214da88da9a08a46148b56561d5ed2af74b077cfcd48ced28c9ca63b08e92c16f583a050', 6, '92ded53e-e542-4345-aca2-9ed3f6e5ae42', 'Api Token', '[]', 0, '2021-03-09 12:27:49', '2021-03-09 12:27:49', '2021-03-24 07:27:49'),
('77aed51fe0a7b395c42fcb2c3075e6f2bf2dddef2420e3cfd8915c7ec2d3411d30d3866c01ef71c3', 6, '92ded53e-e542-4345-aca2-9ed3f6e5ae42', 'Api Token', '[]', 0, '2021-03-16 11:58:11', '2021-03-16 11:58:11', '2021-03-31 07:58:11'),
('77f4dc55b408cc967226e4bfb4d6aa6c890fae934874b114f32bd4c0aa4853c1ae7dc77b2b27f52c', 6, '92ded53e-e542-4345-aca2-9ed3f6e5ae42', 'Api Token', '[]', 0, '2021-03-10 13:37:04', '2021-03-10 13:37:04', '2021-03-25 08:37:04'),
('77fe3b3281aee5af91d8025959eb60d56368f736cf95a6be90d6eba9807fd1b0158d7d66e1f87353', 6, '92ded53e-e542-4345-aca2-9ed3f6e5ae42', 'Api Token', '[]', 0, '2021-04-23 11:47:25', '2021-04-23 11:47:25', '2021-05-08 07:47:25'),
('78852b98870d45673f208ba253057eecc8038508965b18f9cb0b666ddc56e9b6fae77dde43efda80', 6, '92ded53e-e542-4345-aca2-9ed3f6e5ae42', 'Api Token', '[]', 0, '2021-03-26 13:09:16', '2021-03-26 13:09:16', '2021-04-10 09:09:16'),
('78d20816fbbb4574414e61df49b57211b8c459f2aeec77c989a5e2b855cba87a82fa875fce684d8c', 6, '92ded53e-e542-4345-aca2-9ed3f6e5ae42', 'Api Token', '[]', 0, '2021-04-06 19:17:47', '2021-04-06 19:17:47', '2021-04-21 15:17:47'),
('78f6cc0aa27f3c9ba4847991af0fbf2fa1c0e384727334bb70f185af609ca9c1d74e4f14936a5862', 6, '92ded53e-e542-4345-aca2-9ed3f6e5ae42', 'Api Token', '[]', 0, '2021-04-26 14:10:39', '2021-04-26 14:10:39', '2021-05-11 10:10:39'),
('793383d6fdaac2ddb536525f2b4677ecd7d2f8572ee29faf80df7b7fa3a0d3b1a51e2b5459f239d0', 6, '92ded53e-e542-4345-aca2-9ed3f6e5ae42', 'Api Token', '[]', 0, '2021-03-11 20:30:58', '2021-03-11 20:30:58', '2021-03-26 15:30:58'),
('795c2e868f8f4d5eb33498f8322fd0ec2cbcb8a4bf46e12dd0da7af1c4dc616091e04176c8d587ab', 6, '92ded53e-e542-4345-aca2-9ed3f6e5ae42', 'Api Token', '[]', 0, '2021-04-06 17:49:54', '2021-04-06 17:49:54', '2021-04-21 13:49:54'),
('79af3827ffc31290859a349c076b8f7ffdf22bbbbc4b5ce35fd2850c947067794c029d16fe018c27', 6, '92ded53e-e542-4345-aca2-9ed3f6e5ae42', 'Api Token', '[]', 0, '2021-03-09 16:19:35', '2021-03-09 16:19:35', '2021-03-24 11:19:35'),
('79b57ba2c39e23b259438f16f073367d53196e420c97206a2ba10b96efe3da00f9b18e7d604d7574', 6, '92ded53e-e542-4345-aca2-9ed3f6e5ae42', 'Api Token', '[]', 0, '2021-04-27 14:52:15', '2021-04-27 14:52:15', '2021-05-12 10:52:15'),
('79b88d7931a34fcdfccafdc1203527e7977c4d256ec0946ebd98252c77f38406fa8662e67b7a64cb', 6, '92ded53e-e542-4345-aca2-9ed3f6e5ae42', 'Api Token', '[]', 0, '2021-04-23 13:20:09', '2021-04-23 13:20:09', '2021-05-08 09:20:09'),
('7a21637e9b5c5953be36fa9ff772dfa74fc35911806f1f6a804431182fcb1751cd10538ef437e347', 6, '92ded53e-e542-4345-aca2-9ed3f6e5ae42', 'Api Token', '[]', 0, '2021-04-21 14:10:09', '2021-04-21 14:10:09', '2021-05-06 10:10:08'),
('7a4550a884892822640b9b0653df38c2a500c1a1dc885074c203feb6f2c8980cd22e22f76ef9474a', 6, '92ded53e-e542-4345-aca2-9ed3f6e5ae42', 'Api Token', '[]', 0, '2021-03-10 10:32:26', '2021-03-10 10:32:26', '2021-03-25 05:32:25'),
('7a7216a9db1ebe3d4b124a56bd642c882fe31ad8f60e35ee1403608703512bc3c9c2c7c35ee5f3ed', 6, '92ded53e-e542-4345-aca2-9ed3f6e5ae42', 'Api Token', '[]', 0, '2021-04-26 12:11:44', '2021-04-26 12:11:44', '2021-05-11 08:11:44'),
('7a8de27c1c0cd748f9b29b569f5c42da21beee110dea037320bae88405f085ba305df0c772f04c43', 6, '92ded53e-e542-4345-aca2-9ed3f6e5ae42', 'Api Token', '[]', 0, '2021-04-26 13:13:01', '2021-04-26 13:13:01', '2021-05-11 09:13:01'),
('7a8f0909805d3a688b27c89a64af9e8a30302f1c916ad6b057071cf7a778e2b4326ef74b6e03dc57', 6, '92ded53e-e542-4345-aca2-9ed3f6e5ae42', 'Api Token', '[]', 0, '2021-03-09 10:54:28', '2021-03-09 10:54:28', '2021-03-24 05:54:28'),
('7ab021680da37dc4ca462804f325ea3fbb734eb3d2b5122f76d6f7572a10f22b6123185d8461494e', 6, '92ded53e-e542-4345-aca2-9ed3f6e5ae42', 'Api Token', '[]', 0, '2021-04-27 14:28:23', '2021-04-27 14:28:23', '2021-05-12 10:28:23'),
('7ab484989b75587279bb0e0a20a4c98c968021e4fbec6181b4f39d955620a744fb5ea8f5b44e674b', 6, '92ded53e-e542-4345-aca2-9ed3f6e5ae42', 'Api Token', '[]', 0, '2021-03-08 18:16:44', '2021-03-08 18:16:44', '2021-03-23 13:16:44'),
('7b03d21184d46ebc00bcba2e4ce222edb53dbe6a5a2ec1e44f7b4d93c268b7d2c7aeee4fa115fe1a', 6, '92ded53e-e542-4345-aca2-9ed3f6e5ae42', 'Api Token', '[]', 0, '2021-03-31 14:20:19', '2021-03-31 14:20:19', '2021-04-15 10:20:19'),
('7bf0f1d90bc7bd498cca3fd41bdd9ef6592b9e04c5a7986ed426170e637d517ac086610fffeb2fdb', 6, '92ded53e-e542-4345-aca2-9ed3f6e5ae42', 'Api Token', '[]', 0, '2021-03-11 20:43:26', '2021-03-11 20:43:26', '2021-03-26 15:43:26'),
('7c08884e876d48bfd8366a1f97a156d3280a72028f1eebd7a6430a3aae2bc67f090561b161d05929', 6, '92ded53e-e542-4345-aca2-9ed3f6e5ae42', 'Api Token', '[]', 0, '2021-03-16 11:32:02', '2021-03-16 11:32:02', '2021-03-31 07:32:02'),
('7c1d0c32d7ed242b06dbdce5c851e541055d7e05864eda500f2c7929f557edb280871df42c5e7f23', 6, '92ded53e-e542-4345-aca2-9ed3f6e5ae42', 'Api Token', '[]', 0, '2021-03-30 10:05:53', '2021-03-30 10:05:53', '2021-04-14 06:05:53'),
('7c1e1e2feae326c11940c4c052d4183188ed6acf0809903397f3976142e2480670f2bb11c35b3991', 6, '92ded53e-e542-4345-aca2-9ed3f6e5ae42', 'Api Token', '[]', 0, '2021-03-08 13:31:05', '2021-03-08 13:31:05', '2021-03-23 08:31:04'),
('7c549d7c7a43cae08f1c9daf116564fb78561a333a1bff435f0e6cd115a3a8d0c4bcceaefdbc3c84', 6, '92ded53e-e542-4345-aca2-9ed3f6e5ae42', 'Api Token', '[]', 1, '2021-04-14 14:54:57', '2021-04-14 14:54:57', '2021-04-29 10:54:57'),
('7c6de4426ce8cb2ef81b458841e015ba717149443e95dea4db22a2e15b37182bb6ce9f98a5079dad', 6, '92ded53e-e542-4345-aca2-9ed3f6e5ae42', 'Api Token', '[]', 0, '2021-04-28 11:35:01', '2021-04-28 11:35:01', '2021-05-13 07:35:01'),
('7c79a789629f4a4383171306f2fa410b029af6a2565a3f253d045a1c2b818cf9441a56f8874b23cd', 6, '92ded53e-e542-4345-aca2-9ed3f6e5ae42', 'Api Token', '[]', 0, '2021-03-29 15:45:00', '2021-03-29 15:45:00', '2021-04-13 11:45:00'),
('7caba54da67dcf83fc62ccd09a0f96c4309e13f8725c4f1afb42778a55ee2a92626dc08be058fd5d', 6, '92ded53e-e542-4345-aca2-9ed3f6e5ae42', 'Api Token', '[]', 0, '2021-04-15 12:19:20', '2021-04-15 12:19:20', '2021-04-30 08:19:19'),
('7ccf70e79a2561b1b6c974a4dbd589d5e81b10c9edb9442ad0ef192b0faa9a3313b7fd60ceee6ebc', 6, '92ded53e-e542-4345-aca2-9ed3f6e5ae42', 'Api Token', '[]', 0, '2021-03-08 19:11:49', '2021-03-08 19:11:49', '2021-03-23 14:11:49'),
('7d1ddba22df365335ccfbbd68441193f4125b41ae4679fc935e59dac0429cf1cd96777188a2b0aee', 6, '92ded53e-e542-4345-aca2-9ed3f6e5ae42', 'Api Token', '[]', 0, '2021-03-30 10:04:44', '2021-03-30 10:04:44', '2021-04-14 06:04:44'),
('7d7cc67d29a0b142460c7b553c6c8614edc0d19e90770a476e6d8423428091ed01de97bc2ab1b213', 6, '92ded53e-e542-4345-aca2-9ed3f6e5ae42', 'Api Token', '[]', 0, '2021-04-01 09:18:10', '2021-04-01 09:18:10', '2021-04-16 05:18:10'),
('7d98ed0ca9baf1607208932f89a05f8302413d170df670c82c09f93329985b5e4dd4ee8bc634677f', 2, '92ded53e-e542-4345-aca2-9ed3f6e5ae42', 'Api Token', '[]', 0, '2021-06-21 12:12:44', '2021-06-21 12:12:44', '2021-07-06 08:12:44'),
('7de4a112978dc482cf38b75d825f4c5a597252cd076960f75592feb8b82e1a02ec0ab3bf7475a169', 6, '92ded53e-e542-4345-aca2-9ed3f6e5ae42', 'Api Token', '[]', 0, '2021-04-15 12:57:55', '2021-04-15 12:57:55', '2021-04-30 08:57:55'),
('7df5c18db17f4568fd69639fabbb5c179d6edfa268eaf96d6f280f541085b389ef58a9c9dd08d3a0', 6, '92ded53e-e542-4345-aca2-9ed3f6e5ae42', 'Api Token', '[]', 0, '2021-04-22 14:09:33', '2021-04-22 14:09:33', '2021-05-07 10:09:33'),
('7e0dc7fbdeb94ec88557e3efd7be1c163177f9a5ca46fc1a4e828220f85ef2ea217919976c886e90', 6, '92ded53e-e542-4345-aca2-9ed3f6e5ae42', 'Api Token', '[]', 0, '2021-04-16 14:27:38', '2021-04-16 14:27:38', '2021-05-01 10:27:38'),
('7e38a6c25abcdb75932e0c9d8896c889bcdf683b3932866592131d1e9e51c115973a1fa10bf73b60', 6, '92ded53e-e542-4345-aca2-9ed3f6e5ae42', 'Api Token', '[]', 0, '2021-03-22 18:54:24', '2021-03-22 18:54:24', '2021-04-06 14:54:24'),
('7e616836b7cfa6e123061b6609c31034d93b2a9cf2e7fc73a01e689aa65f9f4ce26e1fbd7954b663', 6, '92ded53e-e542-4345-aca2-9ed3f6e5ae42', 'Api Token', '[]', 0, '2021-03-08 16:39:08', '2021-03-08 16:39:08', '2021-03-23 11:39:08'),
('7e9ffc0a643fd3bbb6e34e0771f24d1a387dde63f173afbde6ed084d83f5db3e8b89266bbca0bc41', 2, '92ded53e-e542-4345-aca2-9ed3f6e5ae42', 'Api Token', '[]', 0, '2021-06-18 10:06:20', '2021-06-18 10:06:20', '2021-07-03 06:06:20'),
('7ea1c88aa8896fbe972cb3d92edf4afcdb52485d12995f1ac5b7b576418cf76e825ac43f220f2367', 6, '92ded53e-e542-4345-aca2-9ed3f6e5ae42', 'Api Token', '[]', 0, '2021-03-26 13:21:07', '2021-03-26 13:21:07', '2021-04-10 09:21:07'),
('7f7c1919e8093d5b95a3cc58fdf2a352bb2135598a5608247f72461d8fdde3f317e6098010d7ddfa', 6, '92ded53e-e542-4345-aca2-9ed3f6e5ae42', 'Api Token', '[]', 0, '2021-03-30 10:41:11', '2021-03-30 10:41:11', '2021-04-14 06:41:11'),
('7fc71e7693be78b5d7fbbf284a165c79265dae095865422a5a498925eb7835f2001ef720e290fa50', 2, '92ded53e-e542-4345-aca2-9ed3f6e5ae42', 'Api Token', '[]', 0, '2021-06-22 11:35:39', '2021-06-22 11:35:39', '2021-07-07 07:35:38'),
('7fcbe3b7c2c008d5848dfd4f4f1c4132bc22163d7149bf22b77c8c4e200c3c2c6485529aeff1b053', 6, '92ded53e-e542-4345-aca2-9ed3f6e5ae42', 'Api Token', '[]', 0, '2021-03-07 00:26:37', '2021-03-07 00:26:37', '2021-03-21 19:26:36'),
('806fdf7159b6eb368c4bb9d624c542512e5a239eea68f4d145d6b23d62bc0dec2e8753f4ef328225', 6, '92ded53e-e542-4345-aca2-9ed3f6e5ae42', 'Api Token', '[]', 0, '2021-04-20 10:35:22', '2021-04-20 10:35:22', '2021-05-05 06:35:22'),
('80738582f6463f865f90624ab8d1b65b22ab75e4a180575c9727df3a5131612aace9000d461a6ebb', 6, '92ded53e-e542-4345-aca2-9ed3f6e5ae42', 'Api Token', '[]', 0, '2021-04-23 14:28:20', '2021-04-23 14:28:20', '2021-05-08 10:28:20'),
('809a6788eac544af4dea0ed6d597b2a53cff2951d11b18807fceef9e24d2741e441a7fc1dd6eccd5', 2, '92ded53e-e542-4345-aca2-9ed3f6e5ae42', 'Api Token', '[]', 0, '2021-06-21 12:17:04', '2021-06-21 12:17:04', '2021-07-06 08:17:04'),
('8106836ac4ad346e8f27cd704abb56e3db14442ec8212b99fc44f6c3119ae1cd5968657e1fd82d14', 6, '92ded53e-e542-4345-aca2-9ed3f6e5ae42', 'Api Token', '[]', 0, '2021-03-30 09:56:35', '2021-03-30 09:56:35', '2021-04-14 05:56:35'),
('8119bfa90b74017c40fcef3c8c2fcdf659c68b4acc776788ebb20764829aa259aee1e05b8c0de97b', 2, '92ded53e-e542-4345-aca2-9ed3f6e5ae42', 'Api Token', '[]', 0, '2021-06-22 13:49:11', '2021-06-22 13:49:11', '2021-07-07 09:49:11'),
('813d225540bad665abb79a8a644ea4535fc862e7a06b54854d7434a50ac09452d98d76ad1bc7a141', 6, '92ded53e-e542-4345-aca2-9ed3f6e5ae42', 'Api Token', '[]', 0, '2021-03-08 19:02:28', '2021-03-08 19:02:28', '2021-03-23 14:02:28'),
('8167dd3e6b68cdabade1d7ce2070aa4ae628f78dcbeeb23d2c0257851554c72a8a6eb65f48342cd9', 6, '92ded53e-e542-4345-aca2-9ed3f6e5ae42', 'Api Token', '[]', 0, '2021-04-22 12:10:47', '2021-04-22 12:10:47', '2021-05-07 08:10:47'),
('81bd6386a541dd7a3cc00c613c233f9ae998512692ac188ad1b2c50100c53d2ca0b546499c8a5402', 6, '92ded53e-e542-4345-aca2-9ed3f6e5ae42', 'Api Token', '[]', 0, '2021-04-23 11:41:43', '2021-04-23 11:41:43', '2021-05-08 07:41:43'),
('81df8e0c8a9786d7e2bfe92195469bfe44ed2dd74b4b6af1bc09b02a729cbad15208be1cca1dcc97', 6, '92ded53e-e542-4345-aca2-9ed3f6e5ae42', 'Api Token', '[]', 0, '2021-04-22 14:37:49', '2021-04-22 14:37:49', '2021-05-07 10:37:48'),
('822b09310de9fe14542f4387bf7aafa4b9b0a0e726fe7cc1cd96a91c7182ea6cee8135de464a7e0a', 6, '92ded53e-e542-4345-aca2-9ed3f6e5ae42', 'Api Token', '[]', 0, '2021-04-15 13:22:41', '2021-04-15 13:22:41', '2021-04-30 09:22:40'),
('8234214b6a88f5746e6aeb5383b83d5d7d761b6d4ee99ca36d84d8bae72bebfcc81047513d7db621', 6, '92ded53e-e542-4345-aca2-9ed3f6e5ae42', 'Api Token', '[]', 0, '2021-04-23 11:31:33', '2021-04-23 11:31:33', '2021-05-08 07:31:33'),
('823af7e3310c9ec3a4d60bc1c754d393850d21d2fdf2fee312f83ada341fd51ee806596a993fbb3f', 6, '92ded53e-e542-4345-aca2-9ed3f6e5ae42', 'Api Token', '[]', 0, '2021-04-15 12:50:50', '2021-04-15 12:50:50', '2021-04-30 08:50:50'),
('8250e2ad08f13e12505f275950f5afcabb166a3c68380931fdb94521ce401485a3bf8426978d128d', 6, '92ded53e-e542-4345-aca2-9ed3f6e5ae42', 'Api Token', '[]', 0, '2021-03-11 10:50:36', '2021-03-11 10:50:36', '2021-03-26 05:50:36'),
('82d0cf987d9a977b24f7f931c4b5969551867673caf0ee252a89efb2bb3408d96dfb21a96d0ac931', 2, '92ded53e-e542-4345-aca2-9ed3f6e5ae42', 'Api Token', '[]', 0, '2021-06-18 10:17:41', '2021-06-18 10:17:41', '2021-07-03 06:17:41'),
('8302bd2043a86a2bba46dd3c08507a88ba5ef00925d4f7a7e0877ffbc5149ca5655d5dc0c2757da1', 6, '92ded53e-e542-4345-aca2-9ed3f6e5ae42', 'Api Token', '[]', 0, '2021-03-09 16:47:38', '2021-03-09 16:47:38', '2021-03-24 11:47:38'),
('833ac9307e19cb80e2dbb5127d8b1e88606c098a0195b9ca8bcaf35ffa57f830ccd8fcb7507dbe0d', 6, '92ded53e-e542-4345-aca2-9ed3f6e5ae42', 'Api Token', '[]', 0, '2021-04-23 10:18:35', '2021-04-23 10:18:35', '2021-05-08 06:18:35'),
('83422a99cdf3174c0b2e7082b01f340d2d1b0e5140c8dcbaafd89594f5eb02606fd9180d0682e223', 6, '92ded53e-e542-4345-aca2-9ed3f6e5ae42', 'Api Token', '[]', 0, '2021-04-22 12:59:25', '2021-04-22 12:59:25', '2021-05-07 08:59:25'),
('834e0c96cb2822537747dc11c026ed2d0caf5222ed604f4f89193f4550b9276ff4cbf69a44c540ee', 6, '92ded53e-e542-4345-aca2-9ed3f6e5ae42', 'Api Token', '[]', 0, '2021-04-23 14:02:33', '2021-04-23 14:02:33', '2021-05-08 10:02:32'),
('835ce43ee82f80c57212762200ef8211c778dd25b363b0e7b7d679401af30219d0a88097092f70d7', 6, '92ded53e-e542-4345-aca2-9ed3f6e5ae42', 'Api Token', '[]', 0, '2021-03-12 12:20:59', '2021-03-12 12:20:59', '2021-03-27 07:20:59'),
('83616bff0525a39f48c10e0a4c2441714b91d7f3eaa66507a953eacceea6042d1d77ded8f402268c', 6, '92ded53e-e542-4345-aca2-9ed3f6e5ae42', 'Api Token', '[]', 0, '2021-04-26 11:47:50', '2021-04-26 11:47:50', '2021-05-11 07:47:49'),
('83c5625d86e6562fd49d715a8edb42b4c1d86536f615d6a1310a034d7d3fc18f083a075defe55ab2', 6, '92ded53e-e542-4345-aca2-9ed3f6e5ae42', 'Api Token', '[]', 0, '2021-03-09 11:15:17', '2021-03-09 11:15:17', '2021-03-24 06:15:16'),
('84004d0ca0d174d20b14c9259cb45b59dd20cd4792593199a25cdc3e7ac0aef7dbfe4609eddee1b2', 6, '92ded53e-e542-4345-aca2-9ed3f6e5ae42', 'Api Token', '[]', 0, '2021-03-29 15:46:37', '2021-03-29 15:46:37', '2021-04-13 11:46:37'),
('84288c7382603df205ee8fd51659c055408d5fb9a7e7c48d0e05594e08327f0ebe344b4b32d32991', 6, '92ded53e-e542-4345-aca2-9ed3f6e5ae42', 'Api Token', '[]', 0, '2021-03-17 19:08:30', '2021-03-17 19:08:30', '2021-04-01 15:08:30'),
('846b4e329ea5f8739d0e38ce3ba447d6b6e6bf70e8bd0ba3a05a2b0cc59a0d9a161b51b0c479ddbc', 6, '92ded53e-e542-4345-aca2-9ed3f6e5ae42', 'Api Token', '[]', 0, '2021-03-08 14:38:06', '2021-03-08 14:38:06', '2021-03-23 09:38:06'),
('859d7fb31ae36fa9f1766b62e82793de2c7a7051d77550fb7c7554f59a95f699c37a370a5937cb7c', 6, '92ded53e-e542-4345-aca2-9ed3f6e5ae42', 'Api Token', '[]', 0, '2021-03-16 11:32:58', '2021-03-16 11:32:58', '2021-03-31 07:32:58'),
('85b1f6d05ad97002d040474bfb69d1adb348ed1e977047cdb387aeb10fd487739aa20316d538745a', 6, '92ded53e-e542-4345-aca2-9ed3f6e5ae42', 'Api Token', '[]', 0, '2021-03-09 15:44:34', '2021-03-09 15:44:34', '2021-03-24 10:44:34'),
('8601fef7ae1b89a5663585c16a0c5cf3d733c2bb0b2a369dde7bb4e94cf734af002f9abe190b2832', 6, '92ded53e-e542-4345-aca2-9ed3f6e5ae42', 'Api Token', '[]', 0, '2021-03-26 12:34:23', '2021-03-26 12:34:23', '2021-04-10 08:34:23'),
('86047aa9555100833549465c56207927a5bb9cfa1b249a71d608b9f86daa3807dc615f2a17516f35', 6, '92ded53e-e542-4345-aca2-9ed3f6e5ae42', 'Api Token', '[]', 0, '2021-03-12 11:25:12', '2021-03-12 11:25:12', '2021-03-27 06:25:12'),
('86118fba1e80e7cb4f62289bb03ed560a9e08c5e5f34ee03920a60f9bdc4c499ff2ebd57f848cfb0', 6, '92ded53e-e542-4345-aca2-9ed3f6e5ae42', 'Api Token', '[]', 0, '2021-03-09 16:25:54', '2021-03-09 16:25:54', '2021-03-24 11:25:54');
INSERT INTO `oauth_access_tokens` (`id`, `user_id`, `client_id`, `name`, `scopes`, `revoked`, `created_at`, `updated_at`, `expires_at`) VALUES
('8656af182a6482a890fa0e1ffdaa71c74aa19d4cc0ef4eb649d62fb383754d8e255e04889308ee1e', 6, '92ded53e-e542-4345-aca2-9ed3f6e5ae42', 'Api Token', '[]', 0, '2021-03-10 13:08:42', '2021-03-10 13:08:42', '2021-03-25 08:08:42'),
('867b8cff50d85dcf258a8f0d78b4345692f172fc3017cc4ff7ff643cf0200806ab4fb3a11d4b5a88', 6, '92ded53e-e542-4345-aca2-9ed3f6e5ae42', 'Api Token', '[]', 0, '2021-04-23 11:38:47', '2021-04-23 11:38:47', '2021-05-08 07:38:47'),
('8690f0f677aba89191cc5a4294edbe36265bed98165d9b307aa87215a1c81379a34c2400bef0e8bb', 6, '92ded53e-e542-4345-aca2-9ed3f6e5ae42', 'Api Token', '[]', 0, '2021-04-22 12:52:02', '2021-04-22 12:52:02', '2021-05-07 08:52:02'),
('87268776528082ae8e8ed14a7a7be4b03a353bdd2030b5ef2ab63c72949d851c373811567d730e12', 6, '92ded53e-e542-4345-aca2-9ed3f6e5ae42', 'Api Token', '[]', 0, '2021-03-08 16:32:38', '2021-03-08 16:32:38', '2021-03-23 11:32:37'),
('875abed2cd758ffd538d361c96b3419154ff84e4e4304022d091d2dbf33c0ccbb683a121cd61eb71', 6, '92ded53e-e542-4345-aca2-9ed3f6e5ae42', 'Api Token', '[]', 0, '2021-03-11 20:32:51', '2021-03-11 20:32:51', '2021-03-26 15:32:51'),
('87ab617ae6db203ab55587b7d929e32faebf6fc335f22d66fcf831a9aecdc079a1c6946ea686c134', 6, '92ded53e-e542-4345-aca2-9ed3f6e5ae42', 'Api Token', '[]', 0, '2021-04-20 12:02:33', '2021-04-20 12:02:33', '2021-05-05 08:02:32'),
('88619512e54255bff126fb25a43d21ba921f283c9c01c3a3f7491badf5e89c6d9106d486a5e7d2ec', 6, '92ded53e-e542-4345-aca2-9ed3f6e5ae42', 'Api Token', '[]', 0, '2021-03-08 14:02:58', '2021-03-08 14:02:58', '2021-03-23 09:02:57'),
('886c2a2fb00a9f4dd0c265b26e41c21c723caa123dd40265122be43f480f054dfd5de06a9998f783', 6, '92ded53e-e542-4345-aca2-9ed3f6e5ae42', 'Api Token', '[]', 0, '2021-03-26 12:47:08', '2021-03-26 12:47:08', '2021-04-10 08:47:08'),
('88d48cd32c04c4e0a3a3bf728b2621fdb01399258cb8bfe9a66198bceb72ff4206c31da2e52da029', 6, '92ded53e-e542-4345-aca2-9ed3f6e5ae42', 'Api Token', '[]', 0, '2021-04-20 13:50:45', '2021-04-20 13:50:45', '2021-05-05 09:50:45'),
('88f7c3ab3d9c3bb06975a5f4266a865621e92cf669a276812e5a0db00f6e889e0a499f638a7b46f9', 2, '92ded53e-e542-4345-aca2-9ed3f6e5ae42', 'Api Token', '[]', 0, '2021-06-21 16:12:54', '2021-06-21 16:12:54', '2021-07-06 12:12:54'),
('894a580f47603eece6d7dd058e16a803ef08e09706eb5dfa46a9b0472b1bd40e642d509a19a496ac', 6, '92ded53e-e542-4345-aca2-9ed3f6e5ae42', 'Api Token', '[]', 0, '2021-03-08 16:47:46', '2021-03-08 16:47:46', '2021-03-23 11:47:46'),
('8950a4e7c3ca3d2843c0767bbc02b33abc54733181bfd17039a74f70b9cab18f31ba8785f2c44ddd', 6, '92ded53e-e542-4345-aca2-9ed3f6e5ae42', 'Api Token', '[]', 0, '2021-03-30 09:12:20', '2021-03-30 09:12:20', '2021-04-14 05:12:20'),
('895a95ad1cf0ef993defbfb15d899e1a407f3009fd66ee692760027643f1116c32304d6388f3bc1f', 6, '92ded53e-e542-4345-aca2-9ed3f6e5ae42', 'Api Token', '[]', 0, '2021-04-21 16:03:24', '2021-04-21 16:03:24', '2021-05-06 12:03:24'),
('898607b470325b061d5b2242ff50444a589a1c595b4efa2b00145dbc1a4fc9c540226858f8ee4f92', 6, '92ded53e-e542-4345-aca2-9ed3f6e5ae42', 'Api Token', '[]', 0, '2021-04-27 13:04:55', '2021-04-27 13:04:55', '2021-05-12 09:04:55'),
('8ab87876c2d14ff438bb0a339c9f7e3a00f8612fd5a3e40b1cbf3bf4e74597c43d0dc83f835409e5', 6, '92ded53e-e542-4345-aca2-9ed3f6e5ae42', 'Api Token', '[]', 0, '2021-04-14 14:00:50', '2021-04-14 14:00:50', '2021-04-29 10:00:50'),
('8ad2b820833b2b93c46ba1dd5f1435e843bbe73d6cd3da8245ee9fc7d3ee0a00a2cd0e517dce88e1', 6, '92ded53e-e542-4345-aca2-9ed3f6e5ae42', 'Api Token', '[]', 0, '2021-03-10 14:07:50', '2021-03-10 14:07:50', '2021-03-25 09:07:49'),
('8ad3987d0f54563d81899cd92431ac67cb8ad8647cb6ae9718876f5ecfd1ae93a2c3560966de08ee', 6, '92ded53e-e542-4345-aca2-9ed3f6e5ae42', 'Api Token', '[]', 0, '2021-04-16 10:10:19', '2021-04-16 10:10:19', '2021-05-01 06:10:19'),
('8b2c8afc29c99a2b8be4786f50a2f14186ded4f0aed8c96804e54548c2bc5f0f63845dfa00144580', 6, '92ded53e-e542-4345-aca2-9ed3f6e5ae42', 'Api Token', '[]', 0, '2021-03-11 21:04:36', '2021-03-11 21:04:36', '2021-03-26 16:04:36'),
('8b65a38010e04cba7e23c7dad3818b52d15eb690ff01951ba76ddcfa7a90e6a3eed653100e4c4aba', 6, '92ded53e-e542-4345-aca2-9ed3f6e5ae42', 'Api Token', '[]', 0, '2021-04-15 13:22:04', '2021-04-15 13:22:04', '2021-04-30 09:22:04'),
('8b6fbcc5b81ab5e2af58d74fb907a2db2850532673c1c97cf1b3cfea7c09734cf591ee4156942074', 6, '92ded53e-e542-4345-aca2-9ed3f6e5ae42', 'Api Token', '[]', 0, '2021-04-06 19:07:54', '2021-04-06 19:07:54', '2021-04-21 15:07:54'),
('8ba12127c5362165883e9af51cd6573053e835b10085fab2ffeae699740390cfbcb9df2562b3058d', 6, '92ded53e-e542-4345-aca2-9ed3f6e5ae42', 'Api Token', '[]', 0, '2021-04-06 19:18:54', '2021-04-06 19:18:54', '2021-04-21 15:18:54'),
('8bc7457de6cffbf14a9650e7164efcee02eac1ddfb0a201644247e9da28589c809218810f73a2dfa', 6, '92ded53e-e542-4345-aca2-9ed3f6e5ae42', 'Api Token', '[]', 0, '2021-04-21 15:06:11', '2021-04-21 15:06:11', '2021-05-06 11:06:10'),
('8bd130623bb5041605715d2cb1102e804757f9bfeac7bd795657bb1e0c836387fd68b3b76a7681f0', 6, '92ded53e-e542-4345-aca2-9ed3f6e5ae42', 'Api Token', '[]', 0, '2021-03-04 07:09:31', '2021-03-04 07:09:31', '2021-03-19 12:09:31'),
('8c44b6a02b1b23ba95767676f70e30331bf95e9a6c315baeaa3b8d5b2aa04a770d80cef73c928bfd', 6, '92ded53e-e542-4345-aca2-9ed3f6e5ae42', 'Api Token', '[]', 0, '2021-03-05 17:24:09', '2021-03-05 17:24:09', '2021-03-20 12:24:09'),
('8cb480650c621a23670af976bf4af9b8e5ee04a9ab599a7d7721d43a3de018bd797c449675701072', 6, '92ded53e-e542-4345-aca2-9ed3f6e5ae42', 'Api Token', '[]', 0, '2021-03-16 11:12:03', '2021-03-16 11:12:03', '2021-03-31 07:12:03'),
('8cf60e7834ff4bec1d3002ee13ba3976d5208b87e976ce7e650bda7f37a5b53a8f90e4f70727c0dd', 6, '92ded53e-e542-4345-aca2-9ed3f6e5ae42', 'Api Token', '[]', 0, '2021-04-16 13:32:51', '2021-04-16 13:32:51', '2021-05-01 09:32:50'),
('8d1583b786c9f757663e824aa9022e961499de4bf96a52dd483c691ccfd39825f520fe11bb781f2a', 6, '92ded53e-e542-4345-aca2-9ed3f6e5ae42', 'Api Token', '[]', 0, '2021-03-10 17:40:09', '2021-03-10 17:40:09', '2021-03-25 12:40:09'),
('8d2a8511279d12bffebbb7855567d43ff1d280d7df15697603d3f7cd30b014478eee640f5b4cb74c', 6, '92ded53e-e542-4345-aca2-9ed3f6e5ae42', 'Api Token', '[]', 0, '2021-03-26 12:37:28', '2021-03-26 12:37:28', '2021-04-10 08:37:27'),
('8d6c17adcdc1b3f6d65c68841bb48c2fa5c033f5ef45f2d138917be6b0fae06f50aa2b9178d4ae71', 6, '92ded53e-e542-4345-aca2-9ed3f6e5ae42', 'Api Token', '[]', 0, '2021-05-24 13:45:33', '2021-05-24 13:45:33', '2021-06-08 09:45:33'),
('8d759d3bea7b94bce803d162286a5a8b82b56b3d92649500fe9255914a3568368266bc94bcfa19bf', 6, '92ded53e-e542-4345-aca2-9ed3f6e5ae42', 'Api Token', '[]', 0, '2021-04-21 15:58:03', '2021-04-21 15:58:03', '2021-05-06 11:58:03'),
('8da17a3e42cb2aac086374fd5db1155980b43831419175e839e671408690fe013cefa50cab782172', 6, '92ded53e-e542-4345-aca2-9ed3f6e5ae42', 'Api Token', '[]', 0, '2021-04-16 10:38:13', '2021-04-16 10:38:13', '2021-05-01 06:38:12'),
('8da67c8a938116f546da41fc8a1b53093c89b2f17c2cb50f6fa1d062bc067fc029e27a4b0c0ef57b', 6, '92ded53e-e542-4345-aca2-9ed3f6e5ae42', 'Api Token', '[]', 0, '2021-03-08 15:47:50', '2021-03-08 15:47:50', '2021-03-23 10:47:50'),
('8db7dbea98f372c4068a0301435f2fcb5d1df9163a16f04a6aaaf8c8360fc76522e888fef3077cf2', 6, '92ded53e-e542-4345-aca2-9ed3f6e5ae42', 'Api Token', '[]', 0, '2021-03-26 12:31:07', '2021-03-26 12:31:07', '2021-04-10 08:31:07'),
('8dcac39362bb3e679882f76fd44c272cd9648f10a226a4fca9b7fd02364023619751c3f838281bac', 6, '92ded53e-e542-4345-aca2-9ed3f6e5ae42', 'Api Token', '[]', 0, '2021-03-30 10:11:34', '2021-03-30 10:11:34', '2021-04-14 06:11:34'),
('8dd68c6d7be6f7c2cc53aee436bb056e87b26f94c8f79d3d37b49bd0d15ac785ced771e6b3410b38', 6, '92ded53e-e542-4345-aca2-9ed3f6e5ae42', 'Api Token', '[]', 0, '2021-03-10 14:01:13', '2021-03-10 14:01:13', '2021-03-25 09:01:13'),
('8de064e0069493e4871441f9d882c1ea6040c162721a43092264e89909484b78a7c00ec072171663', 6, '92ded53e-e542-4345-aca2-9ed3f6e5ae42', 'Api Token', '[]', 0, '2021-03-29 15:39:30', '2021-03-29 15:39:30', '2021-04-13 11:39:30'),
('8deefbab022fb679a7f1e9ee548fcdcf6e34d3244815faa280256f4d9db27b039b86efb37234ba22', 6, '92ded53e-e542-4345-aca2-9ed3f6e5ae42', 'Api Token', '[]', 0, '2021-04-01 09:42:03', '2021-04-01 09:42:03', '2021-04-16 05:42:03'),
('8df47816741c68a07e4775b15c3aab5661dbcb8c7e82aaf706f53c7899ed9f099f2c49594663089d', 6, '92ded53e-e542-4345-aca2-9ed3f6e5ae42', 'Api Token', '[]', 0, '2021-03-10 16:17:48', '2021-03-10 16:17:48', '2021-03-25 11:17:48'),
('8e1426b8afff7a0fa67255ceebd64c77305fae01023b6909284b642ca002bde574d09e0a2d7bd48d', 6, '92ded53e-e542-4345-aca2-9ed3f6e5ae42', 'Api Token', '[]', 0, '2021-04-06 18:49:48', '2021-04-06 18:49:48', '2021-04-21 14:49:48'),
('8e47b1c72d40bfe6788248d5000be8204c6b464588cd719641def976530bfa03bcbce30079c28daa', 6, '92ded53e-e542-4345-aca2-9ed3f6e5ae42', 'Api Token', '[]', 0, '2021-03-26 13:32:55', '2021-03-26 13:32:55', '2021-04-10 09:32:55'),
('8e7410a249b89e5a23e93901ef073fbd1d4afa8fff35490eb9b8d705242dc2eaf0c061821502f87f', 2, '92ded53e-e542-4345-aca2-9ed3f6e5ae42', 'Api Token', '[]', 0, '2021-06-16 11:20:45', '2021-06-16 11:20:45', '2021-07-01 07:20:45'),
('8f08ab12d440b2a6db91d2d9da829be282ba71dead676bcc525d120f5af69f7b030ee44223de0dad', 6, '92ded53e-e542-4345-aca2-9ed3f6e5ae42', 'Api Token', '[]', 0, '2021-03-30 09:44:30', '2021-03-30 09:44:30', '2021-04-14 05:44:30'),
('8f23835773e731354b6f50d7af37e865cb2a7cb173787109d2850990dc867d846b920b69eba5337d', 6, '92ded53e-e542-4345-aca2-9ed3f6e5ae42', 'Api Token', '[]', 0, '2021-04-06 17:13:48', '2021-04-06 17:13:48', '2021-04-21 13:13:48'),
('8f6230a60eecce343f0bbfe5a61971b25d3e9ed9def4c5ecd1bba2855f2f156fee8ed7d298523e07', 6, '92ded53e-e542-4345-aca2-9ed3f6e5ae42', 'Api Token', '[]', 0, '2021-04-15 12:02:52', '2021-04-15 12:02:52', '2021-04-30 08:02:52'),
('8f7a06f796fc86ee9ddc036182ccf32388a1ef4e3871620030f74d310e7556f0162fbd6881fc8a0e', 6, '92ded53e-e542-4345-aca2-9ed3f6e5ae42', 'Api Token', '[]', 0, '2021-04-27 13:15:57', '2021-04-27 13:15:57', '2021-05-12 09:15:57'),
('8fcb43c0b397e79ef7e506f9a464a54813a2b6fc9aaeca3826f9cd311816a9b9d72b58df1ccb753e', 6, '92ded53e-e542-4345-aca2-9ed3f6e5ae42', 'Api Token', '[]', 0, '2021-03-09 16:24:09', '2021-03-09 16:24:09', '2021-03-24 11:24:08'),
('90e01b1ac029abf9fb68bed5f42ef8ca9385d05b5aba62ac72b083218c7110935bffe2126724544e', 6, '92ded53e-e542-4345-aca2-9ed3f6e5ae42', 'Api Token', '[]', 0, '2021-05-24 13:50:57', '2021-05-24 13:50:57', '2021-06-08 09:50:57'),
('90fd4f628690f0b2f83cd6f0fdeee16a48e2f3f561c0423d8de041092467e06c472c0f2daef91391', 6, '92ded53e-e542-4345-aca2-9ed3f6e5ae42', 'Api Token', '[]', 0, '2021-03-10 10:42:25', '2021-03-10 10:42:25', '2021-03-25 05:42:25'),
('9145737561dbae4d4d7f3692593973a9c928773fcef02310be82e0dc146f53acd4883a8e9de8382c', 6, '92ded53e-e542-4345-aca2-9ed3f6e5ae42', 'Api Token', '[]', 0, '2021-04-26 12:13:03', '2021-04-26 12:13:03', '2021-05-11 08:13:02'),
('9165bf40714f856cc66734f0ec64fa365c81010659901db923a5c78cf6db2643f835168df57ee200', 6, '92ded53e-e542-4345-aca2-9ed3f6e5ae42', 'Api Token', '[]', 0, '2021-03-30 10:16:01', '2021-03-30 10:16:01', '2021-04-14 06:16:01'),
('91c2096d70ebe466b142df9da69e6c05fc7c30f8bbfcd3f82941d840d72df06aaa852ea82add06bd', 6, '92ded53e-e542-4345-aca2-9ed3f6e5ae42', 'Api Token', '[]', 0, '2021-03-12 18:59:33', '2021-03-12 18:59:33', '2021-03-27 13:59:32'),
('91ea7ab683afe46df9592b2d1728948c58fb19baffd4c06a91b29fde8d5e00289e5375b90d5408fa', 6, '92ded53e-e542-4345-aca2-9ed3f6e5ae42', 'Api Token', '[]', 1, '2021-03-10 10:35:28', '2021-03-10 10:35:28', '2021-03-25 05:35:28'),
('91f82bdcb304bbb2937d5747be43372800321f61987707fcb47c98465bc0001c367bc03dc882097d', 2, '92ded53e-e542-4345-aca2-9ed3f6e5ae42', 'Api Token', '[]', 0, '2021-06-22 15:18:24', '2021-06-22 15:18:24', '2021-07-07 11:18:24'),
('9224b6bbbd4b6b7146125f1f602ca497a86475a376402fdf2770a51f1f255f33b564c55f8b2ae8ab', 6, '92ded53e-e542-4345-aca2-9ed3f6e5ae42', 'Api Token', '[]', 0, '2021-03-30 10:18:25', '2021-03-30 10:18:25', '2021-04-14 06:18:25'),
('9294c95c85fff5682f31e5f4a35763ceb23ce91ae233c825f9635286ed5c1357f5227c6e25b9adfc', 6, '92ded53e-e542-4345-aca2-9ed3f6e5ae42', 'Api Token', '[]', 1, '2021-04-14 14:54:14', '2021-04-14 14:54:14', '2021-04-29 10:54:14'),
('93314d45f31b2159f7019e4507dfc31ef61c3fa3326f2dd565328ada6f2bf4da1e19429be66dc7ca', 6, '92ded53e-e542-4345-aca2-9ed3f6e5ae42', 'Api Token', '[]', 0, '2021-03-08 17:53:40', '2021-03-08 17:53:40', '2021-03-23 12:53:40'),
('934d0ad5fb76df1ef9b1cd7dcb24863039a22a3d4b3dd01289ff233f4c03baf6b9b5dc3887b4b3a3', 6, '92ded53e-e542-4345-aca2-9ed3f6e5ae42', 'Api Token', '[]', 0, '2021-04-06 17:59:14', '2021-04-06 17:59:14', '2021-04-21 13:59:14'),
('93a01f3b0b49a94bb7822be37089af2224e66a361a7d83504c958f62c66cbe9b0338dc852f84f2a0', 6, '92ded53e-e542-4345-aca2-9ed3f6e5ae42', 'Api Token', '[]', 0, '2021-04-26 13:57:12', '2021-04-26 13:57:12', '2021-05-11 09:57:12'),
('93bf4d80fa2cb249c4d342f7b8a1f1890f6c69231197c7ce9df06329345b5f9bdaa03e4e088ae088', 6, '92ded53e-e542-4345-aca2-9ed3f6e5ae42', 'Api Token', '[]', 0, '2021-04-21 16:45:33', '2021-04-21 16:45:33', '2021-05-06 12:45:33'),
('93c99c70269d1bc091b2d96c7eab6b5a959c929c5ce192bcd592df947d17bdb743bdfdf5617749c7', 6, '92ded53e-e542-4345-aca2-9ed3f6e5ae42', 'Api Token', '[]', 0, '2021-03-10 22:42:30', '2021-03-10 22:42:30', '2021-03-25 17:42:30'),
('93eeaf827e57b11aa76a308efc280be20342b7eaaf74b5c6dd27cfe5ca0513eab63a773a3c83f8e1', 6, '92ded53e-e542-4345-aca2-9ed3f6e5ae42', 'Api Token', '[]', 1, '2021-04-20 13:48:45', '2021-04-20 13:48:45', '2021-05-05 09:48:45'),
('95754565b8ff76b3f00b4f0fe9a7625a8954c3d65a6fa3e4310d27588deb80e56640f3db4d315f1a', 6, '92ded53e-e542-4345-aca2-9ed3f6e5ae42', 'Api Token', '[]', 0, '2021-03-26 12:36:32', '2021-03-26 12:36:32', '2021-04-10 08:36:32'),
('959b741de8b620c0513134c9e89429ffaa201bb140559d079b4df588a81af16cc9d3a15275ae97e2', 6, '92ded53e-e542-4345-aca2-9ed3f6e5ae42', 'Api Token', '[]', 0, '2021-03-11 11:09:20', '2021-03-11 11:09:20', '2021-03-26 06:09:20'),
('95d3001c31afa806cb3bbe2ed2ec098b927b02db07018dd64b0723d2df06b77c24d38f59e34582d6', 6, '92ded53e-e542-4345-aca2-9ed3f6e5ae42', 'Api Token', '[]', 0, '2021-03-26 12:41:20', '2021-03-26 12:41:20', '2021-04-10 08:41:20'),
('96272f28d9b77deeba86745ae85b50947a81fa4da6cdbb7e52a48927cfc142709bc0a307b2214985', 6, '92ded53e-e542-4345-aca2-9ed3f6e5ae42', 'Api Token', '[]', 0, '2021-03-30 09:42:12', '2021-03-30 09:42:12', '2021-04-14 05:42:12'),
('9680a9851dcb80ea63d06e460a99ab404cc22a9e0adf58c20ba03c9b86b320d737655cca694b4e9a', 2, '92ded53e-e542-4345-aca2-9ed3f6e5ae42', 'Api Token', '[]', 0, '2021-06-18 10:40:37', '2021-06-18 10:40:37', '2021-07-03 06:40:37'),
('9687af579b9825530cc64eab1cf1cdb1451881bc92f58369d1bd684b670176b369b2055e26d7c995', 6, '92ded53e-e542-4345-aca2-9ed3f6e5ae42', 'Api Token', '[]', 0, '2021-04-15 13:33:19', '2021-04-15 13:33:19', '2021-04-30 09:33:19'),
('969ef01cfaf9f36f040bf6ffc8f1a9e4c7e7424628698603f5b6acecbc8ba7f9e32461ccd2c552c6', 6, '92ded53e-e542-4345-aca2-9ed3f6e5ae42', 'Api Token', '[]', 1, '2021-05-24 13:53:17', '2021-05-24 13:53:17', '2021-06-08 09:53:17'),
('96f62159658761f7b32ff5aa9e48181367fe1a3e69eb33bc92cb6cc10e3bd960cbc7f2fac5a48090', 6, '92ded53e-e542-4345-aca2-9ed3f6e5ae42', 'Api Token', '[]', 0, '2021-03-09 10:04:30', '2021-03-09 10:04:30', '2021-03-24 05:04:30'),
('972ef21386b4288f349cbbee91b9919514a08ca432e4a5bc183b87230ccf2ca256373fb57aa15068', 6, '92ded53e-e542-4345-aca2-9ed3f6e5ae42', 'Api Token', '[]', 0, '2021-04-21 16:25:58', '2021-04-21 16:25:58', '2021-05-06 12:25:58'),
('97b07f5aed64f0b4a8fbb593ebc03bfbc3ea7669c965652cba96425135757062fcf1f0a6391aaba8', 6, '92ded53e-e542-4345-aca2-9ed3f6e5ae42', 'Api Token', '[]', 0, '2021-03-10 17:29:21', '2021-03-10 17:29:21', '2021-03-25 12:29:21'),
('97b51ae25caf153340a39c97ce2c53aaccfa75bc77af6f6a99517166f896e8732c0544ed8f7f276e', 6, '92ded53e-e542-4345-aca2-9ed3f6e5ae42', 'Api Token', '[]', 0, '2021-03-29 16:08:56', '2021-03-29 16:08:56', '2021-04-13 12:08:56'),
('97bea9e4a47e4f40a790679921ff6b86c7789d498b5bd0fea12ae4aa96c658bd7a89980dee28d41b', 6, '92ded53e-e542-4345-aca2-9ed3f6e5ae42', 'Api Token', '[]', 0, '2021-04-28 11:11:38', '2021-04-28 11:11:38', '2021-05-13 07:11:38'),
('980c78c0ed2f7b3d7f701db4c79c169084b994a22667db1528f0e2b3697d37fce31a4e0791a92cda', 6, '92ded53e-e542-4345-aca2-9ed3f6e5ae42', 'Api Token', '[]', 0, '2021-03-12 20:52:41', '2021-03-12 20:52:41', '2021-03-27 15:52:41'),
('9824b7e18f94014f1f1675f92e5c78c55881b99425a65dc049462313ce29faa064fd6d9654fd1870', 6, '92ded53e-e542-4345-aca2-9ed3f6e5ae42', 'Api Token', '[]', 0, '2021-03-13 16:44:06', '2021-03-13 16:44:06', '2021-03-28 11:44:06'),
('9846dc4d1c95ec9ba901299b43077357969e427ce614331871576ccecfbbb2dc387ff7af0804bed4', 6, '92ded53e-e542-4345-aca2-9ed3f6e5ae42', 'Api Token', '[]', 0, '2021-04-23 13:21:17', '2021-04-23 13:21:17', '2021-05-08 09:21:16'),
('984b78eb4a6a9b1fd50381049f80b45f78ffedd20d972e35f3ade629f7097d85612a1a3584a38f27', 6, '92ded53e-e542-4345-aca2-9ed3f6e5ae42', 'Api Token', '[]', 1, '2021-03-10 10:40:30', '2021-03-10 10:40:30', '2021-03-25 05:40:30'),
('985487e0c8bdd4174cd04560214e5353b982c1129fefafa79f456e47b71bc2dccd0f5c8faa46ce96', 2, '92ded53e-e542-4345-aca2-9ed3f6e5ae42', 'Api Token', '[]', 0, '2021-06-22 15:02:47', '2021-06-22 15:02:47', '2021-07-07 11:02:47'),
('987f49cd4bb2b39a74ebaa4c8b20ac8ccfde0902b2e507bee2d613eb4faeb50317bcddc96a20d70d', 6, '92ded53e-e542-4345-aca2-9ed3f6e5ae42', 'Api Token', '[]', 0, '2021-04-27 13:52:54', '2021-04-27 13:52:54', '2021-05-12 09:52:54'),
('98ece109837e72532ba0ae57536d2bd6c688b8b7e7a4504bd0dee7c29b0af5e8f77f0a782cbe3bb5', 2, '92ded53e-e542-4345-aca2-9ed3f6e5ae42', 'Api Token', '[]', 0, '2021-06-22 14:41:49', '2021-06-22 14:41:49', '2021-07-07 10:41:49'),
('9908273c2695ebfb6f19e9bee02f57225595d6c57f3384dd3d9fbbe41be8438016c665e084d0dc2d', 6, '92ded53e-e542-4345-aca2-9ed3f6e5ae42', 'Api Token', '[]', 0, '2021-04-01 08:59:15', '2021-04-01 08:59:15', '2021-04-16 04:59:14'),
('993eace000e3f8c9f97a4f586e819cbe59e41bccc8147b64a6f19ddc5358be37814a741b4a184977', 6, '92ded53e-e542-4345-aca2-9ed3f6e5ae42', 'Api Token', '[]', 0, '2021-03-08 13:25:30', '2021-03-08 13:25:30', '2021-03-23 08:25:30'),
('9945cb89f796455c6b9bcf5c201d5adcab122e06f75de149e6a967ab8329b9d89df364bae236bc33', 6, '92ded53e-e542-4345-aca2-9ed3f6e5ae42', 'Api Token', '[]', 0, '2021-03-10 14:06:09', '2021-03-10 14:06:09', '2021-03-25 09:06:09'),
('995c03c60c1b00419a74eefeed43fe57d9a13789aa62b1956da2a8dfc41dc15a2123ca789e8ee70d', 6, '92ded53e-e542-4345-aca2-9ed3f6e5ae42', 'Api Token', '[]', 0, '2021-04-14 14:57:14', '2021-04-14 14:57:14', '2021-04-29 10:57:14'),
('995dd1260cd2a760ce9c5307f37fa316d3e63adc81f635af9f0c4feca5d72830b8b99b56bad8aa26', 6, '92ded53e-e542-4345-aca2-9ed3f6e5ae42', 'Api Token', '[]', 0, '2021-03-12 18:56:06', '2021-03-12 18:56:06', '2021-03-27 13:56:06'),
('998dc9cf74240955c9de6cead5d6aa6739ba77f6d96a16f4ce43740c850959bc18bbaf25e1445a63', 6, '92ded53e-e542-4345-aca2-9ed3f6e5ae42', 'Api Token', '[]', 0, '2021-04-07 11:29:15', '2021-04-07 11:29:15', '2021-04-22 07:29:15'),
('99adb9dc1ec8db669e8b36eadbf7cbf85cf8f8e49bb17ecd58a3c75aca62bfaab7337dd7025db408', 6, '92ded53e-e542-4345-aca2-9ed3f6e5ae42', 'Api Token', '[]', 0, '2021-04-16 10:42:31', '2021-04-16 10:42:31', '2021-05-01 06:42:31'),
('99dcba0e3fe4720467229c525c5c79b2c343a0b136a7c122732dff613b6a8bf5456aad3eec54ec26', 6, '92ded53e-e542-4345-aca2-9ed3f6e5ae42', 'Api Token', '[]', 0, '2021-04-20 11:08:00', '2021-04-20 11:08:00', '2021-05-05 07:08:00'),
('9a01ea89fb3a40a2cbeb1dec7df8f971643bd65f3580af1acefb24404673768de3bbf6b29ea87408', 6, '92ded53e-e542-4345-aca2-9ed3f6e5ae42', 'Api Token', '[]', 0, '2021-04-15 12:22:10', '2021-04-15 12:22:10', '2021-04-30 08:22:10'),
('9a05f13a9eb6129fa5fcfe517fbfe612df0caa8327d2858e8a301eb6f82866fc4ce53d99937c3876', 6, '92ded53e-e542-4345-aca2-9ed3f6e5ae42', 'Api Token', '[]', 0, '2021-04-06 17:54:36', '2021-04-06 17:54:36', '2021-04-21 13:54:36'),
('9a2cbe1757ac59390e680a0696164931effca2f4d2575df695493390a0f61356efff2453b5deeb89', 6, '92ded53e-e542-4345-aca2-9ed3f6e5ae42', 'Api Token', '[]', 0, '2021-04-20 13:40:37', '2021-04-20 13:40:37', '2021-05-05 09:40:37'),
('9a454d7bab16232874fdaae58fc75b64448dc9704b38096f06d44c3eda9acd425b3052c4fa1e49eb', 6, '92ded53e-e542-4345-aca2-9ed3f6e5ae42', 'Api Token', '[]', 0, '2021-03-10 13:52:55', '2021-03-10 13:52:55', '2021-03-25 08:52:55'),
('9a7d44d0cc3d6941f68dda6089753a5afc6d8896d4fec8eccd8872451857cf4c31ede80f0c71df37', 2, '92ded53e-e542-4345-aca2-9ed3f6e5ae42', 'Api Token', '[]', 0, '2021-06-16 14:39:32', '2021-06-16 14:39:32', '2021-07-01 10:39:32'),
('9aaed57ba6135185fcbbb92bdd533ecdee9464343532c171746bcc8c7adfb82d40206d1fef06bbf8', 6, '92ded53e-e542-4345-aca2-9ed3f6e5ae42', 'Api Token', '[]', 0, '2021-04-22 14:25:26', '2021-04-22 14:25:26', '2021-05-07 10:25:26'),
('9ab5e4681630c8bd07b717c13bb14634a91882291203830c9a7e6c12f94b3c1036d36e31e0e2fd89', 6, '92ded53e-e542-4345-aca2-9ed3f6e5ae42', 'Api Token', '[]', 0, '2021-03-30 10:24:12', '2021-03-30 10:24:12', '2021-04-14 06:24:11'),
('9ad6c12f8385e059a790f4b68243ef8bc33e7fde3e09548d95d554dbf6526c8efa46ec3e581e5a5d', 6, '92ded53e-e542-4345-aca2-9ed3f6e5ae42', 'Api Token', '[]', 0, '2021-03-10 16:46:21', '2021-03-10 16:46:21', '2021-03-25 11:46:21'),
('9aff5417df8532cbf752e55868bba5efe78f63ff6819f82dfe207b14a87a01507f9bfbe40ea47432', 6, '92ded53e-e542-4345-aca2-9ed3f6e5ae42', 'Api Token', '[]', 0, '2021-03-09 10:41:57', '2021-03-09 10:41:57', '2021-03-24 05:41:57'),
('9b39e1031416969e74f800cf89b692b437673adfc9e884019ba4394ba0164bee768c23efc8e9d7b0', 6, '92ded53e-e542-4345-aca2-9ed3f6e5ae42', 'Api Token', '[]', 0, '2021-03-04 06:34:33', '2021-03-04 06:34:33', '2021-03-19 11:34:33'),
('9b478e8b8fb3b57923e4953a94ab04ff251607bcd827ced40f19fd304b10a95ec0efbfccfaab5ab6', 6, '92ded53e-e542-4345-aca2-9ed3f6e5ae42', 'Api Token', '[]', 0, '2021-03-11 11:03:17', '2021-03-11 11:03:17', '2021-03-26 06:03:17'),
('9b4cacf1c42b9600153afcb9be7d6e9f01f9a21fe05ef49b37c2484fb37a57201b50fa9fc39c079c', 6, '92ded53e-e542-4345-aca2-9ed3f6e5ae42', 'Api Token', '[]', 0, '2021-03-09 16:11:14', '2021-03-09 16:11:14', '2021-03-24 11:11:14'),
('9b71c6bc4cd04582590e02bf104836f1a82a7c2ddaa04889b6473bf6ec7d7a2ddb1e9314029cf69e', 6, '92ded53e-e542-4345-aca2-9ed3f6e5ae42', 'Api Token', '[]', 0, '2021-04-26 12:21:28', '2021-04-26 12:21:28', '2021-05-11 08:21:28'),
('9bba4177692a3e54fd17a252d39e44e403231d3c997b5739d19010d66d1e945542b63222497d1268', 6, '92ded53e-e542-4345-aca2-9ed3f6e5ae42', 'Api Token', '[]', 0, '2021-03-09 12:38:08', '2021-03-09 12:38:08', '2021-03-24 07:38:08'),
('9bf7d6cb26ebb8249e5442ed35079a8d90e9af1ffe78aa8f3c261fbd5ef62e6a42f0eb500aef079d', 6, '92ded53e-e542-4345-aca2-9ed3f6e5ae42', 'Api Token', '[]', 0, '2021-04-23 13:48:05', '2021-04-23 13:48:05', '2021-05-08 09:48:05'),
('9c2f513ec094786244dbae9840b56d14324b1dc5747e352319ba69a82bb47bfc8fb4dd6041934c4f', 6, '92ded53e-e542-4345-aca2-9ed3f6e5ae42', 'Api Token', '[]', 0, '2021-04-27 15:24:37', '2021-04-27 15:24:37', '2021-05-12 11:24:36'),
('9c36b369f1de2d32cfd67635d9f72b4b546b3bd5c4b280feacaae7c6b7ea7d137ac8fb2b3a5a79c0', 6, '92ded53e-e542-4345-aca2-9ed3f6e5ae42', 'Api Token', '[]', 0, '2021-03-26 12:47:45', '2021-03-26 12:47:45', '2021-04-10 08:47:45'),
('9c8eb55c58dc11e0112c5126d4771cfd223f9b07b013cc790b7e9d078b31a8f5888b09a756ad443c', 6, '92ded53e-e542-4345-aca2-9ed3f6e5ae42', 'Api Token', '[]', 0, '2021-03-08 14:00:11', '2021-03-08 14:00:11', '2021-03-23 09:00:11'),
('9c9309189fdae32d0e439d63e85221b54a61596980d713872bb35879a6098418edeecf91c7e4cdee', 6, '92ded53e-e542-4345-aca2-9ed3f6e5ae42', 'Api Token', '[]', 0, '2021-05-17 09:48:45', '2021-05-17 09:48:45', '2021-06-01 05:48:45'),
('9c95f471d26f5512207cbc4529c5f1a6869d7a5b6b55eaf4ca37a927ce93069efe0c2ee0974e89ef', 6, '92ded53e-e542-4345-aca2-9ed3f6e5ae42', 'Api Token', '[]', 0, '2021-03-26 12:59:04', '2021-03-26 12:59:04', '2021-04-10 08:59:03'),
('9cb334a05ffcb31f36293e10441ae336d21ae0ca4805ce4c3e80fa222c39107eed4028b7985a2bc4', 6, '92ded53e-e542-4345-aca2-9ed3f6e5ae42', 'Api Token', '[]', 0, '2021-03-31 13:29:47', '2021-03-31 13:29:47', '2021-04-15 09:29:47'),
('9cb94df791667594baf78e404babdaa4b1335a89575f7adffc82f7663792c30b439d95c1b7a48c09', 6, '92ded53e-e542-4345-aca2-9ed3f6e5ae42', 'Api Token', '[]', 0, '2021-03-31 14:14:45', '2021-03-31 14:14:45', '2021-04-15 10:14:44'),
('9cc0b7085e0c2ba85e59d0541dd50277030f5a958f2031596b3497867662d4e1a4a517393910de06', 6, '92ded53e-e542-4345-aca2-9ed3f6e5ae42', 'Api Token', '[]', 0, '2021-03-08 19:05:48', '2021-03-08 19:05:48', '2021-03-23 14:05:48'),
('9ccf321bf10218803051ded227c89124b41b47f656524339037f56436be9841e9380d545119115a0', 6, '92ded53e-e542-4345-aca2-9ed3f6e5ae42', 'Api Token', '[]', 0, '2021-04-23 13:50:44', '2021-04-23 13:50:44', '2021-05-08 09:50:44'),
('9cf8d7f5bb6a4835c7116bc62705e61d9da448f0984e57a8c34345c47bb3532a09c8a715fd8c7581', 6, '92ded53e-e542-4345-aca2-9ed3f6e5ae42', 'Api Token', '[]', 0, '2021-03-10 20:16:59', '2021-03-10 20:16:59', '2021-03-25 15:16:58'),
('9d2cb9259cfc7a671b1a51ab2cb215cc4cc9306c7995b87e9bffef31b41f9a5b39e4f406dd9800b7', 6, '92ded53e-e542-4345-aca2-9ed3f6e5ae42', 'Api Token', '[]', 0, '2021-03-26 13:12:57', '2021-03-26 13:12:57', '2021-04-10 09:12:57'),
('9d5ee3483ce0ffb68b58f293fd1d75d7db810fe7942028fe8f9d10563f52be895c13d831e789ffc6', 6, '92ded53e-e542-4345-aca2-9ed3f6e5ae42', 'Api Token', '[]', 0, '2021-03-05 16:48:51', '2021-03-05 16:48:51', '2021-03-20 11:48:51'),
('9e29263c8841ab815320fd2f95f97c662037dc26b9c0eda5ddc7ac84ec02bc4b866f94728e46ed89', 6, '92ded53e-e542-4345-aca2-9ed3f6e5ae42', 'Api Token', '[]', 0, '2021-03-09 14:46:07', '2021-03-09 14:46:07', '2021-03-24 09:46:07'),
('9e6741e867e23e5b50e31ae6807b4ab6ce41e36a8064cde30333de43037901c6a381473d7fcb48bf', 6, '92ded53e-e542-4345-aca2-9ed3f6e5ae42', 'Api Token', '[]', 0, '2021-03-12 12:25:05', '2021-03-12 12:25:05', '2021-03-27 07:25:05'),
('9eb2066b072f45a8c8568214478877c7d459482fc350a42007db5ac1e1704736dab2e7e68b887cc7', 6, '92ded53e-e542-4345-aca2-9ed3f6e5ae42', 'Api Token', '[]', 0, '2021-03-08 17:40:53', '2021-03-08 17:40:53', '2021-03-23 12:40:53'),
('9eca19ebea040a96eec518e6a3a00fc097d73d6ca539ef52782f4a67240d2ccbe29d427e13534b4b', 6, '92ded53e-e542-4345-aca2-9ed3f6e5ae42', 'Api Token', '[]', 0, '2021-04-23 10:07:39', '2021-04-23 10:07:39', '2021-05-08 06:07:38'),
('9f09bde2f9cab94fe0c0001a60d5e74b1de38a1829ef1cd102dfd0de010bd3601af793bd66bd976f', 6, '92ded53e-e542-4345-aca2-9ed3f6e5ae42', 'Api Token', '[]', 0, '2021-04-23 14:16:20', '2021-04-23 14:16:20', '2021-05-08 10:16:20'),
('9f33ac7d60751eb8e6b6aba329ff04a3f45154d33e748fc2a19d00a6010069a5f82f24fe8e8fa799', 6, '92ded53e-e542-4345-aca2-9ed3f6e5ae42', 'Api Token', '[]', 1, '2021-04-14 14:52:59', '2021-04-14 14:52:59', '2021-04-29 10:52:58'),
('9f4faed863b240f5c9da83f39703fce0c7e83d27900b94cd7797c5a57fd393dc29b99d543df20fae', 2, '92ded53e-e542-4345-aca2-9ed3f6e5ae42', 'Api Token', '[]', 0, '2021-06-21 15:58:27', '2021-06-21 15:58:27', '2021-07-06 11:58:27'),
('9f7531040f55b682e85e4883f0c2e9e4078125cf363403ffc10c1fa5a981c9a0791cbd88b0745f56', 2, '92ded53e-e542-4345-aca2-9ed3f6e5ae42', 'Api Token', '[]', 0, '2021-06-18 11:00:16', '2021-06-18 11:00:16', '2021-07-03 07:00:16'),
('9f9f7511437ba63aaa75b56bef8d6421a7dc23b7cbc1bb038ec1fbda34d589a4791bc2ec04e87542', 6, '92ded53e-e542-4345-aca2-9ed3f6e5ae42', 'Api Token', '[]', 0, '2021-04-16 10:46:14', '2021-04-16 10:46:14', '2021-05-01 06:46:14'),
('9fa5e36c9dff96011106b3c15dd60f77f935462d21627ae93e162cf70439425ed9aab71b9da65245', 6, '92ded53e-e542-4345-aca2-9ed3f6e5ae42', 'Api Token', '[]', 0, '2021-03-08 16:22:31', '2021-03-08 16:22:31', '2021-03-23 11:22:31'),
('9fc081c76166e4a5ef5e256a9f2f8ab87c9b1a3d43a6839c3437d6bf6fcc1fdf03070c5d6a1269e7', 6, '92ded53e-e542-4345-aca2-9ed3f6e5ae42', 'Api Token', '[]', 0, '2021-03-29 16:08:03', '2021-03-29 16:08:03', '2021-04-13 12:08:03'),
('9fe21711cd59511e1e655f31886d813cec4670133320faf105e784b4e2285d935552c0c13c7c7aee', 6, '92ded53e-e542-4345-aca2-9ed3f6e5ae42', 'Api Token', '[]', 0, '2021-03-26 13:23:15', '2021-03-26 13:23:15', '2021-04-10 09:23:15'),
('a042a1c0dbf1a492d78bbbddb24a66529b9c21c5dad75ddfd481d7d024bcebaebb6800bd2f6de075', 2, '92ded53e-e542-4345-aca2-9ed3f6e5ae42', 'Api Token', '[]', 0, '2021-06-21 13:56:31', '2021-06-21 13:56:31', '2021-07-06 09:56:31'),
('a057414999c5251a37b4ed3a3fb5d7155b3804fa17f20d30dd3435aac2797f8e68df1efeb9c9ce66', 6, '92ded53e-e542-4345-aca2-9ed3f6e5ae42', 'Api Token', '[]', 0, '2021-04-23 11:37:09', '2021-04-23 11:37:09', '2021-05-08 07:37:09'),
('a07a0971914643b6ffb587fd48745995a78df7861bcbc15846c063c96599577f52be9e6b6979a691', 6, '92ded53e-e542-4345-aca2-9ed3f6e5ae42', 'Api Token', '[]', 0, '2021-03-08 17:38:01', '2021-03-08 17:38:01', '2021-03-23 12:38:01'),
('a0b146c934529a36c95aed0f293b7c186c29ccef4ddc54671389b3e395ec3fc3190eb5836fc43bc4', 6, '92ded53e-e542-4345-aca2-9ed3f6e5ae42', 'Api Token', '[]', 0, '2021-03-26 11:38:22', '2021-03-26 11:38:22', '2021-04-10 07:38:22'),
('a0b9e95848accc2d6a65917a858f349527a4a869c2318fdb924f35ebdcecd7de73ac27188fa210ce', 6, '92ded53e-e542-4345-aca2-9ed3f6e5ae42', 'Api Token', '[]', 0, '2021-04-07 11:22:46', '2021-04-07 11:22:46', '2021-04-22 07:22:46'),
('a0d7c10f95d6f6c2dbc6412671723da139fb05ee527b6b474bd212b192960111cf9b4b505213249e', 6, '92ded53e-e542-4345-aca2-9ed3f6e5ae42', 'Api Token', '[]', 0, '2021-03-10 17:44:47', '2021-03-10 17:44:47', '2021-03-25 12:44:47'),
('a0f14e9f008db3b8f7882a16b3b91bb9f47b75662d2e76da4be292afc46b410bc683e897232daa89', 6, '92ded53e-e542-4345-aca2-9ed3f6e5ae42', 'Api Token', '[]', 0, '2021-04-15 13:39:16', '2021-04-15 13:39:16', '2021-04-30 09:39:16'),
('a0f227490cf2f756afc45e27f910b621ac2987c42b65c194a4ccfc49ea79c051a352a8d5aad9d1ad', 2, '92ded53e-e542-4345-aca2-9ed3f6e5ae42', 'Api Token', '[]', 0, '2021-06-21 15:37:01', '2021-06-21 15:37:01', '2021-07-06 11:37:01'),
('a11e6933a5f5cb1c5ce3689d7c4b75cc303293abfa34e27f22f3cd7fbd0c97b691b97bff1a58ef66', 2, '92ded53e-e542-4345-aca2-9ed3f6e5ae42', 'Api Token', '[]', 0, '2021-06-18 15:24:29', '2021-06-18 15:24:29', '2021-07-03 11:24:29'),
('a1db9691c69f814ba561943244d9db0182a4b4b9d64fe6d5dc0562b7d945b8c6efa792682211b8ea', 6, '92ded53e-e542-4345-aca2-9ed3f6e5ae42', 'Api Token', '[]', 0, '2021-04-16 13:45:14', '2021-04-16 13:45:14', '2021-05-01 09:45:14'),
('a1fc6c473eba52563239ce46b1a7200ea264cf3471ae606fa4256f9c6414288be2e2a75617173b6d', 6, '92ded53e-e542-4345-aca2-9ed3f6e5ae42', 'Api Token', '[]', 0, '2021-03-26 13:15:02', '2021-03-26 13:15:02', '2021-04-10 09:15:02'),
('a2172ff265f9f67d49a75d52d0f60c1d380456a736cf78f96d74e1b0fe1a2a253ddf179c85de2d5c', 6, '92ded53e-e542-4345-aca2-9ed3f6e5ae42', 'Api Token', '[]', 0, '2021-04-06 17:32:03', '2021-04-06 17:32:03', '2021-04-21 13:32:02'),
('a221c93edb056f4b602972c62892fb1837025117b2822d023e3de718589924e6cb52cd017135d5d6', 6, '92ded53e-e542-4345-aca2-9ed3f6e5ae42', 'Api Token', '[]', 0, '2021-03-12 16:05:21', '2021-03-12 16:05:21', '2021-03-27 11:05:21'),
('a24b9a1c3f607d948a1cdfebaf1f0dfae8224bb3c0ec45c3523e94d1869e529d99dc41bba0686798', 2, '92ded53e-e542-4345-aca2-9ed3f6e5ae42', 'Api Token', '[]', 0, '2021-06-22 12:03:50', '2021-06-22 12:03:50', '2021-07-07 08:03:50'),
('a25f4e9f115d1a4809755693fdd34662622aed61800cb13fb898414438da3f2198814aab983bd4e4', 6, '92ded53e-e542-4345-aca2-9ed3f6e5ae42', 'Api Token', '[]', 0, '2021-04-16 13:59:45', '2021-04-16 13:59:45', '2021-05-01 09:59:45'),
('a2631e439f69a8139659e4b8ca0df2ef446ce0742d28a0fe569046c37a3c73dcbb107f1a15865a93', 6, '92ded53e-e542-4345-aca2-9ed3f6e5ae42', 'Api Token', '[]', 0, '2021-04-06 17:40:10', '2021-04-06 17:40:10', '2021-04-21 13:40:09'),
('a26dd1c11881e8a840fc91bbc23e7fe112a4509ffc054e6dab9d553579411bc6d57605e52bcc0ced', 6, '92ded53e-e542-4345-aca2-9ed3f6e5ae42', 'Api Token', '[]', 0, '2021-03-30 10:29:45', '2021-03-30 10:29:45', '2021-04-14 06:29:44'),
('a2a14fb1a4208adb6d6c451f92d6cea69b741b63ea4fd451e54022ec718a0961acac2acbccce2f8d', 2, '92ded53e-e542-4345-aca2-9ed3f6e5ae42', 'Api Token', '[]', 0, '2021-06-21 16:26:03', '2021-06-21 16:26:03', '2021-07-06 12:26:03'),
('a2b853485374b147c31a3ccd604a379f316da92dfd756965253eee53ed52601cc04d9a3619501fcb', 2, '92ded53e-e542-4345-aca2-9ed3f6e5ae42', 'Api Token', '[]', 0, '2021-06-16 14:37:08', '2021-06-16 14:37:08', '2021-07-01 10:37:08'),
('a3df10e6de5b566967aaee6067441a3638696cd07fe137ccd45ff3bf14f5faa515ffbe640740fc16', 6, '92ded53e-e542-4345-aca2-9ed3f6e5ae42', 'Api Token', '[]', 0, '2021-04-27 12:12:08', '2021-04-27 12:12:08', '2021-05-12 08:12:08'),
('a3eed3a8c59fb57dee6748239f8b3a3d8e5ee1a308cfd92c5cbf5b9c8c3e70874db6b2c4093ac4a6', 6, '92ded53e-e542-4345-aca2-9ed3f6e5ae42', 'Api Token', '[]', 0, '2021-03-26 13:14:43', '2021-03-26 13:14:43', '2021-04-10 09:14:43'),
('a45e46737da34f7c90a2b0108c9ca3668ddd7f7aae5ee95d7da745e688aa108bbba3106b49c30812', 2, '92ded53e-e542-4345-aca2-9ed3f6e5ae42', 'Api Token', '[]', 0, '2021-06-18 11:18:38', '2021-06-18 11:18:38', '2021-07-03 07:18:38'),
('a46886e50af4e2b9ce2cd73912561093d4e3957c45447328a43287fc1e0c4576331fb3023925a9c0', 6, '92ded53e-e542-4345-aca2-9ed3f6e5ae42', 'Api Token', '[]', 0, '2021-04-27 13:30:51', '2021-04-27 13:30:51', '2021-05-12 09:30:50'),
('a46ec18a7737b2c2490a2085748fd6aaf5804470d0a6da11217b1fa42886acb10df922e7475c9a5a', 6, '92ded53e-e542-4345-aca2-9ed3f6e5ae42', 'Api Token', '[]', 0, '2021-04-20 12:12:19', '2021-04-20 12:12:19', '2021-05-05 08:12:19'),
('a49099b03d066f15a444cb64b0f10922de387096e197c3029d80904e8bd0ddfbe5bd63f1d2b704f7', 6, '92ded53e-e542-4345-aca2-9ed3f6e5ae42', 'Api Token', '[]', 0, '2021-03-16 14:44:50', '2021-03-16 14:44:50', '2021-03-31 10:44:50'),
('a4975b84d561afbc6abd4ebf0d68191be42571f1701fef200441b9cda9b1d67da858d779c83b3fe3', 6, '92ded53e-e542-4345-aca2-9ed3f6e5ae42', 'Api Token', '[]', 0, '2021-04-20 13:43:49', '2021-04-20 13:43:49', '2021-05-05 09:43:49'),
('a4b64927ec4fb7a2425e98ba69cf8fad9be2a8f0029d064315f26e96e719360a4ff70feca855ea5c', 6, '92ded53e-e542-4345-aca2-9ed3f6e5ae42', 'Api Token', '[]', 0, '2021-04-23 10:40:15', '2021-04-23 10:40:15', '2021-05-08 06:40:15'),
('a4f425ba9b7b007df4dace9f5f05ad24565e59a98f45dcd423b3c16926ed64e20631cfcadb9a1704', 6, '92ded53e-e542-4345-aca2-9ed3f6e5ae42', 'Api Token', '[]', 0, '2021-04-22 13:32:43', '2021-04-22 13:32:43', '2021-05-07 09:32:42'),
('a52067d799597dd82b4d0acad8b2db8ca50fa8d72c6771bf858b96af38c032e814d8e748dd532bf4', 2, '92ded53e-e542-4345-aca2-9ed3f6e5ae42', 'Api Token', '[]', 0, '2021-06-21 15:09:37', '2021-06-21 15:09:37', '2021-07-06 11:09:37'),
('a52e3e0400b5fa44ed75e48c5b364bbffbed30df3e1e10f9c00433b230a6a9045d9ae69210cfdb6c', 6, '92ded53e-e542-4345-aca2-9ed3f6e5ae42', 'Api Token', '[]', 0, '2021-03-10 17:44:25', '2021-03-10 17:44:25', '2021-03-25 12:44:25'),
('a5a721ab1e04631dc121d5798aadb547a4b15b3ba66644cd42afc36a9207151b19b1444a24b113f0', 2, '92ded53e-e542-4345-aca2-9ed3f6e5ae42', 'Api Token', '[]', 0, '2021-06-16 14:34:29', '2021-06-16 14:34:29', '2021-07-01 10:34:29'),
('a600fadef54357b7ffb81268aa86f2dd69410fb46fc50baeb2e9fc18de31ea19fc362975a5ec839c', 6, '92ded53e-e542-4345-aca2-9ed3f6e5ae42', 'Api Token', '[]', 0, '2021-05-17 10:16:01', '2021-05-17 10:16:01', '2021-06-01 06:16:01'),
('a60864a673cf3e985d45881b7710407c48f34b46a8302099b9eb053b86ad588651c3f336bd4e1ef0', 6, '92ded53e-e542-4345-aca2-9ed3f6e5ae42', 'Api Token', '[]', 0, '2021-04-22 12:54:20', '2021-04-22 12:54:20', '2021-05-07 08:54:20'),
('a6146f0fabf2ff2052da21451c31a0a784a3ee11f55570f0e7a4e394f89f82ee5acda600c16dce03', 2, '92ded53e-e542-4345-aca2-9ed3f6e5ae42', 'Api Token', '[]', 0, '2021-06-22 14:44:19', '2021-06-22 14:44:19', '2021-07-07 10:44:19'),
('a6547698ea65b7a2ea59f8db94e8f94beef6b150cddaf6f9a1559df6dc600b77c1f3c7d86d21f206', 6, '92ded53e-e542-4345-aca2-9ed3f6e5ae42', 'Api Token', '[]', 0, '2021-03-11 21:15:59', '2021-03-11 21:15:59', '2021-03-26 16:15:59'),
('a733e324e0e4d9ff1bff891253c1a7324ff48efb4b2576e003fbb3d3624de044537de914dd808a7c', 6, '92ded53e-e542-4345-aca2-9ed3f6e5ae42', 'Api Token', '[]', 0, '2021-04-27 14:51:45', '2021-04-27 14:51:45', '2021-05-12 10:51:45'),
('a7ade531c8bd0e3e309541164ee24d209e875e2aa60a87d83ba3c6f9969a13641889c926a83adb52', 6, '92ded53e-e542-4345-aca2-9ed3f6e5ae42', 'Api Token', '[]', 0, '2021-04-23 13:01:27', '2021-04-23 13:01:27', '2021-05-08 09:01:27'),
('a7d408b7c253e04b8d56a7d6f98d337853e4cf24db34c0cfe88d0044eb441879e99144e81cbee812', 6, '92ded53e-e542-4345-aca2-9ed3f6e5ae42', 'Api Token', '[]', 0, '2021-03-12 19:22:57', '2021-03-12 19:22:57', '2021-03-27 14:22:57'),
('a7e3aee7a2bc79de71ba5c58df6d2ac53938d70e4077b7e03cd4c7a71e5a818c4c051d4b7b068916', 6, '92ded53e-e542-4345-aca2-9ed3f6e5ae42', 'Api Token', '[]', 0, '2021-03-08 19:52:44', '2021-03-08 19:52:44', '2021-03-23 14:52:44'),
('a8394b41f5d493628e9ee3b76b254ee84d1b257236c684ac99c683d715752a06e965e3322961bf3a', 6, '92ded53e-e542-4345-aca2-9ed3f6e5ae42', 'Api Token', '[]', 0, '2021-04-06 18:02:04', '2021-04-06 18:02:04', '2021-04-21 14:02:04'),
('a8c6b92158baebab4e2e94be7c453349aa3f600c66d303579f79fbabe61c5b36387b631b6bbf3497', 6, '92ded53e-e542-4345-aca2-9ed3f6e5ae42', 'Api Token', '[]', 1, '2021-04-21 11:00:54', '2021-04-21 11:00:54', '2021-05-06 07:00:54'),
('a8cbb694eb335be41fa31b849f7243e59cce278e885350b7315568c862e0a0188eff3f6346623899', 6, '92ded53e-e542-4345-aca2-9ed3f6e5ae42', 'Api Token', '[]', 0, '2021-03-29 15:45:38', '2021-03-29 15:45:38', '2021-04-13 11:45:38'),
('a8e6bd22f4e4cef85548a9daf1e8c2989bf697ea585b2be41a208ed75c31e40cb210006794304a84', 2, '92ded53e-e542-4345-aca2-9ed3f6e5ae42', 'Api Token', '[]', 0, '2021-06-21 12:53:44', '2021-06-21 12:53:44', '2021-07-06 08:53:44'),
('a914c49c5a59f49e13dccbe1830a3cb1baf65f497a2d021f17a66633fe34e8e6f6633652922b5f6e', 2, '92ded53e-e542-4345-aca2-9ed3f6e5ae42', 'Api Token', '[]', 0, '2021-06-21 14:57:26', '2021-06-21 14:57:26', '2021-07-06 10:57:26'),
('a9225d55dc0ff3c58a4ba7525e35af1d79ee70f1f3d05da1457c8d5abffdbc9b04f8a6eba81b36dd', 6, '92ded53e-e542-4345-aca2-9ed3f6e5ae42', 'Api Token', '[]', 0, '2021-04-20 09:59:39', '2021-04-20 09:59:39', '2021-05-05 05:59:39'),
('a92e8e33b71208658d5054c98ecbb419da80c48b3a53b35af6a29a4c2a7f612a796be1f8f0bbd7e8', 6, '92ded53e-e542-4345-aca2-9ed3f6e5ae42', 'Api Token', '[]', 0, '2021-04-16 11:17:03', '2021-04-16 11:17:03', '2021-05-01 07:17:03'),
('a9653c14fe4e22187dd5905db096c4f5e79dce4e8623a065dc1e4629dbcf4ee2cbe71246d4250b65', 6, '92ded53e-e542-4345-aca2-9ed3f6e5ae42', 'Api Token', '[]', 0, '2021-03-22 18:21:53', '2021-03-22 18:21:53', '2021-04-06 14:21:53'),
('a9825778ad651cbe2169050acaa3f683301425301ea1c1794721a2cc942947a27d4006bd68b01ece', 2, '92ded53e-e542-4345-aca2-9ed3f6e5ae42', 'Api Token', '[]', 0, '2021-06-22 13:50:52', '2021-06-22 13:50:52', '2021-07-07 09:50:52'),
('a9ab89384e7263a5d4185596ec6e75a09da89ad338139037cd144033738fbe28142d6ee6c3de9f82', 6, '92ded53e-e542-4345-aca2-9ed3f6e5ae42', 'Api Token', '[]', 0, '2021-03-11 10:57:21', '2021-03-11 10:57:21', '2021-03-26 05:57:20'),
('a9bcff89803d232e52f7ad44d3414fd36058b7a7327f42ec3a9ba5d71e211a43816d488a8b84a1a6', 6, '92ded53e-e542-4345-aca2-9ed3f6e5ae42', 'Api Token', '[]', 0, '2021-04-27 13:12:33', '2021-04-27 13:12:33', '2021-05-12 09:12:33'),
('a9dbd424a060244c9bbb1637c3a3907a9fdf189b5fcd103ee749124ba67ab5c447b821087e7a8563', 6, '92ded53e-e542-4345-aca2-9ed3f6e5ae42', 'Api Token', '[]', 0, '2021-03-30 09:36:49', '2021-03-30 09:36:49', '2021-04-14 05:36:49'),
('a9df75ca7372b2938b40b7d60adcd6cd789435e5c375675bf159823d6192056fb6a0e1b8c63c1295', 6, '92ded53e-e542-4345-aca2-9ed3f6e5ae42', 'Api Token', '[]', 0, '2021-04-22 14:36:56', '2021-04-22 14:36:56', '2021-05-07 10:36:56'),
('aa643f3be401a8d92d7084886bc2999f04ef067c907217895af15c3fa445278bb773364de17f52b6', 6, '92ded53e-e542-4345-aca2-9ed3f6e5ae42', 'Api Token', '[]', 0, '2021-04-22 14:20:18', '2021-04-22 14:20:18', '2021-05-07 10:20:18'),
('aa7635cf8176c0e2bb88b8d74bff5c5088e072966528e7642d470aa558ee8e0a5a5bfb5dd5fe00b4', 6, '92ded53e-e542-4345-aca2-9ed3f6e5ae42', 'Api Token', '[]', 0, '2021-03-10 18:00:34', '2021-03-10 18:00:34', '2021-03-25 13:00:34'),
('aacf904a8dc14522b9f3b131b9f3a237aa7f4504ea6ba5efbb6f7d379c5b40c4b48f190c12a3373d', 6, '92ded53e-e542-4345-aca2-9ed3f6e5ae42', 'Api Token', '[]', 0, '2021-03-12 12:39:56', '2021-03-12 12:39:56', '2021-03-27 07:39:55'),
('ab5e802fe97803ce10c72ed390a05b96190021868b2c223e0a4252a385e12f8b6bd7e3550f032b60', 6, '92ded53e-e542-4345-aca2-9ed3f6e5ae42', 'Api Token', '[]', 0, '2021-04-06 17:43:41', '2021-04-06 17:43:41', '2021-04-21 13:43:41'),
('abb39f56c89d9acf77fe61c6da67eda05c8670f849f1b14488b363c29a038d9460f875101e53e5b3', 6, '92ded53e-e542-4345-aca2-9ed3f6e5ae42', 'Api Token', '[]', 0, '2021-03-09 12:20:59', '2021-03-09 12:20:59', '2021-03-24 07:20:59'),
('ac632599f23da0661639d31396a99b4cfc9931e15f9f2cb87ce49643292d2f94b06400eb4d6ad63c', 2, '92ded53e-e542-4345-aca2-9ed3f6e5ae42', 'Api Token', '[]', 0, '2021-06-23 14:31:54', '2021-06-23 14:31:54', '2021-07-08 10:31:54'),
('accb66012d4f40d950877b01f8505203d194f398edf27b8012c8590e1fc45f75506f27d18e409e88', 6, '92ded53e-e542-4345-aca2-9ed3f6e5ae42', 'Api Token', '[]', 0, '2021-04-26 13:22:23', '2021-04-26 13:22:23', '2021-05-11 09:22:23'),
('accb6bc2b9f02255265da10728ea85bda2e4e6755b556283ad05abbc3692fd8a919fd3142afcff34', 6, '92ded53e-e542-4345-aca2-9ed3f6e5ae42', 'Api Token', '[]', 0, '2021-04-06 17:08:30', '2021-04-06 17:08:30', '2021-04-21 13:08:30'),
('acdb81585bb9bb641abd53a77ac20b779ee7d3097f0157c36dfd1b587fafc8a00727898262195631', 6, '92ded53e-e542-4345-aca2-9ed3f6e5ae42', 'Api Token', '[]', 0, '2021-03-12 13:12:40', '2021-03-12 13:12:40', '2021-03-27 08:12:39'),
('acfed23e324cdf148e2eb45a276a40dc144a5158a3c2f5985da238cfd12689e319746c0f2c4c6b86', 6, '92ded53e-e542-4345-aca2-9ed3f6e5ae42', 'Api Token', '[]', 0, '2021-04-14 13:01:55', '2021-04-14 13:01:55', '2021-04-29 09:01:54'),
('ad1960f4094266f50a090c76b6072d271f7ae7c3095f4d6a16d1f7c6a02c1cfd9855155cbe832df2', 6, '92ded53e-e542-4345-aca2-9ed3f6e5ae42', 'Api Token', '[]', 0, '2021-04-01 09:15:02', '2021-04-01 09:15:02', '2021-04-16 05:15:02'),
('ad243d0c75f1f854a896c13e15782271331566286392989996c8c995be93f589cca99cb6a2e80d5f', 6, '92ded53e-e542-4345-aca2-9ed3f6e5ae42', 'Api Token', '[]', 0, '2021-04-15 13:24:29', '2021-04-15 13:24:29', '2021-04-30 09:24:29'),
('adf224bc9dab5f8847ec840af67aebecfc7a02ccd31c255c428c019a19781dcccad5ee600cc22d0f', 2, '92ded53e-e542-4345-aca2-9ed3f6e5ae42', 'Api Token', '[]', 0, '2021-06-23 11:31:50', '2021-06-23 11:31:50', '2021-07-08 07:31:50'),
('ae42bb1200cae4a2f8f0be8f97014781677d3ffc90d16f97edfeaca6fcaa828044f30549eaf0d75c', 6, '92ded53e-e542-4345-aca2-9ed3f6e5ae42', 'Api Token', '[]', 0, '2021-03-29 16:08:31', '2021-03-29 16:08:31', '2021-04-13 12:08:31'),
('ae51d3dc2d79c16364537819ebfd5b59477e0b9e41242d53036c16c0c4a4a7b3ab3c205d2006948c', 6, '92ded53e-e542-4345-aca2-9ed3f6e5ae42', 'Api Token', '[]', 0, '2021-03-12 12:29:24', '2021-03-12 12:29:24', '2021-03-27 07:29:24'),
('ae59d3b752f1bf60af3902a0011b2928d1cb5b430c7f971964a1e28038b66eb13095fb7cd2939aa1', 2, '92ded53e-e542-4345-aca2-9ed3f6e5ae42', 'Api Token', '[]', 0, '2021-06-22 11:31:03', '2021-06-22 11:31:03', '2021-07-07 07:31:03'),
('ae5ac20fb18f0c676ee2e996e27f77e8ac72a1a875d3f636cece9bbadd3d856b3d963a8429b0c4b4', 6, '92ded53e-e542-4345-aca2-9ed3f6e5ae42', 'Api Token', '[]', 0, '2021-03-08 18:19:20', '2021-03-08 18:19:20', '2021-03-23 13:19:20'),
('ae7d6318ffe8c6113dfe881f7437300fa6cc005d979c1b9ee96ae97125ff8178163f72468424a724', 6, '92ded53e-e542-4345-aca2-9ed3f6e5ae42', 'Api Token', '[]', 0, '2021-04-27 12:16:09', '2021-04-27 12:16:09', '2021-05-12 08:16:09'),
('ae84502a1373411394d27d7cbc5c723d03f81ae198511d001ba4222d03b4686502d5d7b93826f1e1', 6, '92ded53e-e542-4345-aca2-9ed3f6e5ae42', 'Api Token', '[]', 0, '2021-03-30 10:32:40', '2021-03-30 10:32:40', '2021-04-14 06:32:39'),
('aea1fa013f074574e87ee57488f9c1e61208044500146ad494d971e5786a54058a7c4afe79b53d83', 6, '92ded53e-e542-4345-aca2-9ed3f6e5ae42', 'Api Token', '[]', 0, '2021-05-17 11:01:43', '2021-05-17 11:01:43', '2021-06-01 07:01:43'),
('aecd589412fd2d377f4e015d2d2182bb3bb3a5c38705956a6ad444cdad5837cb4a3869bf757969a3', 6, '92ded53e-e542-4345-aca2-9ed3f6e5ae42', 'Api Token', '[]', 0, '2021-04-06 17:20:25', '2021-04-06 17:20:25', '2021-04-21 13:20:24'),
('aee7b4833daef007e82abf6caae63ea1639c3e46f00f1a09272224aaace45289f1a8795f9d2ea890', 6, '92ded53e-e542-4345-aca2-9ed3f6e5ae42', 'Api Token', '[]', 0, '2021-04-23 10:24:24', '2021-04-23 10:24:24', '2021-05-08 06:24:24'),
('af124d8e33f065d35fb92bd254d6333b73e36e03a2f08af6975ca733293df131cfc155ae38bad4ad', 2, '92ded53e-e542-4345-aca2-9ed3f6e5ae42', 'Api Token', '[]', 0, '2021-06-18 10:22:09', '2021-06-18 10:22:09', '2021-07-03 06:22:09'),
('af547e05e242154140bc2dab1549bd019b0014fe2f0f41626a3f8e75d340519199e17b08f00bf3e8', 6, '92ded53e-e542-4345-aca2-9ed3f6e5ae42', 'Api Token', '[]', 0, '2021-03-10 17:54:06', '2021-03-10 17:54:06', '2021-03-25 12:54:06'),
('af65f9705d6e7a98306b7a8c1dbdb921d2589476eb8ba889228641d8b5f0fc8ebc07cd59c02963bf', 6, '92ded53e-e542-4345-aca2-9ed3f6e5ae42', 'Api Token', '[]', 1, '2021-04-23 10:43:13', '2021-04-23 10:43:13', '2021-05-08 06:43:13'),
('afe8a40fba44cfcd50459141d9790fe645e339e078c5cf76cbea68b758a18f444cfb058a8beade52', 6, '92ded53e-e542-4345-aca2-9ed3f6e5ae42', 'Api Token', '[]', 0, '2021-03-12 16:17:53', '2021-03-12 16:17:53', '2021-03-27 11:17:53'),
('b029df94d2f360c38d71cbb26e97b70a20f37631526835a00b884bfcf0890592d4df494e1bf10f67', 6, '92ded53e-e542-4345-aca2-9ed3f6e5ae42', 'Api Token', '[]', 0, '2021-04-23 10:50:06', '2021-04-23 10:50:06', '2021-05-08 06:50:06'),
('b055525aa3c855bb8077da0259713b40c6bac5d7396a9748c63cbe13f6ecc07329753b4b16c1fc15', 6, '92ded53e-e542-4345-aca2-9ed3f6e5ae42', 'Api Token', '[]', 0, '2021-04-27 12:06:48', '2021-04-27 12:06:48', '2021-05-12 08:06:48'),
('b05bce0278e4d60e9c99836a2d019265a01c1c8f8ec67dc4140b9205ae9645b2f8ed55653703b4f3', 6, '92ded53e-e542-4345-aca2-9ed3f6e5ae42', 'Api Token', '[]', 0, '2021-03-10 15:33:21', '2021-03-10 15:33:21', '2021-03-25 10:33:21'),
('b06f846032d2dee1d6126c4e07612f5cd210b451f8515e04ceb6b1f43e299c39391a9ef2bd1ac53d', 6, '92ded53e-e542-4345-aca2-9ed3f6e5ae42', 'Api Token', '[]', 0, '2021-03-30 09:38:01', '2021-03-30 09:38:01', '2021-04-14 05:38:01'),
('b0880a2308fa9a6abf76572189775d45e9d5cf5e587d6d7ae5027a438d80f066ad5fb05449a22c51', 6, '92ded53e-e542-4345-aca2-9ed3f6e5ae42', 'Api Token', '[]', 0, '2021-04-20 13:37:36', '2021-04-20 13:37:36', '2021-05-05 09:37:36'),
('b096dc47e0004cd2729d544024e20e48798f74ec6a7fd6b20063e6f0eafd1c757852eb76d9e02d32', 6, '92ded53e-e542-4345-aca2-9ed3f6e5ae42', 'Api Token', '[]', 0, '2021-03-09 12:15:46', '2021-03-09 12:15:46', '2021-03-24 07:15:46'),
('b0b2ed74abfca9f2f6ac761db15996de0de0c41def5752aff3c141771d2cbe3f766a2c754cee6eb4', 6, '92ded53e-e542-4345-aca2-9ed3f6e5ae42', 'Api Token', '[]', 0, '2021-04-26 11:34:33', '2021-04-26 11:34:33', '2021-05-11 07:34:33'),
('b0bf94bfa7ebd67d8214a7095f94fb3826854b9dd23b9e473c160990ebce8e4e2325e0c3f4aeb694', 6, '92ded53e-e542-4345-aca2-9ed3f6e5ae42', 'Api Token', '[]', 0, '2021-04-21 14:13:09', '2021-04-21 14:13:09', '2021-05-06 10:13:09'),
('b0cddefca4f85931d18641e1dc551f4f61f0aeefb833c7c82eb87b416165ab4897bc381c30615fa3', 6, '92ded53e-e542-4345-aca2-9ed3f6e5ae42', 'Api Token', '[]', 0, '2021-04-22 13:48:40', '2021-04-22 13:48:40', '2021-05-07 09:48:40'),
('b0e58b7baaa4837da2ee61c4ba8c20d383d5a21d3ccb14f3ae7250920e14d98ed54fe678f13adc57', 6, '92ded53e-e542-4345-aca2-9ed3f6e5ae42', 'Api Token', '[]', 0, '2021-03-09 11:02:39', '2021-03-09 11:02:39', '2021-03-24 06:02:39'),
('b0e76300a1aa57f5f1c3aeeb0ea9312c2edd1371cc581ec07a604c939f351f3f1064eafaf16e3679', 6, '92ded53e-e542-4345-aca2-9ed3f6e5ae42', 'Api Token', '[]', 0, '2021-04-07 11:37:52', '2021-04-07 11:37:52', '2021-04-22 07:37:52'),
('b13bd185b9da64334c9a7d3f8d09292a4863ba46b65436e1d2086360cc4c75846651adf430b33340', 6, '92ded53e-e542-4345-aca2-9ed3f6e5ae42', 'Api Token', '[]', 0, '2021-04-01 09:27:16', '2021-04-01 09:27:16', '2021-04-16 05:27:16'),
('b14e05146f34a74838bb5771add77e2dfa7d6687e5b1846ac46f260bebbc68ca8fedaeffe5ec9b02', 6, '92ded53e-e542-4345-aca2-9ed3f6e5ae42', 'Api Token', '[]', 0, '2021-04-16 14:33:26', '2021-04-16 14:33:26', '2021-05-01 10:33:26'),
('b14e0eecc3c02452d990b30e957bb40f854ad1624520ac145be52443bee65a8d4f16841e76e79064', 6, '92ded53e-e542-4345-aca2-9ed3f6e5ae42', 'Api Token', '[]', 0, '2021-03-26 13:14:13', '2021-03-26 13:14:13', '2021-04-10 09:14:12'),
('b1eb6dd3bea24c4b7aa81beff3889728450d13b10c04a107d25400c98001228e08b698bd8872d070', 6, '92ded53e-e542-4345-aca2-9ed3f6e5ae42', 'Api Token', '[]', 0, '2021-04-01 08:56:05', '2021-04-01 08:56:05', '2021-04-16 04:56:05'),
('b1f6c722ca83e7843535d7fc787f5620e78c0e9c7a3bdce40e7c5c97cfe0afe28594ce1f2158c8fb', 6, '92ded53e-e542-4345-aca2-9ed3f6e5ae42', 'Api Token', '[]', 0, '2021-03-09 10:21:37', '2021-03-09 10:21:37', '2021-03-24 05:21:37'),
('b208db2a99c55e73721e41500d939d9eb5a7fbbd82913326e85cd0abe2120221ff80b72506ea4d10', 6, '92ded53e-e542-4345-aca2-9ed3f6e5ae42', 'Api Token', '[]', 0, '2021-03-09 16:48:38', '2021-03-09 16:48:38', '2021-03-24 11:48:38'),
('b218e739f4ed9012d7b46e90fe92a771e655789a7d96b9173ddacc47f8528750ca09f6fdc1590526', 2, '92ded53e-e542-4345-aca2-9ed3f6e5ae42', 'Api Token', '[]', 0, '2021-06-21 11:00:50', '2021-06-21 11:00:50', '2021-07-06 07:00:50'),
('b21c1e22fe7be116b6006c5fcc71a6d571bd4ae1e10c0f7a15ecd438c7f657fd52cfad24174c4e89', 6, '92ded53e-e542-4345-aca2-9ed3f6e5ae42', 'Api Token', '[]', 0, '2021-04-20 10:33:54', '2021-04-20 10:33:54', '2021-05-05 06:33:54'),
('b24698631dc3d1019f49bd8a117578e6f8b96a731f09732df2eb9a49a3bb5ef2162c4d08324b5b7c', 6, '92ded53e-e542-4345-aca2-9ed3f6e5ae42', 'Api Token', '[]', 0, '2021-04-15 13:32:34', '2021-04-15 13:32:34', '2021-04-30 09:32:34'),
('b2855fef6f7bd2da5cb9d6ced967beaf3245ee0d81b10fde73a7f3109272e91a8707a2d8c56b5616', 2, '92ded53e-e542-4345-aca2-9ed3f6e5ae42', 'Api Token', '[]', 0, '2021-06-21 16:08:10', '2021-06-21 16:08:10', '2021-07-06 12:08:10'),
('b2a53e0ea05ad16c3e7c2604592beaeb13e5b0f07d68e9d260ad0ed601fdf790b00da53c6cff044b', 6, '92ded53e-e542-4345-aca2-9ed3f6e5ae42', 'Api Token', '[]', 0, '2021-03-08 18:13:12', '2021-03-08 18:13:12', '2021-03-23 13:13:12'),
('b2ee738dfe4e1717176b53e7d99bded9d458bab2394e2c0aec070486e97e7ab4679286911b36c984', 6, '92ded53e-e542-4345-aca2-9ed3f6e5ae42', 'Api Token', '[]', 0, '2021-03-09 16:28:44', '2021-03-09 16:28:44', '2021-03-24 11:28:44');
INSERT INTO `oauth_access_tokens` (`id`, `user_id`, `client_id`, `name`, `scopes`, `revoked`, `created_at`, `updated_at`, `expires_at`) VALUES
('b3404df751eefbfb7ae3d1b157474b1d4e39dc9da657f9af78ab13f0b712590ea640c6d05050879d', 6, '92ded53e-e542-4345-aca2-9ed3f6e5ae42', 'Api Token', '[]', 0, '2021-04-22 12:47:18', '2021-04-22 12:47:18', '2021-05-07 08:47:18'),
('b34e6e1aa5cee97cfd079de42435b8ffeb60361567272a49a7c27338aa5e55342cc726eed25bf326', 6, '92ded53e-e542-4345-aca2-9ed3f6e5ae42', 'Api Token', '[]', 0, '2021-04-22 12:57:26', '2021-04-22 12:57:26', '2021-05-07 08:57:25'),
('b35168d7e05a205b615055398c296a870b34faa66fc5fe3977088715b078ffd58b05d7645e16c25f', 6, '92ded53e-e542-4345-aca2-9ed3f6e5ae42', 'Api Token', '[]', 0, '2021-03-12 12:35:08', '2021-03-12 12:35:08', '2021-03-27 07:35:08'),
('b36fe568fd749a941d4a3a6c1080368fc2f08b5c98b65b6400c1fcab3f3c279262ceda6604d89743', 6, '92ded53e-e542-4345-aca2-9ed3f6e5ae42', 'Api Token', '[]', 0, '2021-03-18 15:01:11', '2021-03-18 15:01:11', '2021-04-02 11:01:11'),
('b419e207df20bc788eff43d21aeadb2c7130e6c4ed68462ad1ef392bf15a97c88ec1b34d5bcce698', 6, '92ded53e-e542-4345-aca2-9ed3f6e5ae42', 'Api Token', '[]', 0, '2021-04-22 12:03:45', '2021-04-22 12:03:45', '2021-05-07 08:03:45'),
('b4293e310ecf58003a5708467bc1d268ea6852acd80820695a0602399af9d8384273b7bcf88c70f5', 2, '92ded53e-e542-4345-aca2-9ed3f6e5ae42', 'Api Token', '[]', 0, '2021-06-21 12:20:11', '2021-06-21 12:20:11', '2021-07-06 08:20:11'),
('b44f5a8569cf497834047f7192b2bd062cd3663c20c6f5a40b389de45afb009069e039876ca31ef0', 6, '92ded53e-e542-4345-aca2-9ed3f6e5ae42', 'Api Token', '[]', 0, '2021-03-08 12:27:24', '2021-03-08 12:27:24', '2021-03-23 07:27:24'),
('b451a6a523f4072998bc311f14acdfe477b2ee48404fd1eedfb7d6a19c82e8a35fabcbf9de2de159', 6, '92ded53e-e542-4345-aca2-9ed3f6e5ae42', 'Api Token', '[]', 0, '2021-03-30 09:27:48', '2021-03-30 09:27:48', '2021-04-14 05:27:48'),
('b4bedc625a6e2e62dba4d63c7fac1af181c4098b6e0b7ac42219497583843515afb77175e7405286', 2, '92ded53e-e542-4345-aca2-9ed3f6e5ae42', 'Api Token', '[]', 0, '2021-06-21 14:53:17', '2021-06-21 14:53:17', '2021-07-06 10:53:16'),
('b4f384a7be3ee397c3123287bab8eb1df57aaa3424379e60aced3e0ebc7af11045d0a878d91d5e01', 6, '92ded53e-e542-4345-aca2-9ed3f6e5ae42', 'Api Token', '[]', 0, '2021-04-14 11:59:47', '2021-04-14 11:59:47', '2021-04-29 07:59:47'),
('b5228ac083937c685f85e3db11df6650ca9be311f214aa50e7236bf5dec4c93800554b9b43e5e244', 6, '92ded53e-e542-4345-aca2-9ed3f6e5ae42', 'Api Token', '[]', 0, '2021-04-23 13:02:19', '2021-04-23 13:02:19', '2021-05-08 09:02:19'),
('b52e42ac3bab8c59b4889cbaed706732467695077288cddee00e48d6196db47d7d6bd5957042eecf', 6, '92ded53e-e542-4345-aca2-9ed3f6e5ae42', 'Api Token', '[]', 0, '2021-03-30 09:18:12', '2021-03-30 09:18:12', '2021-04-14 05:18:12'),
('b5a93b9ba8dc7dcfea1b8b12938e3169841490ce4669d56db232336b2c0cb6601e0f27de68d96e82', 6, '92ded53e-e542-4345-aca2-9ed3f6e5ae42', 'Api Token', '[]', 0, '2021-04-23 12:00:52', '2021-04-23 12:00:52', '2021-05-08 08:00:52'),
('b5f9a44100cfa75430ac8d964511ecbbb7ee9de85727649c2761b59a3551f3cd327dfe12ed7ecde9', 6, '92ded53e-e542-4345-aca2-9ed3f6e5ae42', 'Api Token', '[]', 0, '2021-03-26 13:29:10', '2021-03-26 13:29:10', '2021-04-10 09:29:10'),
('b62511c5ee672ea042b2940f224909b4b30978f8f9046634c695b948091a2d3289e92208874d7105', 6, '92ded53e-e542-4345-aca2-9ed3f6e5ae42', 'Api Token', '[]', 0, '2021-04-22 12:48:07', '2021-04-22 12:48:07', '2021-05-07 08:48:07'),
('b6346569955ddcfc9b1ff0075851c3d217a0b4162d41d22222361f98455e890aa6767b16aa6302a6', 6, '92ded53e-e542-4345-aca2-9ed3f6e5ae42', 'Api Token', '[]', 0, '2021-03-10 09:50:17', '2021-03-10 09:50:17', '2021-03-25 04:50:17'),
('b63795b79a88de96c7e1aeb33978b0d78949e2f0fbb2db0f41e0f7626d9658c5b44363234418c47b', 6, '92ded53e-e542-4345-aca2-9ed3f6e5ae42', 'Api Token', '[]', 0, '2021-03-17 19:03:43', '2021-03-17 19:03:43', '2021-04-01 15:03:43'),
('b6525e61cf77963f30c01f256289491d1e134b0f2be9e770b87be5ade170c6eba21d87f085783bda', 6, '92ded53e-e542-4345-aca2-9ed3f6e5ae42', 'Api Token', '[]', 0, '2021-04-22 13:19:52', '2021-04-22 13:19:52', '2021-05-07 09:19:51'),
('b6700f89d7d901d25758f0de15e03f7cc73fa2e070371f0231dbcd538c787718c943ff043d268abb', 6, '92ded53e-e542-4345-aca2-9ed3f6e5ae42', 'Api Token', '[]', 0, '2021-04-27 13:58:04', '2021-04-27 13:58:04', '2021-05-12 09:58:03'),
('b685bf5f5d452dd3ff696f2978595987cf95cad95d1b36da0a33faedf26df4551d5614b4f86968eb', 6, '92ded53e-e542-4345-aca2-9ed3f6e5ae42', 'Api Token', '[]', 0, '2021-03-26 13:30:51', '2021-03-26 13:30:51', '2021-04-10 09:30:51'),
('b689d0a38ec1ee5ecc0aa4adbdd9df65e7256c15f8bfbb003096e9751c6c8a03e18fca4c1b29365a', 6, '92ded53e-e542-4345-aca2-9ed3f6e5ae42', 'Api Token', '[]', 0, '2021-04-07 11:25:05', '2021-04-07 11:25:05', '2021-04-22 07:25:05'),
('b68e0f5ce25c8a733564c23181c76a0f06f2a81a69ae0a2f4f53da24958f9d873d17f9c5ec6d14d4', 6, '92ded53e-e542-4345-aca2-9ed3f6e5ae42', 'Api Token', '[]', 0, '2021-04-21 15:40:56', '2021-04-21 15:40:56', '2021-05-06 11:40:56'),
('b6e48f6a00df80db6a1633b99cda8eff87824abaa9bb558f34bdcf5736e7641f390a975818a5c70d', 6, '92ded53e-e542-4345-aca2-9ed3f6e5ae42', 'Api Token', '[]', 0, '2021-04-16 10:50:42', '2021-04-16 10:50:42', '2021-05-01 06:50:42'),
('b6f9d8d7241aebc7faa670ad6aff53f5b76c384d469b3f8c624e38595d1304895645bd5a1c6850db', 6, '92ded53e-e542-4345-aca2-9ed3f6e5ae42', 'Api Token', '[]', 0, '2021-04-22 14:32:35', '2021-04-22 14:32:35', '2021-05-07 10:32:35'),
('b6fd96dde7773807184d86634eca404591f834c89275074aa2e15a872193e35782752745a7c5571d', 6, '92ded53e-e542-4345-aca2-9ed3f6e5ae42', 'Api Token', '[]', 0, '2021-04-23 14:40:03', '2021-04-23 14:40:03', '2021-05-08 10:40:03'),
('b71330619a122caee12514ca92b22b882cd4b98702dba75d03027edf5727a9e530fe37a8467fcd07', 6, '92ded53e-e542-4345-aca2-9ed3f6e5ae42', 'Api Token', '[]', 0, '2021-04-27 14:33:00', '2021-04-27 14:33:00', '2021-05-12 10:33:00'),
('b7651d16ec9a5603b1b4ead9ec636d5d6c2bbe22cbe72cba659da0ab1c81ae4f784bb8179bbfccc6', 6, '92ded53e-e542-4345-aca2-9ed3f6e5ae42', 'Api Token', '[]', 0, '2021-04-27 13:11:52', '2021-04-27 13:11:52', '2021-05-12 09:11:52'),
('b7721c41d49b0a244158799eae3c276b7724ae3bb31773bf807148ddd24c2516b3e6845d6192918e', 6, '92ded53e-e542-4345-aca2-9ed3f6e5ae42', 'Api Token', '[]', 0, '2021-04-22 11:20:49', '2021-04-22 11:20:49', '2021-05-07 07:20:49'),
('b784a02c8c3180cfd4f7638ed0ee9bcff94a470a2baa26b4ec793d6b145d89c30e1e7b4341444236', 6, '92ded53e-e542-4345-aca2-9ed3f6e5ae42', 'Api Token', '[]', 0, '2021-03-30 09:46:22', '2021-03-30 09:46:22', '2021-04-14 05:46:22'),
('b7e3ad810f500cdab92c7c56be3c59fc1e335e901efb4ebf8c88984311d1af8d71d034600b6f73d1', 6, '92ded53e-e542-4345-aca2-9ed3f6e5ae42', 'Api Token', '[]', 0, '2021-03-08 15:42:10', '2021-03-08 15:42:10', '2021-03-23 10:42:10'),
('b81ec7170dde82f6c9c7351541811ed3f7f58f4b9cc2caf8929dc9543de7f9a11c38b10d0298aa0b', 6, '92ded53e-e542-4345-aca2-9ed3f6e5ae42', 'Api Token', '[]', 0, '2021-03-12 18:44:56', '2021-03-12 18:44:56', '2021-03-27 13:44:55'),
('b82ec34313abdc56ee3e41826d5be15cff31146b32894a28492580be0a5b1895e6a8cd65fd492342', 6, '92ded53e-e542-4345-aca2-9ed3f6e5ae42', 'Api Token', '[]', 0, '2021-03-05 16:52:02', '2021-03-05 16:52:02', '2021-03-20 11:52:01'),
('b852345528ed568bb0df12d96527b0ec854411c74dbdda41d4460005548f3691d8426bb27915bf8c', 6, '92ded53e-e542-4345-aca2-9ed3f6e5ae42', 'Api Token', '[]', 0, '2021-03-31 14:32:45', '2021-03-31 14:32:45', '2021-04-15 10:32:44'),
('b90103a4f713c0b0500fda7e5908c6eb321b0992e39fa8e0087f0029521ac3685fc03a915ea5bd4a', 2, '92ded53e-e542-4345-aca2-9ed3f6e5ae42', 'Api Token', '[]', 0, '2021-06-22 14:33:51', '2021-06-22 14:33:51', '2021-07-07 10:33:51'),
('b95083611be4c6b3d01b6bebdfed3dacd2c87320097b9061824e3ff4ae3fc20f857e7640d9ca36b7', 6, '92ded53e-e542-4345-aca2-9ed3f6e5ae42', 'Api Token', '[]', 0, '2021-04-20 09:54:21', '2021-04-20 09:54:21', '2021-05-05 05:54:21'),
('b9b757f2642fa2dcf7cc0b22532a00664098543a38b761a3cd78205df698203aa54e301334394c25', 6, '92ded53e-e542-4345-aca2-9ed3f6e5ae42', 'Api Token', '[]', 0, '2021-03-10 16:10:23', '2021-03-10 16:10:23', '2021-03-25 11:10:22'),
('ba0ddbb22820c4b4cdcfd56b9cc717ca4596c6b82bb994017f737457389350cf13f0b2886bdaaafa', 6, '92ded53e-e542-4345-aca2-9ed3f6e5ae42', 'Api Token', '[]', 0, '2021-04-16 10:11:44', '2021-04-16 10:11:44', '2021-05-01 06:11:44'),
('ba4b09468100a166cf339cd49a845ea38afb9fe480785ec85e5c560c8353653be3b08d901506f21f', 6, '92ded53e-e542-4345-aca2-9ed3f6e5ae42', 'Api Token', '[]', 0, '2021-03-09 11:12:27', '2021-03-09 11:12:27', '2021-03-24 06:12:27'),
('ba7cfe3e15923d1bc1846ff02239bb7946073d62d1800b958e4e7fe39e5c4c3cefaf42b2a964db79', 6, '92ded53e-e542-4345-aca2-9ed3f6e5ae42', 'Api Token', '[]', 0, '2021-03-15 09:49:49', '2021-03-15 09:49:49', '2021-03-30 05:49:48'),
('bb2982fc08dd4cb1f22629e2a4c3d0d77dbcac01f0e441e41988aa42a0da27ccdf70b7482088b207', 6, '92ded53e-e542-4345-aca2-9ed3f6e5ae42', 'Api Token', '[]', 1, '2021-04-14 15:03:30', '2021-04-14 15:03:30', '2021-04-29 11:03:30'),
('bb4ab44312e1c1dcbb5ef27be202b907653d55d41fcabcc49990e52b8b247bc252045b196378b89a', 6, '92ded53e-e542-4345-aca2-9ed3f6e5ae42', 'Api Token', '[]', 0, '2021-04-14 14:03:28', '2021-04-14 14:03:28', '2021-04-29 10:03:28'),
('bb60b190ff3a17591ad56c8928069e09230edd496d1bedab1feea2aeba6b91ea29804323df3f6641', 6, '92ded53e-e542-4345-aca2-9ed3f6e5ae42', 'Api Token', '[]', 0, '2021-04-21 15:53:22', '2021-04-21 15:53:22', '2021-05-06 11:53:22'),
('bb625f6b2f8d89c631626342995eca963964520bcbc5c6ccca50e1d6d45e4c633e91b12ffd6d02b2', 6, '92ded53e-e542-4345-aca2-9ed3f6e5ae42', 'Api Token', '[]', 0, '2021-03-10 13:01:20', '2021-03-10 13:01:20', '2021-03-25 08:01:20'),
('bb692caa91af272796ae1463d4985ab4dc52637c1733e557196a1a82d6fd68f3e226eea401a0a081', 6, '92ded53e-e542-4345-aca2-9ed3f6e5ae42', 'Api Token', '[]', 0, '2021-04-20 12:52:41', '2021-04-20 12:52:41', '2021-05-05 08:52:41'),
('bb8bf810fe60bbd91a4c19eafe05f80e8aa0656efa397e621ee8133b48d5641092acda1d4fd33026', 6, '92ded53e-e542-4345-aca2-9ed3f6e5ae42', 'Api Token', '[]', 0, '2021-04-22 13:35:56', '2021-04-22 13:35:56', '2021-05-07 09:35:56'),
('bb94f1fe9afb972437a50326efdee848c97c87ae29a3e69920e374a01fe0c83cfb7d47454dc1308b', 6, '92ded53e-e542-4345-aca2-9ed3f6e5ae42', 'Api Token', '[]', 0, '2021-03-26 13:00:10', '2021-03-26 13:00:10', '2021-04-10 09:00:10'),
('bbbc2028d40f85219d205689857e2f971a4fb6859272ded1fb9a99568a56a56b03840a4e6d88a207', 6, '92ded53e-e542-4345-aca2-9ed3f6e5ae42', 'Api Token', '[]', 0, '2021-03-12 11:23:00', '2021-03-12 11:23:00', '2021-03-27 06:23:00'),
('bbfd9bbbf663bfce7f1876228651bc8e45dd923a4e4f3979de89efa9c91733277280acc7473daff8', 6, '92ded53e-e542-4345-aca2-9ed3f6e5ae42', 'Api Token', '[]', 0, '2021-04-15 10:16:35', '2021-04-15 10:16:35', '2021-04-30 06:16:35'),
('bc020c34a34a37cc3781f4d0625aaffbddddbc22b272817e21eb1a76cae988c3797ff8927597cf4f', 6, '92ded53e-e542-4345-aca2-9ed3f6e5ae42', 'Api Token', '[]', 0, '2021-04-23 13:26:37', '2021-04-23 13:26:37', '2021-05-08 09:26:37'),
('bc0c3bdd22e5c55481f37217b261b4937d1350abb274a72638529ffd7cf979a1e82ba45541dc9089', 6, '92ded53e-e542-4345-aca2-9ed3f6e5ae42', 'Api Token', '[]', 0, '2021-04-20 13:12:42', '2021-04-20 13:12:42', '2021-05-05 09:12:42'),
('bc288f1435838318dc57293ba09bb6ffb82d771e26ae6d72e60656e5d02c33576639390f14547b05', 6, '92ded53e-e542-4345-aca2-9ed3f6e5ae42', 'Api Token', '[]', 0, '2021-03-08 19:41:18', '2021-03-08 19:41:18', '2021-03-23 14:41:17'),
('bc5917e1359d47632467128a68aeb5de4c08621205847f3967766af138b6cb135c0c5918e9a57301', 6, '92ded53e-e542-4345-aca2-9ed3f6e5ae42', 'Api Token', '[]', 0, '2021-03-11 17:30:38', '2021-03-11 17:30:38', '2021-03-26 12:30:38'),
('bc8c37b85ba8a37204fab2b0f7b94fb5c07cd51dd3f32049560fa883f9df1a0135ca3c5e835faac4', 2, '92ded53e-e542-4345-aca2-9ed3f6e5ae42', 'Api Token', '[]', 0, '2021-06-22 15:03:03', '2021-06-22 15:03:03', '2021-07-07 11:03:03'),
('bc98c538ef2a7e54d4d750a3cc64d94046505ab4e28ae33cc4eea3756f4442926e282030cfbad727', 6, '92ded53e-e542-4345-aca2-9ed3f6e5ae42', 'Api Token', '[]', 0, '2021-03-17 19:10:46', '2021-03-17 19:10:46', '2021-04-01 15:10:46'),
('bd24f61ae20afd6d237e4c06b7e06f2d1b53591cd6d0e6344b1df3b9c7cee3b4f46fad6125e60b6b', 6, '92ded53e-e542-4345-aca2-9ed3f6e5ae42', 'Api Token', '[]', 0, '2021-04-21 15:43:55', '2021-04-21 15:43:55', '2021-05-06 11:43:55'),
('bd3b79cf5822c2a50f142893bdb0fbf716ad5e0a945fcd4641108811120bbc604daec569dd705655', 6, '92ded53e-e542-4345-aca2-9ed3f6e5ae42', 'Api Token', '[]', 0, '2021-04-13 12:11:40', '2021-04-13 12:11:40', '2021-04-28 08:11:39'),
('bd3de1be04808bd10811e96f92acc63bd3518be63ef525efcad4025539713c22dda6fad801f7a840', 6, '92ded53e-e542-4345-aca2-9ed3f6e5ae42', 'Api Token', '[]', 0, '2021-03-26 13:28:26', '2021-03-26 13:28:26', '2021-04-10 09:28:26'),
('bda3e2c33a760fed7e661c016233a513ceeb470c730f281f6a43e73b2effb43ed5385e36f472f872', 6, '92ded53e-e542-4345-aca2-9ed3f6e5ae42', 'Api Token', '[]', 0, '2021-03-11 11:02:03', '2021-03-11 11:02:03', '2021-03-26 06:02:03'),
('bdf3ce501ad0e593eae6fc8e7c0fbc313da3535a0300752a90f4e52d64573ac2739752f8d48d1bba', 6, '92ded53e-e542-4345-aca2-9ed3f6e5ae42', 'Api Token', '[]', 0, '2021-03-10 15:06:02', '2021-03-10 15:06:02', '2021-03-25 10:06:02'),
('be032f9da3cdc51822d26426616d88425e829f65fb000a958810ab0440c152027ed0d1e4e89a4fe4', 6, '92ded53e-e542-4345-aca2-9ed3f6e5ae42', 'Api Token', '[]', 0, '2021-03-26 13:33:25', '2021-03-26 13:33:25', '2021-04-10 09:33:25'),
('be293dfe870d277e927b09f3784964b948708fb0cc06a29958462e4e0cefa5da3e3b8fe54a86c40c', 6, '92ded53e-e542-4345-aca2-9ed3f6e5ae42', 'Api Token', '[]', 0, '2021-04-14 14:11:32', '2021-04-14 14:11:32', '2021-04-29 10:11:32'),
('be45ab7a7e335e1bfbeb47e81e82d3d4a164b44f97be4b148b092e988147452f372525c23b9f6382', 6, '92ded53e-e542-4345-aca2-9ed3f6e5ae42', 'Api Token', '[]', 0, '2021-03-29 15:25:53', '2021-03-29 15:25:53', '2021-04-13 11:25:52'),
('be92cd9b441da7c7893a82f5b56f95330c6b8f9bada0370f27d0fb48d6f0e46b7b7fdf704df4ace8', 6, '92ded53e-e542-4345-aca2-9ed3f6e5ae42', 'Api Token', '[]', 0, '2021-03-17 17:15:25', '2021-03-17 17:15:25', '2021-04-01 13:15:24'),
('beab1cf77f129e42e5c29ed20fcffae18784d8df9a12e5f8d741c45e12fd8ace675c45e7f7870972', 6, '92ded53e-e542-4345-aca2-9ed3f6e5ae42', 'Api Token', '[]', 0, '2021-03-30 10:25:01', '2021-03-30 10:25:01', '2021-04-14 06:25:01'),
('bed3ceae22fdbaf65e3cb67e6cdcad839670f48d4302269a26b53d34d22f61ae5a825cc874f068b0', 6, '92ded53e-e542-4345-aca2-9ed3f6e5ae42', 'Api Token', '[]', 0, '2021-04-16 10:42:32', '2021-04-16 10:42:32', '2021-05-01 06:42:32'),
('bee8bac7a1be8f06a79b56ee09420f7e2e248b71a6781bcb890e453683eb911c42898c387950b2fb', 2, '92ded53e-e542-4345-aca2-9ed3f6e5ae42', 'Api Token', '[]', 0, '2021-06-21 12:43:09', '2021-06-21 12:43:09', '2021-07-06 08:43:09'),
('bef9138fd19a514bd4cd1794571797b32f091793c5fef3a6572dfd9435ca17b959a21a7cd39650e2', 6, '92ded53e-e542-4345-aca2-9ed3f6e5ae42', 'Api Token', '[]', 0, '2021-04-01 09:23:33', '2021-04-01 09:23:33', '2021-04-16 05:23:33'),
('bf1f57f766d413a2be16eb975c7a664815d92221dcf93f1f9520f10b70f033e04f28d8510ea62af9', 6, '92ded53e-e542-4345-aca2-9ed3f6e5ae42', 'Api Token', '[]', 0, '2021-04-26 13:57:28', '2021-04-26 13:57:28', '2021-05-11 09:57:27'),
('bf39b742cacd00b563d6b63b47fb8eb7d89f98f5d6a969a11206079a2e78c74cc2f75dc2be47e452', 6, '92ded53e-e542-4345-aca2-9ed3f6e5ae42', 'Api Token', '[]', 0, '2021-03-29 15:42:31', '2021-03-29 15:42:31', '2021-04-13 11:42:31'),
('bf46f746d49acfa437b36cae4d12a97e974f46308600fea72df8eb1470ee2d54edb9c55da4d30a3c', 6, '92ded53e-e542-4345-aca2-9ed3f6e5ae42', 'Api Token', '[]', 0, '2021-04-20 10:40:47', '2021-04-20 10:40:47', '2021-05-05 06:40:47'),
('bf519fd1b30ed460b443922b017f837549dada6b906d9b9aa0d253a254ae0fe7c1ee3c5fe88d656e', 6, '92ded53e-e542-4345-aca2-9ed3f6e5ae42', 'Api Token', '[]', 0, '2021-03-09 12:31:10', '2021-03-09 12:31:10', '2021-03-24 07:31:10'),
('bf6fddee5afb83bf45f50329a6ad449cdd93649d4ecc668bcb60eddacb8add46257990c6fbdc7e63', 2, '92ded53e-e542-4345-aca2-9ed3f6e5ae42', 'Api Token', '[]', 0, '2021-06-21 12:27:57', '2021-06-21 12:27:57', '2021-07-06 08:27:57'),
('bf8b5e0425916f42e32f9e5a9954fd2db575dc6c4f539a731265ed138e923d51fa07b2a1e89cd8e9', 6, '92ded53e-e542-4345-aca2-9ed3f6e5ae42', 'Api Token', '[]', 0, '2021-04-15 11:57:20', '2021-04-15 11:57:20', '2021-04-30 07:57:20'),
('bfa759f68a5cea1eb1f60b52641fa00ebb05cb9a12e362064c5da9558e9829a9bdfa42951398c3b4', 2, '92ded53e-e542-4345-aca2-9ed3f6e5ae42', 'Api Token', '[]', 0, '2021-06-21 11:00:52', '2021-06-21 11:00:52', '2021-07-06 07:00:52'),
('bfbca1df8843f5f287c8b2f50e1c20f2c4139559817fe02c15f758c072250b3a2370065319a4d886', 6, '92ded53e-e542-4345-aca2-9ed3f6e5ae42', 'Api Token', '[]', 0, '2021-03-30 10:38:47', '2021-03-30 10:38:47', '2021-04-14 06:38:47'),
('bfe218c0d44672a86b1761046d06074caa915156880f08197d902ea8214074a3af65d8dadda69e18', 6, '92ded53e-e542-4345-aca2-9ed3f6e5ae42', 'Api Token', '[]', 0, '2021-03-11 11:00:28', '2021-03-11 11:00:28', '2021-03-26 06:00:28'),
('c012b8520d8c4c7c5e782f9e1da4c01c06b0617c025493a2d058dad9f166b5ffd1d4d715ca892acf', 6, '92ded53e-e542-4345-aca2-9ed3f6e5ae42', 'Api Token', '[]', 0, '2021-04-23 12:32:35', '2021-04-23 12:32:35', '2021-05-08 08:32:35'),
('c05f56750ae72aa0d4de1e600a5d7c049c029fc9f23c5b9a568d0098ab4d186225589b5dc1104180', 6, '92ded53e-e542-4345-aca2-9ed3f6e5ae42', 'Api Token', '[]', 0, '2021-04-01 09:16:07', '2021-04-01 09:16:07', '2021-04-16 05:16:07'),
('c127e5cab589e87c0615e6e3eb97b97880c3da76749d2220eb8033d3ccf5c64e45019d7719ec14ff', 6, '92ded53e-e542-4345-aca2-9ed3f6e5ae42', 'Api Token', '[]', 0, '2021-03-16 11:21:43', '2021-03-16 11:21:43', '2021-03-31 07:21:43'),
('c16a4b6d2507a7d35d4b60b69fb4be43d8d1bacfa7853dcec70873b48de700e8fba944d92a15d24a', 2, '92ded53e-e542-4345-aca2-9ed3f6e5ae42', 'Api Token', '[]', 0, '2021-06-21 12:32:35', '2021-06-21 12:32:35', '2021-07-06 08:32:35'),
('c1c975d5194cacf2b9ff68f654664688d546d36fec1a223df913f40f8458f8c1ab5f393447783fba', 6, '92ded53e-e542-4345-aca2-9ed3f6e5ae42', 'Api Token', '[]', 0, '2021-04-01 09:10:31', '2021-04-01 09:10:31', '2021-04-16 05:10:31'),
('c21629b66a8da54ded6af4378c4c58ddb64de5b8813b3c68dba2c1729d0091ec43c18bf0c99db1ce', 6, '92ded53e-e542-4345-aca2-9ed3f6e5ae42', 'Api Token', '[]', 1, '2021-04-21 10:58:48', '2021-04-21 10:58:48', '2021-05-06 06:58:48'),
('c21b3b1820a05f54360800341d27a7e71cf17b10699b02881b088ab963b90c7ad6772a44619047d2', 6, '92ded53e-e542-4345-aca2-9ed3f6e5ae42', 'Api Token', '[]', 0, '2021-03-13 14:46:18', '2021-03-13 14:46:18', '2021-03-28 09:46:17'),
('c2529eb9f56dcb401600e109f38ff57fd147a3706e17e93e955e34fa2733b1f89f03f699add44176', 6, '92ded53e-e542-4345-aca2-9ed3f6e5ae42', 'Api Token', '[]', 0, '2021-03-26 13:31:26', '2021-03-26 13:31:26', '2021-04-10 09:31:25'),
('c275c3c01c3aaabafad595092136659c147f09c3ad89058aec4f87c74f5466496b02196140609660', 6, '92ded53e-e542-4345-aca2-9ed3f6e5ae42', 'Api Token', '[]', 0, '2021-04-27 13:10:07', '2021-04-27 13:10:07', '2021-05-12 09:10:06'),
('c2a2e18ce0ce76e750a79148708d2fead9b31b9c7eb00e814627dc3a923197f8a8e18ea73408c7a2', 6, '92ded53e-e542-4345-aca2-9ed3f6e5ae42', 'Api Token', '[]', 0, '2021-03-30 09:41:13', '2021-03-30 09:41:13', '2021-04-14 05:41:13'),
('c2e9fa6b5586cbe47560eea1fa706b28c8e358fc22c9bebf656f1263bd3c9da61bb1d154968adfbd', 2, '92ded53e-e542-4345-aca2-9ed3f6e5ae42', 'Api Token', '[]', 0, '2021-06-22 14:51:33', '2021-06-22 14:51:33', '2021-07-07 10:51:33'),
('c30e1e5d4895ee5e81c3ebc2a2e501d13ee4a1ed343ef4c634ebc2fc0ce6dcd0e4011ddb7dca13d3', 6, '92ded53e-e542-4345-aca2-9ed3f6e5ae42', 'Api Token', '[]', 0, '2021-03-31 13:35:27', '2021-03-31 13:35:27', '2021-04-15 09:35:27'),
('c34968bd85f74fc7889c3e186986f461e687630633874a4a55c5192adc6c6f54b048e588dd592360', 6, '92ded53e-e542-4345-aca2-9ed3f6e5ae42', 'Api Token', '[]', 1, '2021-04-14 14:59:12', '2021-04-14 14:59:12', '2021-04-29 10:59:12'),
('c3764f6a8ea86de24cc8e4b8a5a35ab69d1c2c55688de05435edc5784b7ba741e7289e55f26c8367', 6, '92ded53e-e542-4345-aca2-9ed3f6e5ae42', 'Api Token', '[]', 0, '2021-03-09 15:41:02', '2021-03-09 15:41:02', '2021-03-24 10:41:01'),
('c3a1e8b967f28b503c0f8f44b41f569db4448e21f1f4e70e400bd78d4bb6b76555d36c5ae80081f7', 6, '92ded53e-e542-4345-aca2-9ed3f6e5ae42', 'Api Token', '[]', 0, '2021-03-12 20:47:52', '2021-03-12 20:47:52', '2021-03-27 15:47:51'),
('c3b1230ec7518bee2af9d125c4e1a2fe0b1fe1482ab0c7af036b92560eb94c1b811dae36a4c79689', 6, '92ded53e-e542-4345-aca2-9ed3f6e5ae42', 'Api Token', '[]', 0, '2021-04-16 11:24:57', '2021-04-16 11:24:57', '2021-05-01 07:24:57'),
('c3f3fab4f722049a3d3c05a776d8892aa60e4ef267994da3ceb7826def2c92b374e0a89d3a74072e', 6, '92ded53e-e542-4345-aca2-9ed3f6e5ae42', 'Api Token', '[]', 0, '2021-04-14 13:46:54', '2021-04-14 13:46:54', '2021-04-29 09:46:53'),
('c45d63dac537d89595fb362165aa746da975704ffd77467f912589e3d13886f6186c38dbcab1e85b', 6, '92ded53e-e542-4345-aca2-9ed3f6e5ae42', 'Api Token', '[]', 0, '2021-04-22 11:57:35', '2021-04-22 11:57:35', '2021-05-07 07:57:35'),
('c48da2579cc2e9d085222a3b60469cdea6d231832411a348aeb450482b5eeccca235ae52eaceffac', 6, '92ded53e-e542-4345-aca2-9ed3f6e5ae42', 'Api Token', '[]', 0, '2021-04-15 10:52:32', '2021-04-15 10:52:32', '2021-04-30 06:52:32'),
('c490f5aeca18a2089c89e3ff95666c0bd9cf853f313c2c80f5f721a47eb1e97e56461f852395d846', 6, '92ded53e-e542-4345-aca2-9ed3f6e5ae42', 'Api Token', '[]', 0, '2021-04-27 12:01:08', '2021-04-27 12:01:08', '2021-05-12 08:01:08'),
('c4943f5a39ac68cf8921238e6ef1c68568901bedae2dfaaf86c44b2381d68f67dae2b2ba3dfe00c1', 6, '92ded53e-e542-4345-aca2-9ed3f6e5ae42', 'Api Token', '[]', 0, '2021-04-16 13:47:43', '2021-04-16 13:47:43', '2021-05-01 09:47:43'),
('c498188fb5baa36c94386004f50a677074eb08ed4646c86373cd37c85e57dc8ac579eb46c917fc61', 6, '92ded53e-e542-4345-aca2-9ed3f6e5ae42', 'Api Token', '[]', 0, '2021-03-08 18:52:49', '2021-03-08 18:52:49', '2021-03-23 13:52:49'),
('c4ddfeb87fd5e239a6818960e521114760582fa7c2d466c013f9256d4f53d28a534b7e27b0c0fb72', 6, '92ded53e-e542-4345-aca2-9ed3f6e5ae42', 'Api Token', '[]', 0, '2021-03-05 16:51:08', '2021-03-05 16:51:08', '2021-03-20 11:51:08'),
('c4e21359d10cb5942d77ddb409f2dd9cb402188fe38c970bd48d539066d198d9d267313de05c055a', 6, '92ded53e-e542-4345-aca2-9ed3f6e5ae42', 'Api Token', '[]', 0, '2021-04-16 13:33:58', '2021-04-16 13:33:58', '2021-05-01 09:33:58'),
('c5218d0253236c4304a991c28f29ff0e1c75a4146d429303f58bc1ea81e0065949541b09861b1008', 6, '92ded53e-e542-4345-aca2-9ed3f6e5ae42', 'Api Token', '[]', 0, '2021-04-23 13:39:39', '2021-04-23 13:39:39', '2021-05-08 09:39:39'),
('c5990486ab5818c5cbda8db0aa753a022957c43c40de1888ac4ee55859ca08e098157603f6fe9041', 6, '92ded53e-e542-4345-aca2-9ed3f6e5ae42', 'Api Token', '[]', 0, '2021-03-09 11:21:17', '2021-03-09 11:21:17', '2021-03-24 06:21:17'),
('c5a20d0a19b4816abb7ced22bec21c1d2f14a7a80334e35242c63c986422fa25237a7baa7e2ae820', 6, '92ded53e-e542-4345-aca2-9ed3f6e5ae42', 'Api Token', '[]', 0, '2021-04-01 09:34:21', '2021-04-01 09:34:21', '2021-04-16 05:34:21'),
('c5b523a6eda12fd0c1e39cb2573e0dac46893cab8d67ac73115206386f81b73a3b1761541824d9db', 6, '92ded53e-e542-4345-aca2-9ed3f6e5ae42', 'Api Token', '[]', 0, '2021-03-12 19:14:30', '2021-03-12 19:14:30', '2021-03-27 14:14:30'),
('c5cd25a542e4bf7bfaa523f3bb8e8962d7552f4285b6ef0d0a7193d272da8a9eb18b711977b498b7', 6, '92ded53e-e542-4345-aca2-9ed3f6e5ae42', 'Api Token', '[]', 0, '2021-04-23 13:53:13', '2021-04-23 13:53:13', '2021-05-08 09:53:13'),
('c5e96fcfc653fa2782c7934793bb0ca1b968a7c1f993cbf8a2cad9a7bec8fd1fa4eee166a7c1190a', 6, '92ded53e-e542-4345-aca2-9ed3f6e5ae42', 'Api Token', '[]', 0, '2021-03-08 16:02:31', '2021-03-08 16:02:31', '2021-03-23 11:02:31'),
('c608e842e2c89fb5448225d2a44e57be8ff5dccfbd82d0dd851a4de2305680f8cf7284101213646e', 6, '92ded53e-e542-4345-aca2-9ed3f6e5ae42', 'Api Token', '[]', 0, '2021-04-06 17:11:06', '2021-04-06 17:11:06', '2021-04-21 13:11:06'),
('c686cbfb8694d99842e06b70dfbf7e0412826c9e7a3adfddf018f1b488820cb56d121ff5613781e3', 6, '92ded53e-e542-4345-aca2-9ed3f6e5ae42', 'Api Token', '[]', 0, '2021-03-10 17:43:08', '2021-03-10 17:43:08', '2021-03-25 12:43:08'),
('c6bfe84089a0a66cbb22c46475f0d43945894bde07ac30a4f85cf5e3d661207ba61813c688eaacba', 6, '92ded53e-e542-4345-aca2-9ed3f6e5ae42', 'Api Token', '[]', 0, '2021-04-21 16:02:33', '2021-04-21 16:02:33', '2021-05-06 12:02:32'),
('c6c7e08f2031c8d7097bd7160f7f9d9c8ea9e212dbafc4c8141e917c83492eb24bb944bdee4d0eaf', 6, '92ded53e-e542-4345-aca2-9ed3f6e5ae42', 'Api Token', '[]', 0, '2021-03-30 09:54:50', '2021-03-30 09:54:50', '2021-04-14 05:54:50'),
('c6e9ac71bc843329c5036452a6cb52c250f0417e6cc6b47af7fcc8bf1d050dbf07f17edb360883b0', 6, '92ded53e-e542-4345-aca2-9ed3f6e5ae42', 'Api Token', '[]', 0, '2021-04-27 11:46:39', '2021-04-27 11:46:39', '2021-05-12 07:46:39'),
('c712f42d6bcef13352a2ac3e0b437ab139067a8308d98cec50c98281e1881660fa7e5178151b8d5a', 6, '92ded53e-e542-4345-aca2-9ed3f6e5ae42', 'Api Token', '[]', 0, '2021-04-27 13:18:01', '2021-04-27 13:18:01', '2021-05-12 09:18:01'),
('c715f9763e599b9bd4348089aa664b15d833129b2257be294cd5084fa3ab7b9366c3bdfd92e40170', 2, '92ded53e-e542-4345-aca2-9ed3f6e5ae42', 'Api Token', '[]', 0, '2021-06-21 12:53:03', '2021-06-21 12:53:03', '2021-07-06 08:53:03'),
('c7a6a32f80a5978f29e7ec88aaa9245d8ca222846f2d2261eb21210082b8e1702f49b8b693422a3c', 6, '92ded53e-e542-4345-aca2-9ed3f6e5ae42', 'Api Token', '[]', 0, '2021-03-30 10:36:59', '2021-03-30 10:36:59', '2021-04-14 06:36:59'),
('c7bbb985f7ea2c256a2a90ad3517422c70ddec241a78dcaeeea5fe07ac62964dc4ff0f6dd128e546', 6, '92ded53e-e542-4345-aca2-9ed3f6e5ae42', 'Api Token', '[]', 0, '2021-03-08 14:06:17', '2021-03-08 14:06:17', '2021-03-23 09:06:17'),
('c81397be93e5d729c60829b1ff73752e2aae5cf8a047fdf443bd3fb2099dbc807b4c080a1b87db18', 6, '92ded53e-e542-4345-aca2-9ed3f6e5ae42', 'Api Token', '[]', 0, '2021-03-08 13:32:53', '2021-03-08 13:32:53', '2021-03-23 08:32:53'),
('c83a53fd5a76a7fe0848dfc358deb3632a9de10605d57f83eaf7a007e0b4e6c27672b42cd3a5efd0', 6, '92ded53e-e542-4345-aca2-9ed3f6e5ae42', 'Api Token', '[]', 0, '2021-04-22 12:22:39', '2021-04-22 12:22:39', '2021-05-07 08:22:39'),
('c862feed1d17e0c1415c67d2c8dc51c3f8ed5204516f84a6aed702d0d300e361198d6e0f8906d2ca', 6, '92ded53e-e542-4345-aca2-9ed3f6e5ae42', 'Api Token', '[]', 0, '2021-04-01 09:29:56', '2021-04-01 09:29:56', '2021-04-16 05:29:56'),
('c87e7c874ed7534fa5397b10858b7a893dfe4ae5aa751821d294e3f4e4598eaa5ba0478045897b02', 6, '92ded53e-e542-4345-aca2-9ed3f6e5ae42', 'Api Token', '[]', 0, '2021-03-30 09:59:44', '2021-03-30 09:59:44', '2021-04-14 05:59:44'),
('c88f0781092ee75007feffaedd989c9af9b88d50e8a049049c4d5e76515e3d0f6cb78b98a3ca7f3e', 6, '92ded53e-e542-4345-aca2-9ed3f6e5ae42', 'Api Token', '[]', 0, '2021-04-26 12:08:39', '2021-04-26 12:08:39', '2021-05-11 08:08:39'),
('c8add1d2a933f93851caaf78b7de87833a190bde05e4ae087e5b73be3415a30084a27471ecd64760', 6, '92ded53e-e542-4345-aca2-9ed3f6e5ae42', 'Api Token', '[]', 0, '2021-03-10 13:03:57', '2021-03-10 13:03:57', '2021-03-25 08:03:56'),
('c8b39a85190d27f6cea81bd5de607874de2934527744358fbe241f7eebbcf3e32aa1efb50aa2a65e', 6, '92ded53e-e542-4345-aca2-9ed3f6e5ae42', 'Api Token', '[]', 0, '2021-03-10 13:06:02', '2021-03-10 13:06:02', '2021-03-25 08:06:02'),
('c8bde2a9748a7ba64b193c59eedc93edf0dfc6a0d674e242dd09d5d6c1bb3053b530c675c8f18f23', 6, '92ded53e-e542-4345-aca2-9ed3f6e5ae42', 'Api Token', '[]', 0, '2021-03-12 19:26:52', '2021-03-12 19:26:52', '2021-03-27 14:26:52'),
('c8bf0708b4d309b3811a8ee404972882be54233fdcb9850aa9d42c16be58b7778aa950b656898682', 6, '92ded53e-e542-4345-aca2-9ed3f6e5ae42', 'Api Token', '[]', 0, '2021-03-30 09:36:26', '2021-03-30 09:36:26', '2021-04-14 05:36:26'),
('c8dcd4a8e928a1a465bad843eadffff2f49981c52fd1b39d8e9811e5f6e6597f0619b8f2b16c1f68', 6, '92ded53e-e542-4345-aca2-9ed3f6e5ae42', 'Api Token', '[]', 0, '2021-04-01 08:58:14', '2021-04-01 08:58:14', '2021-04-16 04:58:14'),
('c93033da0c03d3ee1527992815387ac6daa5587aa0c42e272a9081c9d007fd91b28b4fa8ff1804ae', 2, '92ded53e-e542-4345-aca2-9ed3f6e5ae42', 'Api Token', '[]', 0, '2021-06-21 13:59:04', '2021-06-21 13:59:04', '2021-07-06 09:59:03'),
('c9306dd7533194cfd7c588b4382895a677a07796c312e41b3d5bf4369d693782f02b0c74dbb0efbd', 2, '92ded53e-e542-4345-aca2-9ed3f6e5ae42', 'Api Token', '[]', 0, '2021-06-21 15:04:50', '2021-06-21 15:04:50', '2021-07-06 11:04:50'),
('c94f7a46e1e6dc458306d17b083499a817442883c2ff282e045b0fd3d41fdc6113d5b63020f15a18', 2, '92ded53e-e542-4345-aca2-9ed3f6e5ae42', 'Api Token', '[]', 0, '2021-06-22 12:00:04', '2021-06-22 12:00:04', '2021-07-07 08:00:03'),
('c98baf3b3bc7cafb6dea9138c6e481a4b41081253958678258cd667762dae0cfd25a86450644abd4', 6, '92ded53e-e542-4345-aca2-9ed3f6e5ae42', 'Api Token', '[]', 0, '2021-03-08 15:38:15', '2021-03-08 15:38:15', '2021-03-23 10:38:15'),
('c990c37c46f4d690a80f44be5bcca35c0783b129c6e8a215fac19c3e1517945c49f71043b88dfe90', 6, '92ded53e-e542-4345-aca2-9ed3f6e5ae42', 'Api Token', '[]', 0, '2021-03-09 15:45:16', '2021-03-09 15:45:16', '2021-03-24 10:45:16'),
('c9ddeaf0c9edc7faeba60517c0e6f31d63823c41ce4c33b57c093523b0f27af15ee82dd4f876f9f8', 6, '92ded53e-e542-4345-aca2-9ed3f6e5ae42', 'Api Token', '[]', 0, '2021-04-23 10:23:37', '2021-04-23 10:23:37', '2021-05-08 06:23:37'),
('ca0db770a7a2c14d2882cfe31885d7dcab46dcc21fe63abcdb07748dfd5395d5fe42640bc24d6872', 6, '92ded53e-e542-4345-aca2-9ed3f6e5ae42', 'Api Token', '[]', 0, '2021-03-08 18:46:07', '2021-03-08 18:46:07', '2021-03-23 13:46:07'),
('ca269bb88a55fb570a43bdafabc12cf936907147497f84f68fd1d8b4b157686aade48a1c89280df8', 6, '92ded53e-e542-4345-aca2-9ed3f6e5ae42', 'Api Token', '[]', 0, '2021-04-14 15:04:08', '2021-04-14 15:04:08', '2021-04-29 11:04:08'),
('ca4ea960fa528e8dd31a544d63f2db678624a4180da847a370eafc045239abff49edce87d0dd54e7', 6, '92ded53e-e542-4345-aca2-9ed3f6e5ae42', 'Api Token', '[]', 0, '2021-03-16 17:07:06', '2021-03-16 17:07:06', '2021-03-31 13:07:06'),
('cac774de9e73d6d851349a866fd386ab14c5add9c380526ba0d2599483cf3db3394b6fa3c8b11695', 6, '92ded53e-e542-4345-aca2-9ed3f6e5ae42', 'Api Token', '[]', 0, '2021-03-30 09:45:12', '2021-03-30 09:45:12', '2021-04-14 05:45:12'),
('cada9ade168b856970290461b89e88c28d040cb2c8d9a3efb8eeddadaadcda14c994d3e95362889f', 6, '92ded53e-e542-4345-aca2-9ed3f6e5ae42', 'Api Token', '[]', 0, '2021-04-14 13:22:42', '2021-04-14 13:22:42', '2021-04-29 09:22:42'),
('cb0cd368ebee9d77a41717ce293e5a9b5d969f2dbd16393d15559d75abf26b6dfd9226917f777bd7', 6, '92ded53e-e542-4345-aca2-9ed3f6e5ae42', 'Api Token', '[]', 0, '2021-03-08 14:00:59', '2021-03-08 14:00:59', '2021-03-23 09:00:59'),
('cbc17be3e53e5c4557f0a307ed9091b75bfdb7a55854ec6739dba77db2ac4fafd671554505cf8ee6', 6, '92ded53e-e542-4345-aca2-9ed3f6e5ae42', 'Api Token', '[]', 0, '2021-03-08 17:44:57', '2021-03-08 17:44:57', '2021-03-23 12:44:57'),
('cc497c9999c04a96d95361e52dd761ca98620e903ec9a8b6a7f40a4e58a956e318080e4758ca66e3', 6, '92ded53e-e542-4345-aca2-9ed3f6e5ae42', 'Api Token', '[]', 0, '2021-04-22 12:55:54', '2021-04-22 12:55:54', '2021-05-07 08:55:54'),
('cc9cc02392ce743f7635797b2847fbe99937d2f2c1ce6e92eb5eca2aa1b952df24c7a71052e884ff', 6, '92ded53e-e542-4345-aca2-9ed3f6e5ae42', 'Api Token', '[]', 0, '2021-03-05 14:55:31', '2021-03-05 14:55:31', '2021-03-20 09:55:31'),
('cce7744726154eb35aa6fd346486b0b534f41eafa860b491e4833bd8e26160c3aab1317dcb502da2', 6, '92ded53e-e542-4345-aca2-9ed3f6e5ae42', 'Api Token', '[]', 0, '2021-03-10 13:20:40', '2021-03-10 13:20:40', '2021-03-25 08:20:40'),
('cd72fd1db64f0a83dd037b1ca3ea11d0ae31ff7af91f60665ca7bc2d6d722a9edd212630b3bb2bcd', 6, '92ded53e-e542-4345-aca2-9ed3f6e5ae42', 'Api Token', '[]', 0, '2021-03-30 09:15:54', '2021-03-30 09:15:54', '2021-04-14 05:15:54'),
('cd759095cf8b1ff2a9fa0c3cec7cd80a4ac702a18746267b87730d08e6e017bd57bc2ad351a58e8a', 6, '92ded53e-e542-4345-aca2-9ed3f6e5ae42', 'Api Token', '[]', 0, '2021-03-26 13:22:22', '2021-03-26 13:22:22', '2021-04-10 09:22:22'),
('cdee9f0ab57bf3c1daf02ed22233d5d3d34eef7e5908e9bf84542b5b2c77255c5de6be02b3a1feac', 6, '92ded53e-e542-4345-aca2-9ed3f6e5ae42', 'Api Token', '[]', 0, '2021-04-16 14:49:34', '2021-04-16 14:49:34', '2021-05-01 10:49:34'),
('ce010523421185d04acc836dea9eb07584b6ce2d56eb22eb386f4a1b2a0102f4693a76a156024f82', 6, '92ded53e-e542-4345-aca2-9ed3f6e5ae42', 'Api Token', '[]', 0, '2021-03-12 19:15:43', '2021-03-12 19:15:43', '2021-03-27 14:15:43'),
('ce02fa0f02f6f124818f3bb7d9d3e81ab89efc0485651927de96b20cd76b1401841462bfc78b33d8', 6, '92ded53e-e542-4345-aca2-9ed3f6e5ae42', 'Api Token', '[]', 0, '2021-04-15 12:43:56', '2021-04-15 12:43:56', '2021-04-30 08:43:56'),
('ce87bda3a89d749fe79bd133332c82503abb6f78aebaf1873c36fda4b04f84e6d219ce9454716617', 6, '92ded53e-e542-4345-aca2-9ed3f6e5ae42', 'Api Token', '[]', 0, '2021-03-08 12:37:32', '2021-03-08 12:37:32', '2021-03-23 07:37:32'),
('ce8bec82f7fd0ae42c07b0785696f2ff6fd0829204f3984e2bf8240df67424bdbd12ca74380e956f', 2, '92ded53e-e542-4345-aca2-9ed3f6e5ae42', 'Api Token', '[]', 0, '2021-06-21 15:24:22', '2021-06-21 15:24:22', '2021-07-06 11:24:21'),
('ce976f9d34b1c24f32c3505d8aa901064d6c75272c1f0b038cfc074420c0dcd95b3b2b04f4e9b591', 2, '92ded53e-e542-4345-aca2-9ed3f6e5ae42', 'Api Token', '[]', 0, '2021-06-16 11:18:14', '2021-06-16 11:18:14', '2021-07-01 07:18:14'),
('cebc1edcb0a109a5ba104993ff35c7f90524b3146d01bc552cdce7ecbc7b22fd0bf2b1d654df5405', 6, '92ded53e-e542-4345-aca2-9ed3f6e5ae42', 'Api Token', '[]', 0, '2021-03-10 16:09:17', '2021-03-10 16:09:17', '2021-03-25 11:09:17'),
('ced6ee0507267fbb8ffb6c8affd83c6252dac70f17212c1b33fbfed053e58735be243946ca800609', 6, '92ded53e-e542-4345-aca2-9ed3f6e5ae42', 'Api Token', '[]', 0, '2021-04-23 10:37:12', '2021-04-23 10:37:12', '2021-05-08 06:37:12'),
('ced9b88b393c8879e1c45b62e7b616fb5e6b1d1cd04f6a2d78cef15420b548fbf8c201133ee16dc7', 6, '92ded53e-e542-4345-aca2-9ed3f6e5ae42', 'Api Token', '[]', 0, '2021-03-26 12:56:49', '2021-03-26 12:56:49', '2021-04-10 08:56:49'),
('cee01d086714125d01059024c69a2eb4904fd90d4ae67e081fb9e5d0161976108255ef2ec6f4d73c', 6, '92ded53e-e542-4345-aca2-9ed3f6e5ae42', 'Api Token', '[]', 0, '2021-04-23 10:03:33', '2021-04-23 10:03:33', '2021-05-08 06:03:33'),
('cf1616629e7cb2587adb7d1338321847e921ab387db8da2e2434cbd8e2fabb9ce642b28e942a814e', 6, '92ded53e-e542-4345-aca2-9ed3f6e5ae42', 'Api Token', '[]', 0, '2021-04-16 10:59:35', '2021-04-16 10:59:35', '2021-05-01 06:59:35'),
('cf2d09f353673774008fe879cc22cc5debe966f847584b49c42e3d3489f7dd218cdfe2d4337f0a34', 6, '92ded53e-e542-4345-aca2-9ed3f6e5ae42', 'Api Token', '[]', 0, '2021-04-01 08:55:08', '2021-04-01 08:55:08', '2021-04-16 04:55:08'),
('cfcd00f90f0770a39fa7293374e72ae9d7dc920cb5e9e5c35cf49f8db4d960755a126c854c7be533', 6, '92ded53e-e542-4345-aca2-9ed3f6e5ae42', 'Api Token', '[]', 0, '2021-03-08 13:21:59', '2021-03-08 13:21:59', '2021-03-23 08:21:58'),
('cfef7124bbdb8948037d64e0790cd76aecb6f174e8cfc87788c6d685909a953a9a8c2063fda75d9d', 6, '92ded53e-e542-4345-aca2-9ed3f6e5ae42', 'Api Token', '[]', 0, '2021-04-22 12:11:31', '2021-04-22 12:11:31', '2021-05-07 08:11:31'),
('cff05cc1dabb6b6b35a5bbce655b09fbe8e8ca73f4e40bff4a33f8f8f7ffdd7198a95299a9e74e36', 6, '92ded53e-e542-4345-aca2-9ed3f6e5ae42', 'Api Token', '[]', 0, '2021-03-09 12:41:41', '2021-03-09 12:41:41', '2021-03-24 07:41:41'),
('cffc3b84887ec87beb5c8fcb971ec28ae6773d2870f149fb01b4cca213d38b0acb2e22bbee964de6', 6, '92ded53e-e542-4345-aca2-9ed3f6e5ae42', 'Api Token', '[]', 0, '2021-03-29 16:01:21', '2021-03-29 16:01:21', '2021-04-13 12:01:21'),
('d03bb9f6a56b82559005738ff0348ba45dd71382b4b931c15c2c80b395623a1d6b3b63106c401162', 6, '92ded53e-e542-4345-aca2-9ed3f6e5ae42', 'Api Token', '[]', 0, '2021-03-30 09:33:36', '2021-03-30 09:33:36', '2021-04-14 05:33:36'),
('d08c36d3417777e85e7e85902a67940d1897691bf0e03b9561483627c9c69852639b15683084bbb9', 6, '92ded53e-e542-4345-aca2-9ed3f6e5ae42', 'Api Token', '[]', 0, '2021-04-16 10:57:17', '2021-04-16 10:57:17', '2021-05-01 06:57:17'),
('d08fc0768d36fcb06d01dd0d8bfd9eb188b5d434267120209b61a3449142e57d0e950c991f1305fe', 6, '92ded53e-e542-4345-aca2-9ed3f6e5ae42', 'Api Token', '[]', 0, '2021-04-22 12:46:39', '2021-04-22 12:46:39', '2021-05-07 08:46:39'),
('d0e9ba7f8e55e1d3f305c1150a8be1676edba6fc394d9ac91b53ea8ec7175851ef2c36e02cffa172', 6, '92ded53e-e542-4345-aca2-9ed3f6e5ae42', 'Api Token', '[]', 0, '2021-03-26 12:31:44', '2021-03-26 12:31:44', '2021-04-10 08:31:44'),
('d0f8e8d876f2a241b5ad4e6cfe2ad30a2f414dea0f90000113f70fee97b2b12e7daa59637d52efbf', 6, '92ded53e-e542-4345-aca2-9ed3f6e5ae42', 'Api Token', '[]', 0, '2021-04-16 10:50:33', '2021-04-16 10:50:33', '2021-05-01 06:50:33'),
('d1345bcff0232dcae042700d7cb36d3ddab27d934839e98a471653137415bfc9b707ffd5efa618dc', 6, '92ded53e-e542-4345-aca2-9ed3f6e5ae42', 'Api Token', '[]', 0, '2021-03-26 12:42:21', '2021-03-26 12:42:21', '2021-04-10 08:42:21'),
('d165403d4d1b86d12159cb942ad298cc0d139bd3fc7617a8329d4737d51688d45b39b2bee28d82d0', 6, '92ded53e-e542-4345-aca2-9ed3f6e5ae42', 'Api Token', '[]', 0, '2021-03-26 13:08:34', '2021-03-26 13:08:34', '2021-04-10 09:08:34'),
('d16a8dbf4d70dc509eeb8d83bbcb2731761dc7b11ff3aa4173535a9640e38ea6e157169d93294aa0', 6, '92ded53e-e542-4345-aca2-9ed3f6e5ae42', 'Api Token', '[]', 0, '2021-03-12 14:25:46', '2021-03-12 14:25:46', '2021-03-27 09:25:46'),
('d1e22f0d1da17620f6c07e8ed54db2a1b6c27b6509df7868a661a681b0ba84841e8a9b63d1ce3163', 6, '92ded53e-e542-4345-aca2-9ed3f6e5ae42', 'Api Token', '[]', 0, '2021-03-12 20:53:08', '2021-03-12 20:53:08', '2021-03-27 15:53:08'),
('d2724bd9cbfc0145065009cf7d0c910ebcf3ae80c2cd80d9941d45d707d5a4957eb5be2afed84a93', 6, '92ded53e-e542-4345-aca2-9ed3f6e5ae42', 'Api Token', '[]', 0, '2021-03-10 17:30:24', '2021-03-10 17:30:24', '2021-03-25 12:30:24'),
('d288d30a04730be4d8946c5b9fd88d2be994481a7b3800e142b7e85da1d68a3a4b72ccf0e40e3f84', 6, '92ded53e-e542-4345-aca2-9ed3f6e5ae42', 'Api Token', '[]', 0, '2021-03-31 14:58:34', '2021-03-31 14:58:34', '2021-04-15 10:58:34'),
('d2bf831a6a037153fe0336bbcb52c4bd1cffdd16135cafa7cc8e9241c6ae5cd1e4b15b37a412e458', 6, '92ded53e-e542-4345-aca2-9ed3f6e5ae42', 'Api Token', '[]', 0, '2021-04-23 13:12:02', '2021-04-23 13:12:02', '2021-05-08 09:12:02'),
('d2c283bb6e491bc8c02d0953a8726c87aa945f45ce86625b313524e00c9aed8df1500ccaa9f6f930', 6, '92ded53e-e542-4345-aca2-9ed3f6e5ae42', 'Api Token', '[]', 0, '2021-03-12 12:45:16', '2021-03-12 12:45:16', '2021-03-27 07:45:16'),
('d2f0f47bb3686707e7303c3c28c22e3572d4a86023579c5230999570cbd70b302021ad9db8fbdd8b', 6, '92ded53e-e542-4345-aca2-9ed3f6e5ae42', 'Api Token', '[]', 0, '2021-04-16 10:10:18', '2021-04-16 10:10:18', '2021-05-01 06:10:18'),
('d3088cf23387b4d8e812a8f13dea371fd422e357dea8981e250a476469da501153536143dc4680fb', 6, '92ded53e-e542-4345-aca2-9ed3f6e5ae42', 'Api Token', '[]', 0, '2021-04-21 13:53:07', '2021-04-21 13:53:07', '2021-05-06 09:53:06'),
('d30b578443d9f981cf89662cae35d8c5ccf1bbee3df37f0544ad6f1b45287c6140440c219f6c9fcf', 2, '92ded53e-e542-4345-aca2-9ed3f6e5ae42', 'Api Token', '[]', 0, '2021-06-22 14:27:07', '2021-06-22 14:27:07', '2021-07-07 10:27:07'),
('d4c82f6b7c204a02890c47fe0f5a202a177c2cd347aa459ea6b1bf9209532f884be7a2fa41d7fae0', 6, '92ded53e-e542-4345-aca2-9ed3f6e5ae42', 'Api Token', '[]', 0, '2021-04-27 11:50:09', '2021-04-27 11:50:09', '2021-05-12 07:50:09'),
('d5151e2b7d97b34babb72d915e1fe942c4757fe5484c667e80a22bad7c4d2b903af3e082ea88b7c3', 6, '92ded53e-e542-4345-aca2-9ed3f6e5ae42', 'Api Token', '[]', 0, '2021-03-31 14:12:03', '2021-03-31 14:12:03', '2021-04-15 10:12:02'),
('d5656205b5972f7c498e6556053823091e82ba727b8f5572535e6190d8f310a28c845e591c9f45a3', 6, '92ded53e-e542-4345-aca2-9ed3f6e5ae42', 'Api Token', '[]', 0, '2021-03-10 13:02:55', '2021-03-10 13:02:55', '2021-03-25 08:02:55'),
('d56b8ecb9e3a1645f902594f4d4578b0e67e6de359dcb8d57b8f6f34a1e45badde97ef615660ab2c', 6, '92ded53e-e542-4345-aca2-9ed3f6e5ae42', 'Api Token', '[]', 0, '2021-03-29 15:43:07', '2021-03-29 15:43:07', '2021-04-13 11:43:07'),
('d59a39987ec151106ba650450e321f5fb2f1ff9a9d42e20a78b9dd598cb0932ee3819a2d8250747f', 6, '92ded53e-e542-4345-aca2-9ed3f6e5ae42', 'Api Token', '[]', 0, '2021-04-06 18:05:33', '2021-04-06 18:05:33', '2021-04-21 14:05:33'),
('d5d9933dd2aac2cbdf5db333bd520a90432bf97eec06af3d38c9720bdc16d49195a3b1230fa3577b', 6, '92ded53e-e542-4345-aca2-9ed3f6e5ae42', 'Api Token', '[]', 0, '2021-03-10 16:15:49', '2021-03-10 16:15:49', '2021-03-25 11:15:48'),
('d5e6e13fa58bd94bee587e2be4adc0e0f3d6a9b2dc408cef25accffa32436b9a6367c0aea09e4cc2', 6, '92ded53e-e542-4345-aca2-9ed3f6e5ae42', 'Api Token', '[]', 0, '2021-04-16 13:24:25', '2021-04-16 13:24:25', '2021-05-01 09:24:25'),
('d5ec0956e193e28d83258f262582276e768df22dbecfea21336f06345c610baaeacd9f8d9b550cfe', 6, '92ded53e-e542-4345-aca2-9ed3f6e5ae42', 'Api Token', '[]', 0, '2021-04-15 10:17:56', '2021-04-15 10:17:56', '2021-04-30 06:17:56'),
('d60e9040a12a88aad8862448239e391c6ccb50e0756a73c6f6aa906b73b6ca7b4232ab9387f36529', 2, '92ded53e-e542-4345-aca2-9ed3f6e5ae42', 'Api Token', '[]', 0, '2021-06-21 16:05:04', '2021-06-21 16:05:04', '2021-07-06 12:05:04'),
('d61f1fc2c8c3564379acdaf276b17180a7bb1bb1925d75e7005d0472a2d05e6f5abd144537c1949c', 6, '92ded53e-e542-4345-aca2-9ed3f6e5ae42', 'Api Token', '[]', 0, '2021-03-11 10:58:02', '2021-03-11 10:58:02', '2021-03-26 05:58:02'),
('d6905a60efb7bc811b233be695b4c0068b7f44c2b2e7d857eaaed10e25093c65d56ca40ff115a6c3', 6, '92ded53e-e542-4345-aca2-9ed3f6e5ae42', 'Api Token', '[]', 0, '2021-03-08 12:38:38', '2021-03-08 12:38:38', '2021-03-23 07:38:38'),
('d6c6b9368fed7ade5bb497df93f293a9ff803fb737c80bbd20506984e20e0a6a6b4e530452e56ba0', 6, '92ded53e-e542-4345-aca2-9ed3f6e5ae42', 'Api Token', '[]', 0, '2021-04-16 14:47:47', '2021-04-16 14:47:47', '2021-05-01 10:47:47'),
('d6cfc687e9ba1ac12227f88aa3891d7202280d5c3d9a8c192ae92656c1c6d46e0a2912445574562b', 6, '92ded53e-e542-4345-aca2-9ed3f6e5ae42', 'Api Token', '[]', 0, '2021-03-10 15:58:02', '2021-03-10 15:58:02', '2021-03-25 10:58:02'),
('d70622544a41c8690efd1a04b6e65e575f8219e36147423ee2ab0df6c282e3821b3d0cc8f59876c7', 6, '92ded53e-e542-4345-aca2-9ed3f6e5ae42', 'Api Token', '[]', 0, '2021-03-26 13:20:35', '2021-03-26 13:20:35', '2021-04-10 09:20:35'),
('d731f7e8d4b2ccd7eba7e73341fdb5ffc335e24dfb8bd8143d15b3bfea14a67a804ee5eb3f93313c', 6, '92ded53e-e542-4345-aca2-9ed3f6e5ae42', 'Api Token', '[]', 0, '2021-04-16 10:15:33', '2021-04-16 10:15:33', '2021-05-01 06:15:33'),
('d79a75bc6dbc0cef785a7d33948cad702a47984ecbd45cdf2cf564fdbfef588f608394229e0d9271', 6, '92ded53e-e542-4345-aca2-9ed3f6e5ae42', 'Api Token', '[]', 0, '2021-04-16 13:31:40', '2021-04-16 13:31:40', '2021-05-01 09:31:40'),
('d7e16debaab33c6b87a07e58aedcc80bbbf39094d55f56637da5a8515d3a8ee619e49911e99e0653', 6, '92ded53e-e542-4345-aca2-9ed3f6e5ae42', 'Api Token', '[]', 0, '2021-03-31 14:36:37', '2021-03-31 14:36:37', '2021-04-15 10:36:37'),
('d7eaa21ac3e178dbe51709655e5a52ce4e8678048dc9a678e222077a2fb5b6ce0d765504f23e097f', 6, '92ded53e-e542-4345-aca2-9ed3f6e5ae42', 'Api Token', '[]', 0, '2021-04-15 10:43:19', '2021-04-15 10:43:19', '2021-04-30 06:43:19'),
('d826a84459cd73d938403cb57b2e764608121c3b90428670fa1c715d1bec7cc100fa7cf869f06737', 6, '92ded53e-e542-4345-aca2-9ed3f6e5ae42', 'Api Token', '[]', 0, '2021-04-06 16:58:30', '2021-04-06 16:58:30', '2021-04-21 12:58:30'),
('d843002b77ea475a496cbdf2c2fe2701d640f1195ba47de56958656e047539a4a2c291fec27456f5', 6, '92ded53e-e542-4345-aca2-9ed3f6e5ae42', 'Api Token', '[]', 0, '2021-04-28 11:40:28', '2021-04-28 11:40:28', '2021-05-13 07:40:28'),
('d8866a676c22bca48727bc28271822c3b8531b37a9f95d3bc54792958729ae86f42f57327110442a', 6, '92ded53e-e542-4345-aca2-9ed3f6e5ae42', 'Api Token', '[]', 0, '2021-03-29 15:59:43', '2021-03-29 15:59:43', '2021-04-13 11:59:43'),
('d8e8598729edcac5e3d5f479b164d8eb71f1e02f3e279dc05fd3e3856a77022de7c5560fea00de96', 6, '92ded53e-e542-4345-aca2-9ed3f6e5ae42', 'Api Token', '[]', 0, '2021-03-09 10:13:32', '2021-03-09 10:13:32', '2021-03-24 05:13:32'),
('d93ac9f42df8636cb19814eea9c5133423d3e3f206ab8c9c054ecb7e733b294703a336f1927d561d', 6, '92ded53e-e542-4345-aca2-9ed3f6e5ae42', 'Api Token', '[]', 0, '2021-04-15 12:53:06', '2021-04-15 12:53:06', '2021-04-30 08:53:06'),
('d95ca902968de535ed7557823240c5e13380cb36277334ffd430a89025b83374854715cb3d14cac5', 2, '92ded53e-e542-4345-aca2-9ed3f6e5ae42', 'Api Token', '[]', 0, '2021-06-21 14:12:37', '2021-06-21 14:12:37', '2021-07-06 10:12:36'),
('d971f97bbd5c6f1bdf12b045ce8ba910e6f900451af2c3a8d88e231c1dc92716ff803949dd825dd7', 6, '92ded53e-e542-4345-aca2-9ed3f6e5ae42', 'Api Token', '[]', 0, '2021-03-30 09:22:08', '2021-03-30 09:22:08', '2021-04-14 05:22:08'),
('d9aa817a306795bb2c8d8c1110126905e99273fbc0ca1f10de875353cf05818c27c2433b3fd5631f', 6, '92ded53e-e542-4345-aca2-9ed3f6e5ae42', 'Api Token', '[]', 0, '2021-04-27 13:09:07', '2021-04-27 13:09:07', '2021-05-12 09:09:07'),
('da0e90c6b5ac3a269c620bb22e938ebb558e347bc6836b384671961048bf24ff89b0b2bfb274a7c6', 6, '92ded53e-e542-4345-aca2-9ed3f6e5ae42', 'Api Token', '[]', 0, '2021-03-11 17:27:46', '2021-03-11 17:27:46', '2021-03-26 12:27:46'),
('da1157ac974edee028688f02f5333904c9441a8e7fb4c0820ea0f0c371ae54ef12e0ce5c2b3a5b7a', 2, '92ded53e-e542-4345-aca2-9ed3f6e5ae42', 'Api Token', '[]', 0, '2021-06-21 16:00:45', '2021-06-21 16:00:45', '2021-07-06 12:00:45'),
('da19326e7891443cdfc13061f3aad5fefa094c12e5afc1663831499c5894aa485d8d5b7b9d186a60', 6, '92ded53e-e542-4345-aca2-9ed3f6e5ae42', 'Api Token', '[]', 0, '2021-04-07 11:16:37', '2021-04-07 11:16:37', '2021-04-22 07:16:37'),
('da27da63b4ac52c93147da43a351e9a2504997971d246161c88b0b21a6801f55b3197e7272b392f6', 6, '92ded53e-e542-4345-aca2-9ed3f6e5ae42', 'Api Token', '[]', 0, '2021-03-30 10:15:08', '2021-03-30 10:15:08', '2021-04-14 06:15:08'),
('da6f44980971e9393dadeaf329a55f083f4aac752f90d1040504ea0b9c0bd4efcc71b252b77cc9bb', 6, '92ded53e-e542-4345-aca2-9ed3f6e5ae42', 'Api Token', '[]', 0, '2021-04-23 14:35:50', '2021-04-23 14:35:50', '2021-05-08 10:35:50'),
('da89546a01ee513ca78fe6174fe9cb94d72cd43f38c3cad8c40fe3c11af1aadc6ae6b207ccc89bcf', 6, '92ded53e-e542-4345-aca2-9ed3f6e5ae42', 'Api Token', '[]', 0, '2021-03-22 18:44:43', '2021-03-22 18:44:43', '2021-04-06 14:44:43'),
('daa98f24b686436946c3d60c57d5e23052445365faadfc2d1477eddce2b6686f15e80a0589b083e7', 6, '92ded53e-e542-4345-aca2-9ed3f6e5ae42', 'Api Token', '[]', 0, '2021-03-26 13:15:28', '2021-03-26 13:15:28', '2021-04-10 09:15:28'),
('db2e62d0c5ebd470c6beccf0404fa2d355ea8813ec04c8d671233469f54b650b5681dde9a6de9d21', 6, '92ded53e-e542-4345-aca2-9ed3f6e5ae42', 'Api Token', '[]', 0, '2021-03-30 09:50:31', '2021-03-30 09:50:31', '2021-04-14 05:50:31'),
('db3ac1e945a603444d1fe0f18aaead9082b504bcc0fc50e80ab68d3903c1577d05a3e119dc5a37e3', 6, '92ded53e-e542-4345-aca2-9ed3f6e5ae42', 'Api Token', '[]', 0, '2021-03-10 16:47:07', '2021-03-10 16:47:07', '2021-03-25 11:47:07'),
('dbdce9b8716c6cad30b1048ce6bdb986429c3f91848457959dbaa99a95b7aa42eadbe1359f3183a2', 2, '92ded53e-e542-4345-aca2-9ed3f6e5ae42', 'Api Token', '[]', 0, '2021-06-22 15:13:35', '2021-06-22 15:13:35', '2021-07-07 11:13:35'),
('dbe03a4638048e1068a374cce935c77908343e73d4437644d1af278f8f2431c6a689d4e6367d063c', 6, '92ded53e-e542-4345-aca2-9ed3f6e5ae42', 'Api Token', '[]', 0, '2021-03-10 13:56:35', '2021-03-10 13:56:35', '2021-03-25 08:56:35'),
('dc3a53c1f63a41ff4d43443567637b21daf5f0e5572c2854beae8f8ba6b4c2dbcc0345fe128430cd', 6, '92ded53e-e542-4345-aca2-9ed3f6e5ae42', 'Api Token', '[]', 0, '2021-04-23 11:24:27', '2021-04-23 11:24:27', '2021-05-08 07:24:26'),
('dc7fbf7d2e57a0ecf36d0c6db73843eaf1a35f5551c26ace6ca03c809f4caf00b95891c83d4a3457', 6, '92ded53e-e542-4345-aca2-9ed3f6e5ae42', 'Api Token', '[]', 0, '2021-03-10 11:01:28', '2021-03-10 11:01:28', '2021-03-25 06:01:28'),
('dc99facd6e6216369f8018d288b11c221c5dc518e8b8b67c8a78e43ab0e795ffb4e8c2948aecbc44', 6, '92ded53e-e542-4345-aca2-9ed3f6e5ae42', 'Api Token', '[]', 0, '2021-03-16 17:13:33', '2021-03-16 17:13:33', '2021-03-31 13:13:33'),
('dcfc2bc8566cdb5a6aed652c4c167ca2eb5a713752d40ae4fed2281f1729054bac864af252a0853a', 6, '92ded53e-e542-4345-aca2-9ed3f6e5ae42', 'Api Token', '[]', 0, '2021-03-09 15:23:22', '2021-03-09 15:23:22', '2021-03-24 10:23:21'),
('dd0821a1450ce0016ea4879a8957ca075e6a916276d8b98a22350dad970d51a64ca86227e8095e0a', 2, '92ded53e-e542-4345-aca2-9ed3f6e5ae42', 'Api Token', '[]', 1, '2021-06-21 12:35:26', '2021-06-21 12:35:26', '2021-07-06 08:35:26'),
('dd18adbfa5196cd9c5696fb78f6ad951a703b10f58f94258de3b6e037f053c943b7f118b67189520', 6, '92ded53e-e542-4345-aca2-9ed3f6e5ae42', 'Api Token', '[]', 0, '2021-04-20 10:16:16', '2021-04-20 10:16:16', '2021-05-05 06:16:15'),
('dd7ffc8bb081e1979a3daa4aeeecba17b93ee289872463e9a71dd62e207829d79c55db5293c1517f', 6, '92ded53e-e542-4345-aca2-9ed3f6e5ae42', 'Api Token', '[]', 0, '2021-03-08 19:31:56', '2021-03-08 19:31:56', '2021-03-23 14:31:56'),
('ddc4f96625e5147a550f69ef973c6aed97dbb35b9b2c69321bede3ffc455d29f8da60ceba48b163f', 6, '92ded53e-e542-4345-aca2-9ed3f6e5ae42', 'Api Token', '[]', 0, '2021-03-11 10:53:08', '2021-03-11 10:53:08', '2021-03-26 05:53:08'),
('de1d4d89acfb007a5f06943ddac3484bcf2ceec7a195e3d9aaacc1be020abfecd447c1be6fe9a3ba', 6, '92ded53e-e542-4345-aca2-9ed3f6e5ae42', 'Api Token', '[]', 0, '2021-04-16 13:47:23', '2021-04-16 13:47:23', '2021-05-01 09:47:23'),
('de65cb0619cfb14161112c469f72d912a03372c49ba5373234009366b5ad85444e4f49ea48d0fc37', 6, '92ded53e-e542-4345-aca2-9ed3f6e5ae42', 'Api Token', '[]', 0, '2021-04-15 12:55:31', '2021-04-15 12:55:31', '2021-04-30 08:55:31'),
('de74951552c5a6056e51d753e3b8a98853daa9258671dd6ce4a0507a7723540ebf70bb057d2f264e', 6, '92ded53e-e542-4345-aca2-9ed3f6e5ae42', 'Api Token', '[]', 0, '2021-03-09 11:00:25', '2021-03-09 11:00:25', '2021-03-24 06:00:25'),
('de87bc35f444643cbae72aaf1f759d28d862d13d7bb99978435dc73668a6d5d94e61195cccfb6124', 6, '92ded53e-e542-4345-aca2-9ed3f6e5ae42', 'Api Token', '[]', 0, '2021-04-23 10:34:27', '2021-04-23 10:34:27', '2021-05-08 06:34:27'),
('df7a4173b5ba3cd3bce3392fdc11aab5f95ab6e1f7a27cdbc6b7a5e03e6f5dfc416ad8ac53aec833', 2, '92ded53e-e542-4345-aca2-9ed3f6e5ae42', 'Api Token', '[]', 0, '2021-06-21 13:57:55', '2021-06-21 13:57:55', '2021-07-06 09:57:55'),
('dfae776aa4dc9d2bc3b4ef7f992d004538471da69c97202aae345e80a44601f4c93cf35eba785905', 6, '92ded53e-e542-4345-aca2-9ed3f6e5ae42', 'Api Token', '[]', 0, '2021-04-06 17:16:32', '2021-04-06 17:16:32', '2021-04-21 13:16:32'),
('dfd6352b45a12386d52dae1edc85ec49e8a5753836a1d67e457c415f42aad7fbb7440962f711b2a8', 6, '92ded53e-e542-4345-aca2-9ed3f6e5ae42', 'Api Token', '[]', 0, '2021-03-12 20:56:15', '2021-03-12 20:56:15', '2021-03-27 15:56:14'),
('e0224032edc11f0c744116128be70ef019023825379d4aefc73dea25574295c4d38b7d4e33dba969', 6, '92ded53e-e542-4345-aca2-9ed3f6e5ae42', 'Api Token', '[]', 0, '2021-03-10 13:57:35', '2021-03-10 13:57:35', '2021-03-25 08:57:35');
INSERT INTO `oauth_access_tokens` (`id`, `user_id`, `client_id`, `name`, `scopes`, `revoked`, `created_at`, `updated_at`, `expires_at`) VALUES
('e02b1487198b34e829e8b2e5270b3a71ff2f37691e9e4e58c6e68dadcc6ab25b40f2a8ebf32021b2', 6, '92ded53e-e542-4345-aca2-9ed3f6e5ae42', 'Api Token', '[]', 0, '2021-03-13 14:45:12', '2021-03-13 14:45:12', '2021-03-28 09:45:11'),
('e03db1dc279ba97e2695398f7245f1dc95a5ba744f55fe56faf50274f882a0f10c66900a9b669aee', 6, '92ded53e-e542-4345-aca2-9ed3f6e5ae42', 'Api Token', '[]', 0, '2021-03-08 14:39:55', '2021-03-08 14:39:55', '2021-03-23 09:39:55'),
('e0565c04569f37d0c4650e9f0d9bebfe1ab40ab8b45066bc5b1736772b4505decb0de723848767fa', 6, '92ded53e-e542-4345-aca2-9ed3f6e5ae42', 'Api Token', '[]', 0, '2021-04-23 14:26:06', '2021-04-23 14:26:06', '2021-05-08 10:26:06'),
('e090ceaceace29577b32dfb2e4d18391208be98e83f997b7d606dddaad79674eab4fceee3a4ae217', 2, '92ded53e-e542-4345-aca2-9ed3f6e5ae42', 'Api Token', '[]', 0, '2021-06-18 16:08:57', '2021-06-18 16:08:57', '2021-07-03 12:08:57'),
('e0ce5bbe695ed23a4412da17f4c89072e9a326318765562b31773fd294f8a324442f4d7073787cbc', 6, '92ded53e-e542-4345-aca2-9ed3f6e5ae42', 'Api Token', '[]', 1, '2021-04-21 10:59:55', '2021-04-21 10:59:55', '2021-05-06 06:59:55'),
('e1cea29208f98edc76d4118ff994ce61a1a838526fc03e89527788a1bf6475cd38d00068a7c97445', 6, '92ded53e-e542-4345-aca2-9ed3f6e5ae42', 'Api Token', '[]', 0, '2021-03-31 14:36:08', '2021-03-31 14:36:08', '2021-04-15 10:36:07'),
('e1d5e31410408d3a203b1aa7155f1f26a2541e6151ef1554ca263ae5e9689756829334dda310b3a5', 6, '92ded53e-e542-4345-aca2-9ed3f6e5ae42', 'Api Token', '[]', 0, '2021-04-27 11:46:18', '2021-04-27 11:46:18', '2021-05-12 07:46:18'),
('e1e2e6a1ea76ec9cf44888e5a7f2027bd50f015901d22eec56727e898a3d210081735be9b7444ba1', 6, '92ded53e-e542-4345-aca2-9ed3f6e5ae42', 'Api Token', '[]', 0, '2021-03-26 12:54:47', '2021-03-26 12:54:47', '2021-04-10 08:54:47'),
('e2113a08fa55f28922246657d659002e319653356c6e7ae092564ef1e6d63ea98f0bdaf0610877f7', 6, '92ded53e-e542-4345-aca2-9ed3f6e5ae42', 'Api Token', '[]', 0, '2021-04-01 09:19:21', '2021-04-01 09:19:21', '2021-04-16 05:19:21'),
('e218bbb0af0f7f8853646b2332f1114b4d581984aa0a95ad9ffda9f2af4121f76d91c022bb8df340', 6, '92ded53e-e542-4345-aca2-9ed3f6e5ae42', 'Api Token', '[]', 0, '2021-04-22 12:09:40', '2021-04-22 12:09:40', '2021-05-07 08:09:39'),
('e26f3c64241e07e5c93623b6db08d5ed8b7f22cbf62fd4f906b3618497efbea8a9ff8d0c4e761a0b', 6, '92ded53e-e542-4345-aca2-9ed3f6e5ae42', 'Api Token', '[]', 0, '2021-03-26 13:36:25', '2021-03-26 13:36:25', '2021-04-10 09:36:25'),
('e2a4cd3fd8ec3a4f8e3b6c615d8697d568d1b22fd37405ac9ed91850720e3b3b9ebb701c26bb21fb', 6, '92ded53e-e542-4345-aca2-9ed3f6e5ae42', 'Api Token', '[]', 0, '2021-04-27 12:59:16', '2021-04-27 12:59:16', '2021-05-12 08:59:16'),
('e2af9958d19b5c11c76639cf9e9198f5f449bfc1d71b5b797e9462ad1a8df02a458abd891482708f', 6, '92ded53e-e542-4345-aca2-9ed3f6e5ae42', 'Api Token', '[]', 0, '2021-04-27 15:39:46', '2021-04-27 15:39:46', '2021-05-12 11:39:45'),
('e2c7358983dd9a8066fbeee3b2a8547721cdf663d18cb4fb20c83fa99c32095ef54a819484b3e48d', 6, '92ded53e-e542-4345-aca2-9ed3f6e5ae42', 'Api Token', '[]', 0, '2021-03-09 16:46:10', '2021-03-09 16:46:10', '2021-03-24 11:46:10'),
('e2eedd4c20592a6fa1e56d91ca292dee8f3b1e1c96949728256427db5ce155131dae1ccffa796cba', 6, '92ded53e-e542-4345-aca2-9ed3f6e5ae42', 'Api Token', '[]', 0, '2021-04-16 14:20:12', '2021-04-16 14:20:12', '2021-05-01 10:20:12'),
('e3223d8cb2eae2dc163967ae7c7da268efbb37bcde74b1c08d8aa661fd7adad68d2bc26413a25419', 6, '92ded53e-e542-4345-aca2-9ed3f6e5ae42', 'Api Token', '[]', 0, '2021-03-09 10:46:25', '2021-03-09 10:46:25', '2021-03-24 05:46:25'),
('e325cf31f94b8714aceea99c2ec686fbf66637c348d00160b1c5f8c6b3aeb9ec073d22cb1dec210f', 6, '92ded53e-e542-4345-aca2-9ed3f6e5ae42', 'Api Token', '[]', 0, '2021-04-23 10:59:17', '2021-04-23 10:59:17', '2021-05-08 06:59:16'),
('e32b4e086004701ab8dede175386c28b9e893502240787ee95a80b1c17d207596636036ee3647eb9', 6, '92ded53e-e542-4345-aca2-9ed3f6e5ae42', 'Api Token', '[]', 0, '2021-03-09 12:25:03', '2021-03-09 12:25:03', '2021-03-24 07:25:03'),
('e34a163e018e2c843a96b3162f9c15649af14233824a69023687360dc52fb2295c0a4782dc09cac0', 6, '92ded53e-e542-4345-aca2-9ed3f6e5ae42', 'Api Token', '[]', 0, '2021-03-31 13:33:19', '2021-03-31 13:33:19', '2021-04-15 09:33:19'),
('e3a249735183d8c8136e99f911f416fca7916eace895e71fadc4399a07256b883117ca504ca1695c', 6, '92ded53e-e542-4345-aca2-9ed3f6e5ae42', 'Api Token', '[]', 0, '2021-03-11 15:38:58', '2021-03-11 15:38:58', '2021-03-26 10:38:58'),
('e3a3cb47271b68b1ea8ccc9cefd14173d9a308848c82504db235ac482c4ea2d1d51d7d0e31b76bbd', 6, '92ded53e-e542-4345-aca2-9ed3f6e5ae42', 'Api Token', '[]', 0, '2021-03-10 13:55:28', '2021-03-10 13:55:28', '2021-03-25 08:55:27'),
('e41dc58593969f5f4aeed37e8b9fc33645dab7bc79b256f5749eaffe83bfc5becd83895167950d54', 6, '92ded53e-e542-4345-aca2-9ed3f6e5ae42', 'Api Token', '[]', 0, '2021-04-20 10:30:10', '2021-04-20 10:30:10', '2021-05-05 06:30:10'),
('e428607ccb577d23874420d6cc44a21b1bb68072f6f9bed335ed2d2bc69e08380a3af2431bec40fb', 6, '92ded53e-e542-4345-aca2-9ed3f6e5ae42', 'Api Token', '[]', 0, '2021-03-09 11:19:09', '2021-03-09 11:19:09', '2021-03-24 06:19:09'),
('e43c09edaad601952adec7214b295194c73d1d6826c58c8291d4526a95f417d01794d720544905a5', 6, '92ded53e-e542-4345-aca2-9ed3f6e5ae42', 'Api Token', '[]', 0, '2021-03-30 10:10:41', '2021-03-30 10:10:41', '2021-04-14 06:10:41'),
('e4d3ae75b9e4072886e125babeed90c3addcd028124e92ccb00f909f2540beed3b5c6e797a3b4b40', 6, '92ded53e-e542-4345-aca2-9ed3f6e5ae42', 'Api Token', '[]', 1, '2021-04-14 15:01:07', '2021-04-14 15:01:07', '2021-04-29 11:01:07'),
('e4fff65a8585789f6237b945c1d59af3ed4f10207b29e587c23dca72e9937cc8d7993a4d4f3cba24', 6, '92ded53e-e542-4345-aca2-9ed3f6e5ae42', 'Api Token', '[]', 0, '2021-04-27 15:45:58', '2021-04-27 15:45:58', '2021-05-12 11:45:58'),
('e527433128c431a96bd4d88e9da3b870ab35d5193eb1dbde8aca11aa56f6ca434c8097fcfc58c98f', 6, '92ded53e-e542-4345-aca2-9ed3f6e5ae42', 'Api Token', '[]', 0, '2021-03-11 11:31:45', '2021-03-11 11:31:45', '2021-03-26 06:31:45'),
('e5471547d57a21ccefee83ce3d38542612108ac6daca30165b7c201ce6c141c07644b8407e7d5350', 2, '92ded53e-e542-4345-aca2-9ed3f6e5ae42', 'Api Token', '[]', 0, '2021-06-23 12:06:50', '2021-06-23 12:06:50', '2021-07-08 08:06:50'),
('e587cfe201cf9a77a6ef4e9f3820ec59bb22c3e2b42783e3a3f2f4399153ac19ed444158d6f156da', 6, '92ded53e-e542-4345-aca2-9ed3f6e5ae42', 'Api Token', '[]', 0, '2021-03-10 17:31:09', '2021-03-10 17:31:09', '2021-03-25 12:31:09'),
('e5c32b3fd3a8aa45c8a56911013ee4a72873a15328ff3f7a17ec193d410d7381ae913b5217868f12', 6, '92ded53e-e542-4345-aca2-9ed3f6e5ae42', 'Api Token', '[]', 1, '2021-03-10 10:39:20', '2021-03-10 10:39:20', '2021-03-25 05:39:20'),
('e5c3af67921b85fbd6c8c0bc99f785521c1dec877615d5fc580ad889039e90e0427931b7177694b7', 6, '92ded53e-e542-4345-aca2-9ed3f6e5ae42', 'Api Token', '[]', 0, '2021-04-22 12:56:30', '2021-04-22 12:56:30', '2021-05-07 08:56:30'),
('e5d2bed250ba3f36855b64f82545a2841e2afd33bd90898858674718da9d8d285a92dd3b60617f17', 6, '92ded53e-e542-4345-aca2-9ed3f6e5ae42', 'Api Token', '[]', 0, '2021-04-23 09:55:25', '2021-04-23 09:55:25', '2021-05-08 05:55:25'),
('e62d657b9ec9614a66824a8154c2b6bc38da512f69ca441acc25ae43bb4235096e5cd45fe27d64bd', 6, '92ded53e-e542-4345-aca2-9ed3f6e5ae42', 'Api Token', '[]', 0, '2021-04-15 10:56:05', '2021-04-15 10:56:05', '2021-04-30 06:56:05'),
('e669066dac66f116ab0444d4284574c20be7e66ebacb1b6f6f685f9b2a837cffd1b28cc8bbc40148', 6, '92ded53e-e542-4345-aca2-9ed3f6e5ae42', 'Api Token', '[]', 0, '2021-03-09 12:26:31', '2021-03-09 12:26:31', '2021-03-24 07:26:31'),
('e685e654bc0fe65838c581cfe046eef3093ca5dc2a71e63e98fb15ff72997d7899db8c1bd32ea588', 6, '92ded53e-e542-4345-aca2-9ed3f6e5ae42', 'Api Token', '[]', 0, '2021-03-12 12:22:05', '2021-03-12 12:22:05', '2021-03-27 07:22:05'),
('e69291bab3155724423a584d59e2e5cc54341034d9d6f7b48ca634afbc2669a1ed33760a258780bd', 6, '92ded53e-e542-4345-aca2-9ed3f6e5ae42', 'Api Token', '[]', 1, '2021-03-11 12:24:13', '2021-03-11 12:24:13', '2021-03-26 07:24:13'),
('e7680f01b0e127e7df0d4347a581ac56b4afb6302459c9158f9fd022ed38dc7be5a98e86bd285a00', 6, '92ded53e-e542-4345-aca2-9ed3f6e5ae42', 'Api Token', '[]', 0, '2021-04-14 13:28:06', '2021-04-14 13:28:06', '2021-04-29 09:28:06'),
('e7b6ace3ae596f903e782ff780cfdb47a6d612d41367383bfa65565666ce4c407dafea05c69fe117', 6, '92ded53e-e542-4345-aca2-9ed3f6e5ae42', 'Api Token', '[]', 0, '2021-03-26 13:29:54', '2021-03-26 13:29:54', '2021-04-10 09:29:54'),
('e7ba9a9b3e66de00db47cdecef2e362701f8ef88e8b9c42a84cfcce245b8bd9431d8042ec68a308a', 2, '92ded53e-e542-4345-aca2-9ed3f6e5ae42', 'Api Token', '[]', 0, '2021-06-21 15:55:59', '2021-06-21 15:55:59', '2021-07-06 11:55:59'),
('e7f3ee4c707e08f5e79af496208e5b5f270759ba2b8dd87572ce392c6bfe5ca0813aa9a3a7ce6664', 6, '92ded53e-e542-4345-aca2-9ed3f6e5ae42', 'Api Token', '[]', 0, '2021-04-23 11:00:06', '2021-04-23 11:00:06', '2021-05-08 07:00:06'),
('e8077b7dd042f6a0bff86532d1b922d9e5bedafe7bea959b2c94f274fb9c1b43796ebe38772231e6', 6, '92ded53e-e542-4345-aca2-9ed3f6e5ae42', 'Api Token', '[]', 0, '2021-04-26 14:24:57', '2021-04-26 14:24:57', '2021-05-11 10:24:57'),
('e81d166aadb810f57321576f0dc87d4273327e6d5dbdf5315a3459c8af88c81d8acb1bf2b080e17f', 6, '92ded53e-e542-4345-aca2-9ed3f6e5ae42', 'Api Token', '[]', 0, '2021-03-30 09:20:45', '2021-03-30 09:20:45', '2021-04-14 05:20:45'),
('e8305e9cd323cc1bd07057709fbf70cf1382307f040d83d6a035e380066d44f6b680d9159f04a957', 6, '92ded53e-e542-4345-aca2-9ed3f6e5ae42', 'Api Token', '[]', 0, '2021-03-26 13:30:19', '2021-03-26 13:30:19', '2021-04-10 09:30:19'),
('e85882abb47a90dda9e6ec2ed67d81bcd237c8ea3026b9c561feceb86a89c1fc4dec525907623ae0', 6, '92ded53e-e542-4345-aca2-9ed3f6e5ae42', 'Api Token', '[]', 0, '2021-03-18 11:37:10', '2021-03-18 11:37:10', '2021-04-02 07:37:09'),
('e8d317699bb8870430f270b2e83e37e2c53b681f8a5f81f9266837bd182b146d96a3989d2440bb4d', 6, '92ded53e-e542-4345-aca2-9ed3f6e5ae42', 'Api Token', '[]', 0, '2021-03-30 09:24:00', '2021-03-30 09:24:00', '2021-04-14 05:24:00'),
('e8e3248dc60121d6f658ded26d093d4bab52060924270d0d25517a26e14306a50c6581975a172337', 2, '92ded53e-e542-4345-aca2-9ed3f6e5ae42', 'Api Token', '[]', 0, '2021-06-21 14:09:00', '2021-06-21 14:09:00', '2021-07-06 10:09:00'),
('e8f7df9c5b633dea4531f6db21319072e1fc6f4deb3a32e7b83c840d08fd4d175fa20e0cedb4c83d', 6, '92ded53e-e542-4345-aca2-9ed3f6e5ae42', 'Api Token', '[]', 0, '2021-03-30 09:39:30', '2021-03-30 09:39:30', '2021-04-14 05:39:30'),
('e9479bcf030ada00c7c3bc9168e2396c11ec1bd7e575c58439af64cb6f576e2c106f78a6117297ec', 6, '92ded53e-e542-4345-aca2-9ed3f6e5ae42', 'Api Token', '[]', 0, '2021-03-30 10:23:08', '2021-03-30 10:23:08', '2021-04-14 06:23:08'),
('e97bd792aea20b4d6d1118a9c8b273592e54ec6d564cd86bc02e5ed5ed16518057cc99ea67d7643c', 6, '92ded53e-e542-4345-aca2-9ed3f6e5ae42', 'Api Token', '[]', 0, '2021-04-27 14:37:15', '2021-04-27 14:37:15', '2021-05-12 10:37:15'),
('e9d264243df380af822643dea34ad37fa942a8ed1db0b88c55b1590391c5e2e1a364ce30f751b39f', 6, '92ded53e-e542-4345-aca2-9ed3f6e5ae42', 'Api Token', '[]', 0, '2021-03-26 12:35:27', '2021-03-26 12:35:27', '2021-04-10 08:35:27'),
('ea21b05192d5a84c64488ee5093967aa0bee04cb60cb47f903733cadd2d8866a922d5672e4acf26b', 2, '92ded53e-e542-4345-aca2-9ed3f6e5ae42', 'Api Token', '[]', 0, '2021-06-22 12:06:40', '2021-06-22 12:06:40', '2021-07-07 08:06:39'),
('ea46321e2a7bec28d685f0bf67698802d66dd1eadb72e46149d92ac2f2e1cee4b9953328785b2ce3', 6, '92ded53e-e542-4345-aca2-9ed3f6e5ae42', 'Api Token', '[]', 1, '2021-05-17 09:54:34', '2021-05-17 09:54:34', '2021-06-01 05:54:33'),
('ea517ce8eacdd021e61f36c0ef55318665183e3fbc11aef7e0eaed1468fb3bfb58df873b6b70bfc0', 6, '92ded53e-e542-4345-aca2-9ed3f6e5ae42', 'Api Token', '[]', 0, '2021-05-17 10:07:03', '2021-05-17 10:07:03', '2021-06-01 06:07:03'),
('ea5dacf55c9f0ddef9a9c69ad9fb7b585fa7340cfcacae94d368f55511cfc8fc95049d7a8ee61b27', 6, '92ded53e-e542-4345-aca2-9ed3f6e5ae42', 'Api Token', '[]', 0, '2021-03-05 16:52:46', '2021-03-05 16:52:46', '2021-03-20 11:52:46'),
('ea6a2e17e4f3403fbe9b19134f222b7abc9350dca9c1e9f68e89a36a74ec0be094a5416d686796cb', 2, '92ded53e-e542-4345-aca2-9ed3f6e5ae42', 'Api Token', '[]', 0, '2021-06-21 16:31:46', '2021-06-21 16:31:46', '2021-07-06 12:31:45'),
('ea743c2a5081492f354d01513e8e3cfebeb4595b3ada82e02768545570ed9645c3ee0d76dd1c8633', 6, '92ded53e-e542-4345-aca2-9ed3f6e5ae42', 'Api Token', '[]', 0, '2021-03-10 12:58:27', '2021-03-10 12:58:27', '2021-03-25 07:58:27'),
('ea93143d0a219750e87524a820cad00c2409b6aab7a30c05c410a174f8a1e6cb7e8bffdbb2496eb7', 6, '92ded53e-e542-4345-aca2-9ed3f6e5ae42', 'Api Token', '[]', 0, '2021-04-06 19:07:27', '2021-04-06 19:07:27', '2021-04-21 15:07:27'),
('eafe76684ae9120985fdd0a28d281aa1237361f2693a266887b6f1b230d5821fd44d312ecfd6ec6d', 6, '92ded53e-e542-4345-aca2-9ed3f6e5ae42', 'Api Token', '[]', 0, '2021-03-09 10:57:23', '2021-03-09 10:57:23', '2021-03-24 05:57:23'),
('eb1a1ce9e580b3ab8a177910aa299a1343155dfffc5688ee5fc630e3729455e798148606436d5cb2', 6, '92ded53e-e542-4345-aca2-9ed3f6e5ae42', 'Api Token', '[]', 0, '2021-03-26 13:16:20', '2021-03-26 13:16:20', '2021-04-10 09:16:20'),
('eb355d639af851471a99225f2f4511c92cee088bc444f6ce3e896d52ac40525b5f3176cbd672c6ab', 6, '92ded53e-e542-4345-aca2-9ed3f6e5ae42', 'Api Token', '[]', 0, '2021-03-09 10:32:13', '2021-03-09 10:32:13', '2021-03-24 05:32:13'),
('eb99f8a154b1e524047e0620500641fd409d0411a04c6af86e9c8b4b5d4e87ceff62ceffd7a13804', 6, '92ded53e-e542-4345-aca2-9ed3f6e5ae42', 'Api Token', '[]', 0, '2021-03-17 17:17:52', '2021-03-17 17:17:52', '2021-04-01 13:17:52'),
('ebc8896c1b21fe97f6688f034bbc89b54d6173cb122687fa287f6f0d4d69d7b5fb93a801b7bffee5', 6, '92ded53e-e542-4345-aca2-9ed3f6e5ae42', 'Api Token', '[]', 0, '2021-04-21 16:10:44', '2021-04-21 16:10:44', '2021-05-06 12:10:44'),
('ec1d8a34fb341f315d4a0db94c3ba55be280ca46f43a2f06f1ab7678e25a43aa266e26fe49d2a290', 2, '92ded53e-e542-4345-aca2-9ed3f6e5ae42', 'Api Token', '[]', 0, '2021-06-18 10:59:01', '2021-06-18 10:59:01', '2021-07-03 06:59:01'),
('ec533a603e4abc3354d29a058e208c4df3ec2ac6cfd005756f6dda4abac094736656b5152a60e754', 6, '92ded53e-e542-4345-aca2-9ed3f6e5ae42', 'Api Token', '[]', 0, '2021-03-12 16:13:32', '2021-03-12 16:13:32', '2021-03-27 11:13:32'),
('ec967e81e9924f01df641105c8d292ba1944374b1f4d874921c37d0b57e755f37467b5f5a569a056', 2, '92ded53e-e542-4345-aca2-9ed3f6e5ae42', 'Api Token', '[]', 0, '2021-06-21 16:20:15', '2021-06-21 16:20:15', '2021-07-06 12:20:15'),
('ecb2fd91d81e38a343c0b9ef38ef76a3d0986b6cc57ce67b00aae2b4b67b92df9c4a2269a9719edf', 2, '92ded53e-e542-4345-aca2-9ed3f6e5ae42', 'Api Token', '[]', 0, '2021-06-22 11:22:56', '2021-06-22 11:22:56', '2021-07-07 07:22:56'),
('ecbf9e9311aa6a8bfb6769916c95c083122616922a653e21f0da81035de46932090f39bb0e0f0f2b', 6, '92ded53e-e542-4345-aca2-9ed3f6e5ae42', 'Api Token', '[]', 0, '2021-04-01 09:23:09', '2021-04-01 09:23:09', '2021-04-16 05:23:09'),
('ecd38a8935cd8bfdb62f2aff15f1bb020fdbfdd6ead16bf0a6d6aaf7d6114af0a2b29faf3c13c374', 6, '92ded53e-e542-4345-aca2-9ed3f6e5ae42', 'Api Token', '[]', 0, '2021-03-26 13:05:54', '2021-03-26 13:05:54', '2021-04-10 09:05:54'),
('ed18643293dc2da4d3638740b71009f88258d6327eec90da29e6d0b57d3438b44af68e266c834726', 6, '92ded53e-e542-4345-aca2-9ed3f6e5ae42', 'Api Token', '[]', 0, '2021-04-27 17:01:36', '2021-04-27 17:01:36', '2021-05-12 13:01:35'),
('ed682c0c80a650528275334b28c999b49cdadf631b6a9bdb1e6fdae4afa3f2703362aa71f08b956c', 6, '92ded53e-e542-4345-aca2-9ed3f6e5ae42', 'Api Token', '[]', 0, '2021-03-30 10:09:53', '2021-03-30 10:09:53', '2021-04-14 06:09:52'),
('ed88d3220a8ea50b5be801ed900f44b6be07f2d3b36bbcc47abc92c51e85094db9821c6a5f5cba38', 6, '92ded53e-e542-4345-aca2-9ed3f6e5ae42', 'Api Token', '[]', 0, '2021-04-16 10:44:40', '2021-04-16 10:44:40', '2021-05-01 06:44:40'),
('edb1f2418b38e5d4b05f3f91ff31ce4cfa188fc0227ce536daa755ce0efee2b16f993fed5984821c', 6, '92ded53e-e542-4345-aca2-9ed3f6e5ae42', 'Api Token', '[]', 0, '2021-03-12 12:20:14', '2021-03-12 12:20:14', '2021-03-27 07:20:14'),
('edcd32fa3d4bf5293ae437e782b71dac91a5d843c8f1fd1550b3bebc9806b40d3b55b9de1e6be7ab', 2, '92ded53e-e542-4345-aca2-9ed3f6e5ae42', 'Api Token', '[]', 0, '2021-06-18 11:08:19', '2021-06-18 11:08:19', '2021-07-03 07:08:19'),
('edd48bfa9b07fd915e746c33822db35aa58b130ac4569286744b371112b5dceb6fa52c39f5bfc406', 6, '92ded53e-e542-4345-aca2-9ed3f6e5ae42', 'Api Token', '[]', 0, '2021-03-09 12:21:16', '2021-03-09 12:21:16', '2021-03-24 07:21:16'),
('edfa3e53b6af62b99b1046a8d39bfeb64faa464128b046c911f7cdb4f052d6389856f1f4d7f56052', 6, '92ded53e-e542-4345-aca2-9ed3f6e5ae42', 'Api Token', '[]', 0, '2021-04-22 12:02:46', '2021-04-22 12:02:46', '2021-05-07 08:02:45'),
('eedd14fff9e1eaee03c10aa87291502ab5c2904bb11e70fd210d56a41ebc6c1abe9cd93adfb3af62', 6, '92ded53e-e542-4345-aca2-9ed3f6e5ae42', 'Api Token', '[]', 0, '2021-03-30 10:20:09', '2021-03-30 10:20:09', '2021-04-14 06:20:08'),
('eee6b1deed66026793fcc77c0fca8e11a6b279d04e1557dd6ec91293229ba487fac4abc369af2869', 6, '92ded53e-e542-4345-aca2-9ed3f6e5ae42', 'Api Token', '[]', 0, '2021-04-15 13:36:35', '2021-04-15 13:36:35', '2021-04-30 09:36:35'),
('eef83898fc692a2300c79d7542b890a0adbb190d6cd054e0cb4f763cb2b2c31b33cce8099579b1e8', 6, '92ded53e-e542-4345-aca2-9ed3f6e5ae42', 'Api Token', '[]', 0, '2021-04-23 14:37:47', '2021-04-23 14:37:47', '2021-05-08 10:37:47'),
('ef229b816decca85a45bd19db35b869bc89c16862663e09d8fd52bd3943588bfdd46a85573979950', 2, '92ded53e-e542-4345-aca2-9ed3f6e5ae42', 'Api Token', '[]', 0, '2021-06-22 11:38:16', '2021-06-22 11:38:16', '2021-07-07 07:38:15'),
('ef59c97bad675eb48afa87893635eb4bfb90263aca56bd6bf04b8cc6857c6008ebaadb0603ff5040', 6, '92ded53e-e542-4345-aca2-9ed3f6e5ae42', 'Api Token', '[]', 0, '2021-04-23 10:37:52', '2021-04-23 10:37:52', '2021-05-08 06:37:52'),
('ef5d97d94c060925de5cdb678d2e2356a0b08e1fb6777318174fe17436b7904c8d598b46ae145e72', 2, '92ded53e-e542-4345-aca2-9ed3f6e5ae42', 'Api Token', '[]', 0, '2021-06-18 15:20:22', '2021-06-18 15:20:22', '2021-07-03 11:20:22'),
('ef86e8dc58f424d4286ed33aa1ed05d4899f6a98bd4018dcb709256f7be81846892a8aa4b646f080', 6, '92ded53e-e542-4345-aca2-9ed3f6e5ae42', 'Api Token', '[]', 0, '2021-03-22 18:19:47', '2021-03-22 18:19:47', '2021-04-06 14:19:46'),
('efcc9eff4dc41ad61401c58bd2bfce6536fe778961cf13790caf23df7f5c47df50730405f1cd82eb', 2, '92ded53e-e542-4345-aca2-9ed3f6e5ae42', 'Api Token', '[]', 0, '2021-06-18 15:13:12', '2021-06-18 15:13:12', '2021-07-03 11:13:12'),
('effbbda44ab510d174bdc65823a456f3f81e4b143ced6c7462a526c1f1720b9edc3692e976a57ecd', 6, '92ded53e-e542-4345-aca2-9ed3f6e5ae42', 'Api Token', '[]', 0, '2021-04-16 11:33:02', '2021-04-16 11:33:02', '2021-05-01 07:33:01'),
('f05c3ced1d06c566730fe320fc611073338fdfaa5f656b924321ee3bda93bf2ae09d6894274163a0', 6, '92ded53e-e542-4345-aca2-9ed3f6e5ae42', 'Api Token', '[]', 0, '2021-03-13 14:50:21', '2021-03-13 14:50:21', '2021-03-28 09:50:21'),
('f06467c5167ba3b994b070535d12f5f012ee6a377e63511ccf53b4d3d27f70dbee745407571e46de', 6, '92ded53e-e542-4345-aca2-9ed3f6e5ae42', 'Api Token', '[]', 0, '2021-03-10 12:42:23', '2021-03-10 12:42:23', '2021-03-25 07:42:23'),
('f0e86219cfdec39185167b1e2c8ea13d7aae6ee08bf2bf212c8b354ef4390c6d5582d75ceb36b792', 6, '92ded53e-e542-4345-aca2-9ed3f6e5ae42', 'Api Token', '[]', 0, '2021-03-08 13:20:55', '2021-03-08 13:20:55', '2021-03-23 08:20:54'),
('f0f8f7a2848d12b1cdddc25b28ab925c6f4c7e2f88b8c90e564349e787cd7f4630c6cad3577b10c1', 2, '92ded53e-e542-4345-aca2-9ed3f6e5ae42', 'Api Token', '[]', 0, '2021-06-23 11:48:36', '2021-06-23 11:48:36', '2021-07-08 07:48:36'),
('f140cb4ed443ecc61d02d68e43b8ae9a75037efaebfb3926546277f93373621e77a20ba1e03cfc8d', 6, '92ded53e-e542-4345-aca2-9ed3f6e5ae42', 'Api Token', '[]', 0, '2021-03-30 10:00:54', '2021-03-30 10:00:54', '2021-04-14 06:00:54'),
('f16028453d8f6a877a913be6cdc194c1b08e2ebbd1ce28860820ff87104a834d910e1cb0d6527fa1', 6, '92ded53e-e542-4345-aca2-9ed3f6e5ae42', 'Api Token', '[]', 0, '2021-04-16 10:17:31', '2021-04-16 10:17:31', '2021-05-01 06:17:31'),
('f1a9e9257d50189a279f3f38e3c34913fb957e4a04f7c876f2a0354885ede2112e755325623127bf', 6, '92ded53e-e542-4345-aca2-9ed3f6e5ae42', 'Api Token', '[]', 0, '2021-05-17 10:48:24', '2021-05-17 10:48:24', '2021-06-01 06:48:23'),
('f1c942cab15ca299077c0a19b7305f98abc4dbd32e051c32963478c6d13f0f0c78e8a4fed1ef4215', 6, '92ded53e-e542-4345-aca2-9ed3f6e5ae42', 'Api Token', '[]', 0, '2021-03-30 09:30:04', '2021-03-30 09:30:04', '2021-04-14 05:30:04'),
('f1e508ac5d4dfeb01e6cf8a605638c11cb2e4ec0970c817b89cf943ed80653c3a852ae35d6b8bf4f', 2, '92ded53e-e542-4345-aca2-9ed3f6e5ae42', 'Api Token', '[]', 0, '2021-06-22 11:55:07', '2021-06-22 11:55:07', '2021-07-07 07:55:06'),
('f2707146af17cd6a4bc7de5ac02a813ea66d0f372999fc7f014714cbc4fd4efb00b143cfb3ea0d76', 6, '92ded53e-e542-4345-aca2-9ed3f6e5ae42', 'Api Token', '[]', 0, '2021-03-11 21:10:59', '2021-03-11 21:10:59', '2021-03-26 16:10:59'),
('f2b730f288ca1e98d3fff36bbb6fb9f1ed4d23a265ec0c7b22ee5a082fbc34cbb2a7a360cb36deff', 6, '92ded53e-e542-4345-aca2-9ed3f6e5ae42', 'Api Token', '[]', 0, '2021-03-22 18:56:38', '2021-03-22 18:56:38', '2021-04-06 14:56:38'),
('f2b737079e13d6d62a0173937ed2c65b9360bfd5e354ec6823bfced67824cafca34529c16965e6d6', 6, '92ded53e-e542-4345-aca2-9ed3f6e5ae42', 'Api Token', '[]', 0, '2021-04-26 12:30:31', '2021-04-26 12:30:31', '2021-05-11 08:30:31'),
('f2bbd07a800aa9bcd6dc13f16ce7066c66ffa23bd544e7ef33845392541271abc35e23138ef270aa', 6, '92ded53e-e542-4345-aca2-9ed3f6e5ae42', 'Api Token', '[]', 0, '2021-03-11 15:25:21', '2021-03-11 15:25:21', '2021-03-26 10:25:20'),
('f2cf52001f9fb44b606c97143c9dc2997ee3d028e996be2b4c78c698bce8a393d7ad2944a21cf5a5', 6, '92ded53e-e542-4345-aca2-9ed3f6e5ae42', 'Api Token', '[]', 0, '2021-03-30 09:47:40', '2021-03-30 09:47:40', '2021-04-14 05:47:40'),
('f2d494d537467aa4d5705b4ce52d9cb98822abdb5701abc1b201f5b4472fa1d69add187b61e69586', 2, '92ded53e-e542-4345-aca2-9ed3f6e5ae42', 'Api Token', '[]', 0, '2021-06-18 11:07:22', '2021-06-18 11:07:22', '2021-07-03 07:07:22'),
('f36744958807633bfefbc151979dc50098dcd97c8b1836a9a3b3b30311957a08d681a6ab0b42aba0', 6, '92ded53e-e542-4345-aca2-9ed3f6e5ae42', 'Api Token', '[]', 0, '2021-04-23 12:59:16', '2021-04-23 12:59:16', '2021-05-08 08:59:16'),
('f37243b902afea17a300b20afee37c135b720e5a1c5c2d9f4529a27eca89abce90b50cea4998fcd1', 6, '92ded53e-e542-4345-aca2-9ed3f6e5ae42', 'Api Token', '[]', 0, '2021-04-01 09:43:46', '2021-04-01 09:43:46', '2021-04-16 05:43:46'),
('f39d2d2a94ef97f8a9c2643c19f45c6f58bc11d3e537556136b9aa901a4c05df90147193704fd3e4', 6, '92ded53e-e542-4345-aca2-9ed3f6e5ae42', 'Api Token', '[]', 0, '2021-03-09 10:15:06', '2021-03-09 10:15:06', '2021-03-24 05:15:06'),
('f3adc9b2405af0a97294d04a2e3416424fdb4088d51f70b241f60f4ab8d7211c425f6f7c3bef36c1', 6, '92ded53e-e542-4345-aca2-9ed3f6e5ae42', 'Api Token', '[]', 0, '2021-04-16 13:33:07', '2021-04-16 13:33:07', '2021-05-01 09:33:07'),
('f3d336a792f2de4c8b656ab5928d768337ca5a0bd2fe2d2329075e838b6aef32e1eeab75892adf81', 6, '92ded53e-e542-4345-aca2-9ed3f6e5ae42', 'Api Token', '[]', 0, '2021-04-26 12:27:23', '2021-04-26 12:27:23', '2021-05-11 08:27:22'),
('f4209b7df66d671d11f9a0da44336e1f206d6d802028a11477e82c2690738c69312e69cef4ad1fe1', 6, '92ded53e-e542-4345-aca2-9ed3f6e5ae42', 'Api Token', '[]', 0, '2021-03-09 11:05:59', '2021-03-09 11:05:59', '2021-03-24 06:05:59'),
('f427e120f4524a1f75e5d760d0db5d93ae7161595b76f287d5a722d94519fd23cc822ec606f1beba', 6, '92ded53e-e542-4345-aca2-9ed3f6e5ae42', 'Api Token', '[]', 0, '2021-03-08 15:08:46', '2021-03-08 15:08:46', '2021-03-23 10:08:46'),
('f446fc645e6976ca22f341f33eb2bea7b393de1e290aa802591b7acae7062c552ae53659bef20e17', 6, '92ded53e-e542-4345-aca2-9ed3f6e5ae42', 'Api Token', '[]', 0, '2021-03-05 16:22:12', '2021-03-05 16:22:12', '2021-03-20 11:22:12'),
('f46fd7d0e3f79bf3de3a88e9403671f2822edc55294426063129e3e03677536e67df30f4ccacb072', 6, '92ded53e-e542-4345-aca2-9ed3f6e5ae42', 'Api Token', '[]', 0, '2021-03-16 11:33:54', '2021-03-16 11:33:54', '2021-03-31 07:33:54'),
('f48bada8107a0decdcdcf2a9b36b393e75bb5593cc0ff085716592415b26b6324927e771e296d88f', 6, '92ded53e-e542-4345-aca2-9ed3f6e5ae42', 'Api Token', '[]', 0, '2021-03-08 15:32:32', '2021-03-08 15:32:32', '2021-03-23 10:32:32'),
('f4a038573761fd35f052438e3ff86e58ba73be4bf54e11d4b19ecc2a87552d243f84e9280c6923c2', 6, '92ded53e-e542-4345-aca2-9ed3f6e5ae42', 'Api Token', '[]', 0, '2021-04-27 13:48:49', '2021-04-27 13:48:49', '2021-05-12 09:48:49'),
('f4a636c076177625adf47e1dd49a2832e96af9c23bfccc582d96a786394a817ca062434a4c2ea471', 6, '92ded53e-e542-4345-aca2-9ed3f6e5ae42', 'Api Token', '[]', 0, '2021-03-10 15:02:36', '2021-03-10 15:02:36', '2021-03-25 10:02:36'),
('f4b61ea266aec0b99124b06d2c3ec477af2d3a7132036b7e315254c59693a64398aa7660c34da6dd', 6, '92ded53e-e542-4345-aca2-9ed3f6e5ae42', 'Api Token', '[]', 0, '2021-04-01 09:26:42', '2021-04-01 09:26:42', '2021-04-16 05:26:42'),
('f4bc5108111c80d975616fe30d936ff510b4c5acce0e44f00dc8d9b01c34b95ec71541f79fb1f5f2', 6, '92ded53e-e542-4345-aca2-9ed3f6e5ae42', 'Api Token', '[]', 0, '2021-03-10 12:56:57', '2021-03-10 12:56:57', '2021-03-25 07:56:57'),
('f4c237f1547cff77aa8438e64bb4917446bd267e6b55c765bf9bb29a7dd3a9732ee00d8fa004cefb', 6, '92ded53e-e542-4345-aca2-9ed3f6e5ae42', 'Api Token', '[]', 0, '2021-03-12 13:14:20', '2021-03-12 13:14:20', '2021-03-27 08:14:20'),
('f4f2471e583fce8538e5804834967a0c8b9892cbeff62bb35fc572a7045411f53c7a349bae835ab5', 6, '92ded53e-e542-4345-aca2-9ed3f6e5ae42', 'Api Token', '[]', 0, '2021-03-29 16:03:42', '2021-03-29 16:03:42', '2021-04-13 12:03:42'),
('f55826ec6571a1d72293f6a55fb09647828d9e8f40a931cea7d135888b9cdbc4e89fdf9bcf0b7629', 6, '92ded53e-e542-4345-aca2-9ed3f6e5ae42', 'Api Token', '[]', 0, '2021-04-15 12:00:45', '2021-04-15 12:00:45', '2021-04-30 08:00:45'),
('f572a17149f5c6ee0c6b02bd7842dcc33f8a208e3c88b464f8209c9866b4208f026de3b3267085a2', 6, '92ded53e-e542-4345-aca2-9ed3f6e5ae42', 'Api Token', '[]', 0, '2021-03-12 12:27:43', '2021-03-12 12:27:43', '2021-03-27 07:27:43'),
('f590912feb9c2b5048af3050a2bc9764a083ff6b417816cdc26f0fa4970d2fff86eb5a75b58aaef8', 6, '92ded53e-e542-4345-aca2-9ed3f6e5ae42', 'Api Token', '[]', 0, '2021-03-09 16:16:36', '2021-03-09 16:16:36', '2021-03-24 11:16:36'),
('f5eeb35a97f028a809cb95f1c52fb2cae9b6c28dd00d5072b49b4ea7239a55a77b8701bd59b64763', 6, '92ded53e-e542-4345-aca2-9ed3f6e5ae42', 'Api Token', '[]', 0, '2021-03-30 09:11:32', '2021-03-30 09:11:32', '2021-04-14 05:11:31'),
('f5f035dddc840f1669f08a7fe99505ccf12ab2dca6ddea07b1d0cc094a11adf5c7abd4f5ff4463f6', 6, '92ded53e-e542-4345-aca2-9ed3f6e5ae42', 'Api Token', '[]', 0, '2021-03-08 19:29:13', '2021-03-08 19:29:13', '2021-03-23 14:29:13'),
('f62505f5dc8eebe4ab0e4a134e85534f1aaf174283cd9a04f65b9882c9ff439b0a40dfe8e5e2659e', 6, '92ded53e-e542-4345-aca2-9ed3f6e5ae42', 'Api Token', '[]', 0, '2021-04-27 15:30:38', '2021-04-27 15:30:38', '2021-05-12 11:30:38'),
('f62b5917b8851e30f50e2edda09e728442bc09204420561a8c6d01696896a98b9158eb35f6826092', 6, '92ded53e-e542-4345-aca2-9ed3f6e5ae42', 'Api Token', '[]', 0, '2021-04-23 12:33:41', '2021-04-23 12:33:41', '2021-05-08 08:33:40'),
('f655794d022fcdcf12ce00fa580d646e21906fa742100b4a267f7a0f1120e51b543260c621a2c5f3', 6, '92ded53e-e542-4345-aca2-9ed3f6e5ae42', 'Api Token', '[]', 0, '2021-04-16 14:05:27', '2021-04-16 14:05:27', '2021-05-01 10:05:27'),
('f6840344fe82bdcc9add468660d5398d540bfd90e4ec40fd88a33cbd6ba8d359aa739181d86bfd9d', 6, '92ded53e-e542-4345-aca2-9ed3f6e5ae42', 'Api Token', '[]', 0, '2021-03-16 11:17:57', '2021-03-16 11:17:57', '2021-03-31 07:17:57'),
('f686e9c86233892bb1aa817a98a4a0ef15d9f127e1b859a738b3b887d7b754b0898c290596ac2e37', 2, '92ded53e-e542-4345-aca2-9ed3f6e5ae42', 'Api Token', '[]', 0, '2021-06-21 12:47:01', '2021-06-21 12:47:01', '2021-07-06 08:47:01'),
('f689a439852df4188756ca5aa9d038eb5ce12765ce787e6b7cee78c08bacef904136be429a95a9ef', 6, '92ded53e-e542-4345-aca2-9ed3f6e5ae42', 'Api Token', '[]', 0, '2021-04-23 12:17:47', '2021-04-23 12:17:47', '2021-05-08 08:17:47'),
('f6ac7796e723a3b97a868b4d498e135fdb5526e3466fa9f5e7f916d70c1a4b963ac619dd1662f353', 6, '92ded53e-e542-4345-aca2-9ed3f6e5ae42', 'Api Token', '[]', 0, '2021-03-07 00:21:04', '2021-03-07 00:21:04', '2021-03-21 19:21:03'),
('f6dbd1dac7f8609927ad2192c6c2174c7eda6cc9da8d2cb6dfd3eb2d0b744ff8409961cd843d5790', 6, '92ded53e-e542-4345-aca2-9ed3f6e5ae42', 'Api Token', '[]', 0, '2021-04-26 13:31:14', '2021-04-26 13:31:14', '2021-05-11 09:31:14'),
('f6ed79cab9ffa4fdbf3b727a1d727d20cb0935211c44fabdcaa8c95aea9c8efd5bef9711ddc005a7', 6, '92ded53e-e542-4345-aca2-9ed3f6e5ae42', 'Api Token', '[]', 0, '2021-04-23 12:18:59', '2021-04-23 12:18:59', '2021-05-08 08:18:58'),
('f70a3a6a0425acaea2d9b513766ec68027eddb9fcc1548af2fb77c9b8fa745d0af1b1a1327593e85', 6, '92ded53e-e542-4345-aca2-9ed3f6e5ae42', 'Api Token', '[]', 0, '2021-03-12 16:06:49', '2021-03-12 16:06:49', '2021-03-27 11:06:49'),
('f7392723470e5886b5fc33abc658758a5347b014c3ecead166861331212b21d29d2e3fa876abf6aa', 6, '92ded53e-e542-4345-aca2-9ed3f6e5ae42', 'Api Token', '[]', 0, '2021-05-24 11:14:36', '2021-05-24 11:14:36', '2021-06-08 07:14:36'),
('f76f19efe1c5805328577ef41e84fcb786118a0dfa6bbb5246c0e0944134d1ad344a6ea15642afd7', 6, '92ded53e-e542-4345-aca2-9ed3f6e5ae42', 'Api Token', '[]', 0, '2021-03-09 14:35:14', '2021-03-09 14:35:14', '2021-03-24 09:35:14'),
('f7a84e19dc145572f5c621723d4feed1d977d72605c6f566208d0588645068396fa718246ae33a98', 6, '92ded53e-e542-4345-aca2-9ed3f6e5ae42', 'Api Token', '[]', 0, '2021-03-13 15:53:15', '2021-03-13 15:53:15', '2021-03-28 10:53:15'),
('f7bb930fabbfe8a580c1e1fcafcb83c70053a646ab0707b2780bcbdfa9490d1152622e678423366a', 6, '92ded53e-e542-4345-aca2-9ed3f6e5ae42', 'Api Token', '[]', 0, '2021-03-29 15:41:38', '2021-03-29 15:41:38', '2021-04-13 11:41:38'),
('f7c8c13c43224cafc64bb3e28f01d687e66e348a92971b372293845903e85a71bda8628a68dfded4', 6, '92ded53e-e542-4345-aca2-9ed3f6e5ae42', 'Api Token', '[]', 0, '2021-04-15 09:36:24', '2021-04-15 09:36:24', '2021-04-30 05:36:24'),
('f7e08d4c9763f2f10c6b621035b66158f7ade9520ccfb13d37e8a3a28e505f25e37c39ae44a3322c', 6, '92ded53e-e542-4345-aca2-9ed3f6e5ae42', 'Api Token', '[]', 0, '2021-04-14 13:46:06', '2021-04-14 13:46:06', '2021-04-29 09:46:06'),
('f804055f9aa56047cfcb495973a43615331f87cd84ab14b1cc68e9d77a3379b2d67f3a840fd52655', 6, '92ded53e-e542-4345-aca2-9ed3f6e5ae42', 'Api Token', '[]', 0, '2021-04-27 12:39:01', '2021-04-27 12:39:01', '2021-05-12 08:39:01'),
('f86d639df408750f540d421316927eb6ddd59f3beba8f8064a142cf5bc2291331b7ce57a9ba71d3f', 6, '92ded53e-e542-4345-aca2-9ed3f6e5ae42', 'Api Token', '[]', 0, '2021-03-11 17:32:29', '2021-03-11 17:32:29', '2021-03-26 12:32:29'),
('f8e41fc761d330ca363e52313eb890baf914f8190cd38c1a16ec0e60254b06c7ed1632a17f1df777', 6, '92ded53e-e542-4345-aca2-9ed3f6e5ae42', 'Api Token', '[]', 0, '2021-03-12 14:20:43', '2021-03-12 14:20:43', '2021-03-27 09:20:42'),
('f8ffec231df555e1ac8f86c14fb9f170fe49233822b8c0695e7bc029f501dc5e7d0ac8abccac4047', 6, '92ded53e-e542-4345-aca2-9ed3f6e5ae42', 'Api Token', '[]', 0, '2021-04-27 13:49:51', '2021-04-27 13:49:51', '2021-05-12 09:49:51'),
('f90237f20da73b979b8e2ccbb9b438d33d74952e94aa820fcaae2632f5eaad2f1b3bfe3d019e430a', 6, '92ded53e-e542-4345-aca2-9ed3f6e5ae42', 'Api Token', '[]', 0, '2021-03-26 12:40:10', '2021-03-26 12:40:10', '2021-04-10 08:40:10'),
('f904ed694343e68d8e1db2dac45fb7f553f7a869a6751716fbe8eecf276cb0846e2a5ce3dec8fb71', 6, '92ded53e-e542-4345-aca2-9ed3f6e5ae42', 'Api Token', '[]', 0, '2021-03-10 12:52:57', '2021-03-10 12:52:57', '2021-03-25 07:52:57'),
('f914db14f0add0fc9126e6fc08a7ac7f9aceb1fa6bab664c5d9c13e41b5e2741e0f3d4aea83b8f67', 6, '92ded53e-e542-4345-aca2-9ed3f6e5ae42', 'Api Token', '[]', 0, '2021-04-27 12:53:14', '2021-04-27 12:53:14', '2021-05-12 08:53:13'),
('f97c372aa2116bc5c54700104df1041f22779404fbc1011fb14524d27bac9e38fcd3376ef76f583e', 6, '92ded53e-e542-4345-aca2-9ed3f6e5ae42', 'Api Token', '[]', 0, '2021-04-22 12:49:39', '2021-04-22 12:49:39', '2021-05-07 08:49:39'),
('f9e1cec8ff5e966d351d553dc8ec15e2e68253edeadda84035758776e896dcfda20dcbc74161ec14', 6, '92ded53e-e542-4345-aca2-9ed3f6e5ae42', 'Api Token', '[]', 0, '2021-03-08 13:50:25', '2021-03-08 13:50:25', '2021-03-23 08:50:25'),
('fa14408e961585cb4940454c4082e0e78a6d16ffc4fa38f249f2fbf3d06ba23c1b1d281eee581476', 6, '92ded53e-e542-4345-aca2-9ed3f6e5ae42', 'Api Token', '[]', 0, '2021-03-10 16:07:20', '2021-03-10 16:07:20', '2021-03-25 11:07:20'),
('fa213ff5f04022d3390de47f46f2924922010aeaee6c491947692008ad47acd5fe2eabcf8474fd1a', 6, '92ded53e-e542-4345-aca2-9ed3f6e5ae42', 'Api Token', '[]', 0, '2021-03-12 12:32:47', '2021-03-12 12:32:47', '2021-03-27 07:32:47'),
('fa273df394cc5ed422e065b167039f87689c4f1a517c5c7a1bcf0e7451e1c8cf1dc1391689f0b380', 6, '92ded53e-e542-4345-aca2-9ed3f6e5ae42', 'Api Token', '[]', 0, '2021-03-12 19:24:29', '2021-03-12 19:24:29', '2021-03-27 14:24:29'),
('fa82c949993fc12c204849bb642133011b8031e1fbfd96b535f27667d2a39382a8db78d12f3a9a24', 6, '92ded53e-e542-4345-aca2-9ed3f6e5ae42', 'Api Token', '[]', 0, '2021-04-01 09:37:09', '2021-04-01 09:37:09', '2021-04-16 05:37:09'),
('faab445dde04dfb493881b874d35c9c65113c7af38b7b7f844dba0aa3d455f6a36042e368737b890', 6, '92ded53e-e542-4345-aca2-9ed3f6e5ae42', 'Api Token', '[]', 0, '2021-04-16 11:42:37', '2021-04-16 11:42:37', '2021-05-01 07:42:36'),
('fad675012aaaf0808dc175851dd8c8ee0cb61a6e39388ddb67413223b7649a4f8e43ebc52f897474', 6, '92ded53e-e542-4345-aca2-9ed3f6e5ae42', 'Api Token', '[]', 0, '2021-04-22 14:23:05', '2021-04-22 14:23:05', '2021-05-07 10:23:05'),
('fafaaf7cc33c9e74f3871c47e987726104e9c8e1047d79e70f38814cecc5f0a181f71bfc64e1fb28', 6, '92ded53e-e542-4345-aca2-9ed3f6e5ae42', 'Api Token', '[]', 0, '2021-04-15 10:45:06', '2021-04-15 10:45:06', '2021-04-30 06:45:06'),
('fb2fd1017127eb3c2fc8df96fac0ebd27a3d8ac46f06060550ca4dd2420b336c48fdfb4294faffb0', 6, '92ded53e-e542-4345-aca2-9ed3f6e5ae42', 'Api Token', '[]', 0, '2021-04-27 14:58:50', '2021-04-27 14:58:50', '2021-05-12 10:58:50'),
('fb65136b0b51acd74a9d3027422896f5a19010053de161edf2f821f5ff8162568c4a2dea121767e9', 6, '92ded53e-e542-4345-aca2-9ed3f6e5ae42', 'Api Token', '[]', 0, '2021-03-22 18:51:41', '2021-03-22 18:51:41', '2021-04-06 14:51:41'),
('fb7ec8735b7fc681e0e2903c398990ace76f99cfc1267d21ce583afb1f9a24ec66c3ff398782022d', 2, '92ded53e-e542-4345-aca2-9ed3f6e5ae42', 'Api Token', '[]', 0, '2021-06-18 10:15:55', '2021-06-18 10:15:55', '2021-07-03 06:15:55'),
('fb837a7af635cc402b771aca07be6b35b8a16066ed5b6308b69bb7ade372cd117d960a30a14956c4', 6, '92ded53e-e542-4345-aca2-9ed3f6e5ae42', 'Api Token', '[]', 0, '2021-04-15 12:49:59', '2021-04-15 12:49:59', '2021-04-30 08:49:59'),
('fb99c6a3447053db77d8bf39a04fc823f5f485bde81a0e99a8eba72aa8b09474749a2e3048fdce1a', 2, '92ded53e-e542-4345-aca2-9ed3f6e5ae42', 'Api Token', '[]', 0, '2021-06-21 14:49:27', '2021-06-21 14:49:27', '2021-07-06 10:49:27'),
('fbd61970a5931085c52a4ead0b323e90ca89818db9284281e2f85adc47f49a14da9722c51ab41da7', 6, '92ded53e-e542-4345-aca2-9ed3f6e5ae42', 'Api Token', '[]', 0, '2021-03-11 10:58:40', '2021-03-11 10:58:40', '2021-03-26 05:58:40'),
('fc62ff9761c609b68e7b84f37b5a35d6df0d86581f4dc38c3be8a179c2f4d9981227de78511bfb79', 2, '92ded53e-e542-4345-aca2-9ed3f6e5ae42', 'Api Token', '[]', 0, '2021-06-21 14:01:12', '2021-06-21 14:01:12', '2021-07-06 10:01:12'),
('fc95d761fc7d98f02cea7f7c9ceea8c70758e9a6f71ea99ab507c0514337ce8bb6d324ac4dbe4a24', 2, '92ded53e-e542-4345-aca2-9ed3f6e5ae42', 'Api Token', '[]', 0, '2021-06-18 15:25:56', '2021-06-18 15:25:56', '2021-07-03 11:25:56'),
('fcebf46324cd1712c2c82dea5eebe8349551e134255ed9cc4a045693c88cc7ad244bb246473760d4', 6, '92ded53e-e542-4345-aca2-9ed3f6e5ae42', 'Api Token', '[]', 0, '2021-04-23 13:11:53', '2021-04-23 13:11:53', '2021-05-08 09:11:53'),
('fcf6d847400bc4f51e228edb1fe031978e545749f727c803b3c19ed372cc8af795ec1c26d9252f1e', 6, '92ded53e-e542-4345-aca2-9ed3f6e5ae42', 'Api Token', '[]', 0, '2021-04-26 12:14:21', '2021-04-26 12:14:21', '2021-05-11 08:14:20'),
('fd232b13e4737bed7adb5a7518a1f3345b6804683f8ce15fefb92fe07f3d835868aca742cda9f7b3', 6, '92ded53e-e542-4345-aca2-9ed3f6e5ae42', 'Api Token', '[]', 0, '2021-04-06 16:52:42', '2021-04-06 16:52:42', '2021-04-21 12:52:42'),
('fd3b1745e418f4fa77a363d96f6cd6676aee47b77a9031beeeb307a4b800a27c27b19c3e9866f2eb', 6, '92ded53e-e542-4345-aca2-9ed3f6e5ae42', 'Api Token', '[]', 0, '2021-03-12 12:16:37', '2021-03-12 12:16:37', '2021-03-27 07:16:36'),
('fd3cadf0a41fa3757509ad4931e04c0f69447aa95bfddbf3aa76311ffcd90c087d9d99aab3918f99', 6, '92ded53e-e542-4345-aca2-9ed3f6e5ae42', 'Api Token', '[]', 0, '2021-04-27 14:48:05', '2021-04-27 14:48:05', '2021-05-12 10:48:05'),
('fd6be5022b16c035f4fb8208287b3eca0de43f619037b5f75e6f76530dae6476db3a1b3531d82ca2', 6, '92ded53e-e542-4345-aca2-9ed3f6e5ae42', 'Api Token', '[]', 0, '2021-04-21 15:13:52', '2021-04-21 15:13:52', '2021-05-06 11:13:52'),
('fdd42d20f338dbc09bb5d57a9a341569822b347936011ee84e3b1ed11f813ebd99e30e4bd8dc0c8a', 6, '92ded53e-e542-4345-aca2-9ed3f6e5ae42', 'Api Token', '[]', 0, '2021-03-31 13:31:21', '2021-03-31 13:31:21', '2021-04-15 09:31:21'),
('fe49fbc9eeb08c823fdd8983117f93b11cd1d5c73d7c1b74c35a221aa47234aeec5ad4ae8ff5f657', 2, '92ded53e-e542-4345-aca2-9ed3f6e5ae42', 'Api Token', '[]', 0, '2021-06-22 11:22:32', '2021-06-22 11:22:32', '2021-07-07 07:22:32'),
('fe52511087abd9ca7769d0725ea6cbd62ee4d6bbca9fdd5311f3b73abf3e59876b5c957a80491810', 6, '92ded53e-e542-4345-aca2-9ed3f6e5ae42', 'Api Token', '[]', 0, '2021-03-29 15:33:22', '2021-03-29 15:33:22', '2021-04-13 11:33:22'),
('fe6de1f28dfe47a7bbfa1d93f603b9f31aa7ac0a9df98ad84f3ce677405624667de24de5624314a3', 6, '92ded53e-e542-4345-aca2-9ed3f6e5ae42', 'Api Token', '[]', 0, '2021-03-08 15:12:22', '2021-03-08 15:12:22', '2021-03-23 10:12:22'),
('fe77772e86cafdd83be133607ec50b8a6d094a649970d40fbcc96c6ce06407ab5d09da562f5cd29f', 6, '92ded53e-e542-4345-aca2-9ed3f6e5ae42', 'Api Token', '[]', 0, '2021-04-27 12:09:07', '2021-04-27 12:09:07', '2021-05-12 08:09:07'),
('feb311f028495afe769b787997edf3debff0e794a9ac82220c383e63eb4ad76ad9e89fcad3e89c7b', 2, '92ded53e-e542-4345-aca2-9ed3f6e5ae42', 'Api Token', '[]', 0, '2021-06-23 15:56:52', '2021-06-23 15:56:52', '2021-07-08 11:56:52'),
('fec017abb5f75751bdc20f3a9e79791d1bc1c22e8e73f52c8c3ac3203a0d2367c7cf059c1457ae99', 6, '92ded53e-e542-4345-aca2-9ed3f6e5ae42', 'Api Token', '[]', 0, '2021-03-10 14:41:15', '2021-03-10 14:41:15', '2021-03-25 09:41:14'),
('ff801149bc3433dcfe07e208adbfba3921b1b6a66a9fc457a70909b45635027c9d5cf20bab8efaa4', 6, '92ded53e-e542-4345-aca2-9ed3f6e5ae42', 'Api Token', '[]', 0, '2021-04-23 10:01:34', '2021-04-23 10:01:34', '2021-05-08 06:01:34'),
('ffd1f6dbb85c368371235766fb1ce5b391c7fe19f08ccde0ccd5978b8e40bbb0fa87033553dcdb73', 6, '92ded53e-e542-4345-aca2-9ed3f6e5ae42', 'Api Token', '[]', 0, '2021-03-26 13:26:55', '2021-03-26 13:26:55', '2021-04-10 09:26:55'),
('ffeb209e3606d0ca42b3ef8ff76f1a00bdcc34f290d4004ac4bfe76664965ba1e63293e8cae08a3b', 6, '92ded53e-e542-4345-aca2-9ed3f6e5ae42', 'Api Token', '[]', 1, '2021-04-14 14:56:14', '2021-04-14 14:56:14', '2021-04-29 10:56:14');

-- --------------------------------------------------------

--
-- Table structure for table `oauth_auth_codes`
--

CREATE TABLE `oauth_auth_codes` (
  `id` varchar(100) COLLATE utf8mb4_unicode_ci NOT NULL,
  `user_id` bigint(20) UNSIGNED NOT NULL,
  `client_id` char(36) COLLATE utf8mb4_unicode_ci NOT NULL,
  `scopes` text COLLATE utf8mb4_unicode_ci DEFAULT NULL,
  `revoked` tinyint(1) NOT NULL,
  `expires_at` datetime DEFAULT NULL
) ENGINE=InnoDB DEFAULT CHARSET=utf8mb4 COLLATE=utf8mb4_unicode_ci;

-- --------------------------------------------------------

--
-- Table structure for table `oauth_clients`
--

CREATE TABLE `oauth_clients` (
  `id` char(36) COLLATE utf8mb4_unicode_ci NOT NULL,
  `user_id` bigint(20) UNSIGNED DEFAULT NULL,
  `name` varchar(255) COLLATE utf8mb4_unicode_ci NOT NULL,
  `secret` varchar(100) COLLATE utf8mb4_unicode_ci DEFAULT NULL,
  `provider` varchar(255) COLLATE utf8mb4_unicode_ci DEFAULT NULL,
  `redirect` text COLLATE utf8mb4_unicode_ci NOT NULL,
  `personal_access_client` tinyint(1) NOT NULL,
  `password_client` tinyint(1) NOT NULL,
  `revoked` tinyint(1) NOT NULL,
  `created_at` timestamp NULL DEFAULT NULL,
  `updated_at` timestamp NULL DEFAULT NULL
) ENGINE=InnoDB DEFAULT CHARSET=utf8mb4 COLLATE=utf8mb4_unicode_ci;

--
-- Dumping data for table `oauth_clients`
--

INSERT INTO `oauth_clients` (`id`, `user_id`, `name`, `secret`, `provider`, `redirect`, `personal_access_client`, `password_client`, `revoked`, `created_at`, `updated_at`) VALUES
('92ded53e-e542-4345-aca2-9ed3f6e5ae42', NULL, 'Laravel Personal Access Client', 'Yh8VS6vhpFXH7xfgTmurvUlHmeIK11KFLgFS2b83', NULL, 'http://localhost', 1, 0, 0, '2021-03-04 06:33:00', '2021-03-04 06:33:00'),
('92ded53e-ee4f-438a-b6d9-e420f2760496', NULL, 'Laravel Password Grant Client', 'laVW44nSNJWtqNBzpi7zldP3Zm3OnxqFHfEVTeXH', 'users', 'http://localhost', 0, 1, 0, '2021-03-04 06:33:00', '2021-03-04 06:33:00');

-- --------------------------------------------------------

--
-- Table structure for table `oauth_personal_access_clients`
--

CREATE TABLE `oauth_personal_access_clients` (
  `id` bigint(20) UNSIGNED NOT NULL,
  `client_id` char(36) COLLATE utf8mb4_unicode_ci NOT NULL,
  `created_at` timestamp NULL DEFAULT NULL,
  `updated_at` timestamp NULL DEFAULT NULL
) ENGINE=InnoDB DEFAULT CHARSET=utf8mb4 COLLATE=utf8mb4_unicode_ci;

--
-- Dumping data for table `oauth_personal_access_clients`
--

INSERT INTO `oauth_personal_access_clients` (`id`, `client_id`, `created_at`, `updated_at`) VALUES
(1, '92ded53e-e542-4345-aca2-9ed3f6e5ae42', '2021-03-04 06:33:00', '2021-03-04 06:33:00');

-- --------------------------------------------------------

--
-- Table structure for table `oauth_refresh_tokens`
--

CREATE TABLE `oauth_refresh_tokens` (
  `id` varchar(100) COLLATE utf8mb4_unicode_ci NOT NULL,
  `access_token_id` varchar(100) COLLATE utf8mb4_unicode_ci NOT NULL,
  `revoked` tinyint(1) NOT NULL,
  `expires_at` datetime DEFAULT NULL
) ENGINE=InnoDB DEFAULT CHARSET=utf8mb4 COLLATE=utf8mb4_unicode_ci;

-- --------------------------------------------------------

--
-- Table structure for table `password_resets`
--

CREATE TABLE `password_resets` (
  `email` varchar(255) COLLATE utf8mb4_unicode_ci NOT NULL,
  `token` varchar(255) COLLATE utf8mb4_unicode_ci NOT NULL,
  `created_at` timestamp NULL DEFAULT NULL
) ENGINE=InnoDB DEFAULT CHARSET=utf8mb4 COLLATE=utf8mb4_unicode_ci;

-- --------------------------------------------------------

--
-- Table structure for table `ports`
--

CREATE TABLE `ports` (
  `id` int(11) NOT NULL,
  `latitude` varchar(100) NOT NULL,
  `longitude` varchar(100) NOT NULL,
  `altitude` varchar(100) NOT NULL,
  `geometry` varchar(100) NOT NULL,
  `country` varchar(100) NOT NULL,
  `function` varchar(100) NOT NULL,
  `locode` varchar(100) NOT NULL,
  `name` varchar(100) NOT NULL,
  `nameWoDiac` varchar(100) NOT NULL,
  `status` varchar(100) NOT NULL,
  `outflows` varchar(100) NOT NULL
) ENGINE=InnoDB DEFAULT CHARSET=utf8mb4;

--
-- Dumping data for table `ports`
--

INSERT INTO `ports` (`id`, `latitude`, `longitude`, `altitude`, `geometry`, `country`, `function`, `locode`, `name`, `nameWoDiac`, `status`, `outflows`) VALUES
(2, '24.466666666666665', '54.36666666666667', '', 'Point', 'United Arab Emirates', '1-345---', 'AEAUH', 'Abu Dhabi', 'Abu Dhabi', 'AI', '41597.142852'),
(3, '24.116666666666667', '52.733333333333334', '', 'Point', 'United Arab Emirates', '1-------', 'AERUW', 'Ar Ruways', 'Ar Ruways', 'RL', '166556'),
(4, '25.333333333333332', '56.35', '', 'Point', 'United Arab Emirates', '1-------', 'AEKLF', 'Khor al Fakkan', 'Khor al Fakkan', 'RL', '790406.5'),
(5, '25.35', '55.36666666666667', '', 'Point', 'United Arab Emirates', '1-3-----', 'AEMKH', 'Mina Khalid', 'Mina Khalid', 'RL', '646965'),
(6, '24.833333333333332', '54.666666666666664', '', 'Point', 'United Arab Emirates', '1-------', 'AEKHL', 'Mina Khalifa/Abu Dhabi', 'Mina Khalifa/Abu Dhabi', 'RL', '18341458.820419993'),
(7, '25.566666666666666', '55.55', '', 'Point', 'United Arab Emirates', '1--4----', 'AEQIW', 'Umm al Qaiwain', 'Umm al Qaiwain', 'AI', '14196'),
(8, '17.116666666666667', '-61.85', '', 'Point', 'Antigua and Barbuda', '1-------', 'AGSJO', 'Saint John\'s', 'Saint John\'s', 'AI', '208663'),
(9, '-38.71666666666667', '-62.28333333333333', '', 'Point', 'Argentina', '1--4----', 'ARBHI', 'Bah�a Blanca', 'Bahia Blanca', 'AI', '677327.625'),
(10, '-34.583333333333336', '-58.666666666666664', '', 'Point', 'Argentina', '12345---', 'ARBUE', 'Buenos Aires', 'Buenos Aires', 'AI', '11083411.036479998'),
(11, '-38.05', '-57.53333333333333', '', 'Point', 'Argentina', '1-345---', 'ARMDQ', 'Mar del Plata', 'Mar del Plata', 'AI', '24960'),
(12, '-47.75', '-65.9', '', 'Point', 'Argentina', '1--4----', 'ARPUD', 'Puerto Deseado', 'Puerto Deseado', 'AI', '24960'),
(13, '-42.75', '-65.03333333333333', '', 'Point', 'Argentina', '1--4----', 'ARPMY', 'Puerto Madryn', 'Puerto Madryn', 'AI', '671555.625'),
(14, '-32.95', '-60.65', '', 'Point', 'Argentina', '12345---', 'ARROS', 'Rosario', 'Rosario', 'AI', '110227'),
(15, '-40.8', '-64.73333333333333', '', 'Point', 'Argentina', '1-------', 'ARSAE', 'San Antonio Este', 'San Antonio Este', 'RQ', '23075'),
(16, '-54.8', '-68.3', '', 'Point', 'Argentina', '1--4----', 'ARUSH', 'Ushuaia', 'Ushuaia', 'AI', '30732'),
(17, '-34.1', '-59.03333333333333', '', 'Point', 'Argentina', '1-------', 'ARZAE', 'Z�rate', 'Zarate', 'AI', '164645'),
(18, '14.266666666666667', '-170.7', '', 'Point', 'American Samoa', '1--45---', 'ASPPG', 'Pago Pago', 'Pago Pago', 'AI', '338184.5'),
(19, '-34.916666666666664', '138.58333333333334', '', 'Point', 'Australia', '12345---', 'AUADL', 'Adelaide', 'Adelaide', 'AC', '5338947.200429998'),
(20, '-27.466666666666665', '153.01666666666668', '', 'Point', 'Australia', '12345---', 'AUBNE', 'Brisbane', 'Brisbane', 'AC', '8402703.640149998'),
(21, '-12.45', '130.83333333333334', '', 'Point', 'Australia', '12345---', 'AUDRW', 'Darwin', 'Darwin', 'AC', '88640.416664'),
(22, '-37.81666666666667', '144.96666666666667', '', 'Point', 'Australia', '12345---', 'AUMEL', 'Melbourne', 'Melbourne', 'AC', '9957826.095730007'),
(23, '-33.85', '151.2', '', 'Point', 'Australia', '12345---', 'AUSYD', 'Sydney', 'Sydney', 'AC', '10352110.143530006'),
(24, '12.483333333333333', '-69.98333333333333', '', 'Point', 'Aruba', '1-------', 'AWBAR', 'Barcadera', 'Barcadera', 'RL', '65431.8'),
(25, '22.333333333333332', '91.83333333333333', '', 'Point', 'Bangladesh', '1--45---', 'BDCGP', 'Chattogram', 'Chattogram', 'AI', '1379549.05233'),
(26, '51.21666666666667', '4.416666666666667', '', 'Point', 'Belgium', '12345---', 'BEANR', 'Antwerpen', 'Antwerpen', 'AI', '51827814.560638025'),
(27, '51.05', '3.716666666666667', '', 'Point', 'Belgium', '1234----', 'BEGNE', 'Gent (Ghent)', 'Gent (Ghent)', 'AI', '13260'),
(28, '51.333333333333336', '3.2', '', 'Point', 'Belgium', '1-3-----', 'BEZEE', 'Zeebrugge', 'Zeebrugge', 'AI', '5650583.2502299985'),
(29, '26.2', '50.61666666666667', '', 'Point', 'Bahrain', '1-------', 'BHMIN', 'Mina Sulman Port', 'Mina Sulman Port', 'AA', '632118.5'),
(30, '12.15', '-68.26666666666667', '', 'Point', 'Bonaire, Sint Eustatius and Saba', '1-------', 'BQKRA', 'Kralendijk', 'Kralendijk', 'AI', '117162.5'),
(31, '-22.866666666666667', '-43.766666666666666', '', 'Point', 'Brazil', '-23-----', 'BRIGI', 'Itagua�', 'Itaguai', 'RL', '2879859.0476199985'),
(32, '-26.116666666666667', '-48.6', '', 'Point', 'Brazil', '1-3-----', 'BRIOA', 'Itapo�', 'Itapoa', 'RL', '9027277.19'),
(33, '-26.9', '-48.65', '', 'Point', 'Brazil', '1-34----', 'BRNVT', 'Navegantes', 'Navegantes', 'AI', '10279036.91334'),
(34, '-25.516666666666666', '-48.5', '', 'Point', 'Brazil', '1--4----', 'BRPNG', 'Paranagu�', 'Paranagua', 'AI', '13802196.524050001'),
(35, '-3.533333333333333', '-38.86666666666667', '', 'Point', 'Brazil', '12------', 'BRPEC', 'Pec�m Pt/S�o Gon�alo do Amarante', 'Pecem Pt/Sao Goncalo do Amarante', 'AA', '2174063.6046599997'),
(36, '-22.883333333333333', '-43.233333333333334', '', 'Point', 'Brazil', '123-567-', 'BRRIO', 'Rio de Janeiro', 'Rio de Janeiro', 'AA', '9600221.304169998'),
(37, '-0.05', '-51.166666666666664', '', 'Point', 'Brazil', '1-------', 'BRMCP', 'Santana Pt./Macap�', 'Santana Pt./Macapa', 'AA', '837504.7778400001'),
(38, '-23.95', '-46.333333333333336', '', 'Point', 'Brazil', '1234----', 'BRSSZ', 'Santos', 'Santos', 'AI', '17682777.003890004'),
(39, '-2.5', '-44.3', '', 'Point', 'Brazil', '1-34----', 'BRSLZ', 'S�o Lu�s', 'Sao Luis', 'AI', '45240'),
(40, '-20.316666666666666', '-40.333333333333336', '', 'Point', 'Brazil', '1-------', 'BRVIX', 'Vit�ria Pt', 'Vitoria Pt', 'AA', '738129.5278800001'),
(41, '25.083333333333332', '-77.35', '', 'Point', 'Bahamas', '1--45---', 'BSNAS', 'Nassau', 'Nassau', 'AI', '62842'),
(42, '16.516666666666666', '-88.4', '', 'Point', 'Belize', '1-34----', 'BZBGK', 'Big Creek', 'Big Creek', 'RL', '199368'),
(43, '47.3', '-54', '', 'Point', 'Canada', '1-34----', 'CANWP', 'Argentia', 'Argentia', 'AI', '27248.000001'),
(44, '45.266666666666666', '-66.06666666666666', '', 'Point', 'Canada', '1-34-6--', 'CASJB', 'Saint-John', 'Saint-John', 'AS', '389420.2'),
(45, '47.56666666666667', '-52.733333333333334', '', 'Point', 'Canada', '1-3-----', 'CASJF', 'Saint-John\'s', 'Saint-John\'s', 'AS', '26845'),
(46, '-6.003633266930797', '12.40121189273204', '', 'Point', 'Congo, The Democratic Republic of the', '1-3-----', 'CDBNW', 'Banana', 'Banana', 'RL', '48681'),
(47, '-4.8', '11.85', '', 'Point', 'Congo', '1--45---', 'CGPNR', 'Pointe Noire', 'Pointe Noire', 'AI', '3473713.5811700015'),
(48, '5.333333333333333', '-4.016666666666667', '', 'Point', 'C�te d\'Ivoire', '1--45---', 'CIABJ', 'Abidjan', 'Abidjan', 'AI', '3248845.43344'),
(49, '4.733333333333333', '-6.616666666666667', '', 'Point', 'C�te d\'Ivoire', '1-34----', 'CISPY', 'San-P�dro', 'San-Pedro', 'AI', '2312502.02864'),
(50, '-23.633333333333333', '-70.38333333333334', '', 'Point', 'Chile', '1--4----', 'CLANF', 'Antofagasta', 'Antofagasta', 'AI', '2136460.625'),
(51, '-18.483333333333334', '-70.31666666666666', '', 'Point', 'Chile', '1-34----', 'CLARI', 'Arica', 'Arica', 'AI', '1400600.825'),
(52, '-37.016666666666666', '-73.15', '', 'Point', 'Chile', '123-----', 'CLCNL', 'Coronel', 'Coronel', 'AI', '5437390.8332'),
(53, '-20.216666666666665', '-70.13333333333334', '', 'Point', 'Chile', '1--4----', 'CLIQQ', 'Iquique', 'Iquique', 'AI', '1915647.5'),
(54, '-36.7', '-72.98333333333333', '', 'Point', 'Chile', '123-----', 'CLLQN', 'Lirqu�n', 'Lirquen', 'AI', '3185838.4995000004'),
(55, '-23.1', '-70.45', '', 'Point', 'Chile', '1-------', 'CLMJS', 'Mejillones', 'Mejillones', 'AI', '32362.2'),
(56, '-23.083333333333332', '-70.45', '', 'Point', 'Chile', '123-----', 'CLPAG', 'Puerto Angamos', 'Puerto Angamos', 'RL', '5408319.366300002'),
(57, '-53.13333333333333', '-70.93333333333334', '', 'Point', 'Chile', '1-34----', 'CLPUQ', 'Punta Arenas', 'Punta Arenas', 'AI', '18174'),
(58, '-33.6', '-71.6', '', 'Point', 'Chile', '123-----', 'CLSAI', 'San Antonio', 'San Antonio', 'AI', '9417069.025'),
(59, '-36.7', '-73.13333333333334', '', 'Point', 'Chile', '1-3-----', 'CLSVE', 'San Vicente', 'San Vicente', 'AI', '945075.625'),
(60, '-33.03333333333333', '-71.63333333333334', '', 'Point', 'Chile', '1234----', 'CLVAP', 'Valparaiso', 'Valparaiso', 'AI', '2059925'),
(61, '38.95', '118.53333333333333', '', 'Point', 'China', '1-------', 'CNCFD', 'Caofeidian Pt', 'Caofeidian Pt', 'AS', '168350'),
(62, '22.533333333333335', '113.86666666666666', '', 'Point', 'China', '1----6--', 'CNDCB', 'DA CHAN BAY', 'DA CHAN BAY', 'RL', '4367401.071339998'),
(63, '23.033333333333335', '113.75', '', 'Point', 'China', '1-------', 'CNDGG', 'Dongguan Pt', 'Dongguan Pt', 'AS', '94354'),
(64, '35.30888533158225', '119.52253982618285', '', 'Point', 'China', '1-------', 'CNDJK', 'Dongjiangkou', 'Dongjiangkou', 'AS', '386750'),
(65, '25.716666666666665', '119.36666666666666', '', 'Point', 'China', '--3-----', 'CNFQG', 'Fuqing', 'Fuqing', 'RL', '1164780.9333599997'),
(66, '23.083333333333332', '114.36666666666666', '', 'Point', 'China', '1-------', 'CNHUI', 'Huizhou Pt', 'Huizhou Pt', 'AS', '27300'),
(67, '22.833333333333332', '113.66666666666667', '', 'Point', 'China', '1-------', 'CNHMN', 'Humen Pt', 'Humen Pt', 'AS', '630027.5'),
(68, '25.466666666666665', '119.3', '', 'Point', 'China', '1-3-----', 'CNJGY', 'Jiangyin', 'Jiangyin', 'RL', '594906'),
(69, '41.11666666666667', '121.15', '', 'Point', 'China', '1-------', 'CNJNZ', 'Jinzhou Pt', 'Jinzhou Pt', 'AS', '684866'),
(70, '34.71666666666667', '119.43333333333334', '', 'Point', 'China', '1-------', 'CNLYG', 'Lianyungang', 'Lianyungang', 'AS', '9288988.80945'),
(71, '22.75', '113.58333333333333', '', 'Point', 'China', '1-------', 'CNNSA', 'Nansha Pt', 'Nansha Pt', 'AS', '42484636.038412996'),
(72, '32.016666666666666', '120.85', '', 'Point', 'China', '1-------', 'CNNTG', 'Nantong Pt', 'Nantong Pt', 'AS', '261618.5'),
(73, '39.916666666666664', '119.58333333333333', '', 'Point', 'China', '1-------', 'CNSHP', 'Qinhuangdao Pt', 'Qinhuangdao Pt', 'AS', '105300'),
(74, '24.933333333333334', '118.6', '', 'Point', 'China', '1-------', 'CNQZJ', 'Quanzhou Pt', 'Quanzhou Pt', 'AS', '512451.33335000003'),
(75, '35.38333333333333', '119.53333333333333', '', 'Point', 'China', '1-------', 'CNRZH', 'Rizhao Pt', 'Rizhao Pt', 'AS', '1075073.00003'),
(76, '22.483333333333334', '113.91666666666667', '', 'Point', 'China', '1-------', 'CNSHK', 'Shekou Pt', 'Shekou Pt', 'AS', '74635666.14055'),
(77, '36.86666666666667', '122.43333333333334', '', 'Point', 'China', '1-------', 'CNSHD', 'Shidao Pt', 'Shidao Pt', 'AS', '54886'),
(78, '22.583333333333332', '113.13333333333334', '', 'Point', 'China', '1-------', 'CNWIH', 'Waihai', 'Waihai', 'AS', '50050'),
(79, '36.71666666666667', '119.1', '', 'Point', 'China', '1--4----', 'CNWEF', 'Weifang Pt', 'Weifang Pt', 'AS', '65923'),
(80, '37.516666666666666', '122.11666666666666', '', 'Point', 'China', '1--45---', 'CNWEI', 'Weihai', 'Weihai', 'AS', '238257.5'),
(81, '19.7', '109.2', '', 'Point', 'China', '1-------', 'CNYPG', 'Yangpu Pt', 'Yangpu Pt', 'AS', '872543.1665800002'),
(82, '26.85', '119.86666666666666', '', 'Point', 'China', '1-------', 'CNYTN', 'Yantian Pt', 'Yantian Pt', 'AS', '74187678.53746'),
(83, '40.65', '122.21666666666667', '', 'Point', 'China', '1-------', 'CNYIK', 'Yingkou Pt', 'Yingkou Pt', 'AS', '1421671'),
(84, '31.866666666666667', '120.53333333333333', '', 'Point', 'China', '1-------', 'CNZJG', 'Zhangjiagang', 'Zhangjiagang', 'AS', '196865.5'),
(85, '24.516666666666666', '117.65', '', 'Point', 'China', '1-------', 'CNZZU', 'Zhangzhou Pt', 'Zhangzhou Pt', 'AS', '340964'),
(86, '22.283333333333335', '113.56666666666666', '', 'Point', 'China', '1-------', 'CNZUH', 'Zhuhai Pt', 'Zhuhai Pt', 'AS', '929467.5'),
(87, '-4.216666666666667', '-69.93333333333334', '', 'Point', 'Colombia', '1--4----', 'COLET', 'Leticia', 'Leticia', 'AI', '9675'),
(88, '9.533333333333333', '-75.58333333333333', '', 'Point', 'Colombia', '1--4----', 'COTLU', 'Tol�', 'Tolu', 'AI', '9675'),
(89, '8.083333333333334', '-76.71666666666667', '', 'Point', 'Colombia', '1--4----', 'COTRB', 'Turbo', 'Turbo', 'AI', '799731.4000149998'),
(90, '9.95', '-84.71666666666667', '', 'Point', 'Costa Rica', '123-----', 'CRCAL', 'Caldera', 'Caldera', 'RL', '704191.8'),
(91, '10', '-83.08333333333333', '', 'Point', 'Costa Rica', '1-3-----', 'CRMOB', 'Mo�n', 'Moin', 'RL', '2884497.416525'),
(92, '10', '-83.03333333333333', '', 'Point', 'Costa Rica', '1-3-----', 'CRLIO', 'Puerto Lim�n', 'Puerto Limon', 'AI', '2372283.3334299996'),
(93, '23', '-82.75', '', 'Point', 'Cuba', '1234----', 'CUMAR', 'Mariel', 'Mariel', 'RL', '370296.8'),
(94, '16.883333333333333', '-25', '', 'Point', 'Cabo Verde', '1-3-----', 'CVMIN', 'Mindelo', 'Mindelo', 'RL', '114309'),
(95, '12.1', '-68.91666666666667', '', 'Point', 'Cura�ao', '1-------', 'CWWIL', 'Willemstad', 'Willemstad', 'AI', '721990.3'),
(96, '-10.416666666666666', '105.71666666666667', '', 'Point', 'Christmas Island', '1-------', 'CXFFC', 'Flying Fish Cove', 'Flying Fish Cove', 'RL', '2520'),
(97, '34.68333333333333', '33.05', '', 'Point', 'Cyprus', '1-3-5---', 'CYLMS', 'Limassol', 'Limassol', 'AA', '2366252.75'),
(98, '53.333333333333336', '8.483333333333333', '', 'Point', 'Germany', '123-----', 'DEBKE', 'Brake', 'Brake', 'AF', '27774'),
(99, '53.88333333333333', '8.7', '', 'Point', 'Germany', '123-----', 'DECUX', 'Cuxhaven', 'Cuxhaven', 'AF', '128258'),
(100, '53.36666666666667', '7.216666666666667', '', 'Point', 'Germany', '1234----', 'DEEME', 'Emden', 'Emden', 'AF', '14598'),
(101, '54.333333333333336', '10.133333333333333', '', 'Point', 'Germany', '1234----', 'DEKEL', 'Kiel', 'Kiel', 'AF', '14040'),
(102, '54.083333333333336', '12.133333333333333', '', 'Point', 'Germany', '12345---', 'DERSK', 'Rostock', 'Rostock', 'AF', '7984'),
(103, '53.516666666666666', '8.133333333333333', '', 'Point', 'Germany', '1234----', 'DEWVN', 'Wilhelmshaven', 'Wilhelmshaven', 'AF', '7664957.392799999'),
(104, '56.15', '10.216666666666667', '', 'Point', 'Denmark', '12345---', 'DKAAR', 'Aarhus', 'Aarhus', 'AF', '4009844.4282799996'),
(105, '55.666666666666664', '12.583333333333334', '', 'Point', 'Denmark', '12345---', 'DKCPH', 'K�benhavn', 'Kobenhavn', 'AF', '138606'),
(106, '18.416666666666668', '-69.63333333333334', '', 'Point', 'Dominican Republic', '1-3--6--', 'DOCAU', 'Caucedo', 'Caucedo', 'RL', '11771542.79576'),
(107, '19.7', '-71.75', '', 'Point', 'Dominican Republic', '123-----', 'DOMAN', 'Manzanillo', 'Manzanillo', 'RL', '53258.4'),
(108, '36.75', '3.05', '', 'Point', 'Algeria', '123456--', 'DZALG', 'Alger (Algiers)', 'Alger (Algiers)', 'AI', '835952.4'),
(109, '35.86666666666667', '-0.316666666666667', '', 'Point', 'Algeria', '123-----', 'DZAZW', 'Arzew', 'Arzew', 'RL', '24660'),
(110, '35.1', '-1.85', '', 'Point', 'Algeria', '123-----', 'DZGHZ', 'Ghazaouet', 'Ghazaouet', 'RL', '72735'),
(111, '0.983333333333333', '-79.7', '', 'Point', 'Ecuador', '1--4----', 'ECESM', 'Esmeraldas', 'Esmeraldas', 'AI', '153990.2'),
(112, '-2.166666666666667', '-79.9', '', 'Point', 'Ecuador', '1--45---', 'ECGYE', 'Guayaquil', 'Guayaquil', 'AI', '8368052.225200001'),
(113, '-2.7', '-80.25', '', 'Point', 'Ecuador', '--3--6--', 'ECPSJ', 'Posorja', 'Posorja', 'RL', '1776250.6667999995'),
(114, '-3.266666666666667', '-79.98333333333333', '', 'Point', 'Ecuador', '1-------', 'ECPBO', 'Puerto Bol�var', 'Puerto Bolivar', 'AI', '1601516.8'),
(115, '59.516666666666666', '26.533333333333335', '', 'Point', 'Estonia', '1------B', 'EEKND', 'Kunda', 'Kunda', 'AA', '4176'),
(116, '59.5', '24.966666666666665', '', 'Point', 'Estonia', '1------B', 'EEMUG', 'Muuga', 'Muuga', 'AA', '74880'),
(117, '59.35', '24.05', '', 'Point', 'Estonia', '-23----B', 'EEPLA', 'Paldiski', 'Paldiski', 'AA', '90009'),
(118, '59.43333333333333', '24.733333333333334', '', 'Point', 'Estonia', '1--45---', 'EETLL', 'Tallinn', 'Tallinn', 'AI', '493596.99998'),
(119, '31.416666666666668', '31.816666666666666', '', 'Point', 'Egypt', '1234----', 'EGDAM', 'Dumyat (Damietta)', 'Dumyat (Damietta)', 'RL', '9993066.850010002'),
(120, '31.183333333333334', '29.916666666666668', '', 'Point', 'Egypt', '1--45---', 'EGALY', 'El Iskandariya (Alexandria)', 'El Iskandariya (Alexandria)', 'AI', '6389301.29979'),
(121, '29.65', '32.35', '', 'Point', 'Egypt', '1-------', 'EGSOK', 'Sokhna Port', 'Sokhna Port', 'RQ', '3639356.7318400005'),
(122, '15.6', '39.45', '', 'Point', 'Eritrea', '1234----', 'ERMSW', 'Massawa (Mitsiwa)', 'Massawa (Mitsiwa)', 'AI', '44242'),
(123, '36.833333333333336', '-2.45', '', 'Point', 'Spain', '1234----', 'ESLEI', 'Almer�a', 'Almeria', 'AI', '123708'),
(124, '43.25', '-2.966666666666667', '', 'Point', 'Spain', '12345---', 'ESBIO', 'Bilbao', 'Bilbao', 'AI', '757628.7999919999'),
(125, '37.6', '-0.983333333333333', '', 'Point', 'Spain', '123-----', 'ESCAR', 'Cartagena', 'Cartagena', 'AA', '161718'),
(126, '39.983333333333334', '-0.033333333333333', '', 'Point', 'Spain', '123-----', 'ESCAS', 'Castell�n de la Plana', 'Castellon de la Plana', 'AI', '2188540.79158'),
(127, '43.483333333333334', '-8.25', '', 'Point', 'Spain', '123-----', 'ESFRO', 'Ferrol', 'Ferrol', 'AI', '165064.5'),
(128, '43.53333333333333', '-5.666666666666667', '', 'Point', 'Spain', '1234----', 'ESGIJ', 'Gij�n', 'Gijon', 'AI', '356746'),
(129, '28.966666666666665', '-13.533333333333333', '', 'Point', 'Spain', '1--4----', 'ESACE', 'Lanzarote', 'Lanzarote', 'AI', '421980'),
(130, '28.1', '-15.416666666666666', '', 'Point', 'Spain', '1-3456--', 'ESLPA', 'Las Palmas de Gran Canaria', 'Las Palmas de Gran Canaria', 'AI', '5009347.528700001'),
(131, '36.71666666666667', '-4.416666666666667', '', 'Point', 'Spain', '1--45---', 'ESAGP', 'M�laga', 'Malaga', 'AI', '439868'),
(132, '35.31666666666667', '-2.883333333333333', '', 'Point', 'Spain', '1-34----', 'ESMLN', 'Melilla', 'Melilla', 'AI', '45500'),
(133, '39.68333333333333', '-0.266666666666667', '', 'Point', 'Spain', '123-----', 'ESSAG', 'Sagunto', 'Sagunto', 'AI', '417560'),
(134, '28.683333333333334', '-17.766666666666666', '', 'Point', 'Spain', '1--4----', 'ESSPC', 'Santa Cruz de La Palma', 'Santa Cruz de La Palma', 'AI', '245440'),
(135, '42.6', '-8.75', '', 'Point', 'Spain', '1-3-----', 'ESVIL', 'Villagarc�a de Arosa', 'Villagarcia de Arosa', 'AI', '130988'),
(136, '60.45', '22.283333333333335', '', 'Point', 'Finland', '1-34----', 'FITKU', '�bo (Turku)', 'Abo (Turku)', 'AI', '16263'),
(137, '60.45', '22.283333333333335', '', 'Point', 'Finland', '1-34----', 'FITKU', 'Turku (�bo)', 'Turku (Abo)', 'AI', '16263'),
(138, '61.483333333333334', '21.8', '', 'Point', 'Finland', '1-34----', 'FIPOR', 'Bj�rneborg (Pori)', 'Bjorneborg (Pori)', 'AI', '5220'),
(139, '61.483333333333334', '21.8', '', 'Point', 'Finland', '1-34----', 'FIPOR', 'Pori (Bj�rneborg)', 'Pori (Bjorneborg)', 'AI', '5220'),
(140, '60.56666666666667', '27.2', '', 'Point', 'Finland', '1-------', 'FIHMN', 'Fredrikshamn (Hamina)', 'Fredrikshamn (Hamina)', 'AI', '4437'),
(141, '60.56666666666667', '27.2', '', 'Point', 'Finland', '1-------', 'FIHMN', 'Hamina (Fredrikshamn)', 'Hamina (Fredrikshamn)', 'AI', '4437'),
(142, '63.68333333333333', '22.783333333333335', '', 'Point', 'Finland', '123-----', 'FIPRS', 'Jakobstad (Pietarsaari)', 'Jakobstad (Pietarsaari)', 'AI', '9396'),
(143, '63.68333333333333', '22.783333333333335', '', 'Point', 'Finland', '123-----', 'FIPRS', 'Pietarsaari (Jakobstad)', 'Pietarsaari (Jakobstad)', 'AI', '9396'),
(144, '63.833333333333336', '23.116666666666667', '', 'Point', 'Finland', '123-----', 'FIKOK', 'Karleby (Kokkola)', 'Karleby (Kokkola)', 'AI', '39182'),
(145, '63.833333333333336', '23.116666666666667', '', 'Point', 'Finland', '123-----', 'FIKOK', 'Kokkola (Karleby)', 'Kokkola (Karleby)', 'AI', '39182'),
(146, '65.73333333333333', '24.566666666666666', '', 'Point', 'Finland', '1-34----', 'FIKEM', 'Kemi/Torne� (Kemi/Tornio)', 'Kemi/Tornea (Kemi/Tornio)', 'AI', '106574'),
(147, '65.73333333333333', '24.566666666666666', '', 'Point', 'Finland', '1-34----', 'FIKEM', 'Kemi/Tornio (Kemi/Torne�)', 'Kemi/Tornio (Kemi/Tornea)', 'AI', '106574'),
(148, '60.46666666666667', '26.916666666666668', '', 'Point', 'Finland', '123----B', 'FIKTK', 'Kotka', 'Kotka', 'AC', '1116795.49992'),
(149, '61.13333333333333', '21.5', '', 'Point', 'Finland', '123----B', 'FIRAU', 'Rauma (Raumo)', 'Rauma (Raumo)', 'AC', '705561.4999800001'),
(150, '61.13333333333333', '21.5', '', 'Point', 'Finland', '123----B', 'FIRAU', 'Raumo (Rauma)', 'Raumo (Rauma)', 'AC', '705561.4999800001'),
(151, '65.85', '24.183333333333334', '', 'Point', 'Finland', '1-------', 'FITOR', 'Torne� (Tornio)', 'Tornea (Tornio)', 'AI', '91624'),
(152, '65.85', '24.183333333333334', '', 'Point', 'Finland', '1-------', 'FITOR', 'Tornio (Torne�)', 'Tornio (Tornea)', 'AI', '91624'),
(153, '-17.616666666666667', '177.45', '', 'Point', 'Fiji', '123-----', 'FJLTK', 'Lautoka', 'Lautoka', 'RL', '490393'),
(154, '-18.133333333333333', '178.45', '', 'Point', 'Fiji', '1--45---', 'FJSUV', 'Suva', 'Suva', 'AI', '535295'),
(155, '62.11666666666667', '-6.883333333333333', '', 'Point', 'Faroe Islands', '1-3-----', 'FOKOL', 'Kollafj�rdur', 'Kollafjordur', 'RL', '82628'),
(156, '62.016666666666666', '-6.766666666666667', '', 'Point', 'Faroe Islands', '1-------', 'FOTHO', 'Thorshavn', 'Thorshavn', 'RL', '91104'),
(157, '44.9', '-0.516666666666667', '', 'Point', 'France', '12------', 'FRBAS', 'Bassens', 'Bassens', 'AF', '33930'),
(158, '48.4', '-4.483333333333333', '', 'Point', 'France', '1234----', 'FRBES', 'Brest', 'Brest', 'AF', '107185'),
(159, '51.03333333333333', '2.383333333333333', '', 'Point', 'France', '12--5---', 'FRDKK', 'Dunkerque', 'Dunkerque', 'AF', '4450642.083629999'),
(160, '43.43333333333333', '4.933333333333334', '', 'Point', 'France', '123---7-', 'FRFOS', 'Fos-sur-Mer', 'Fos-sur-Mer', 'AF', '18248513.215530016'),
(161, '46.166666666666664', '-1.216666666666667', '', 'Point', 'France', '1-------', 'FRLPE', 'la Pallice', 'la Pallice', 'AF', '22725'),
(162, '46.166666666666664', '-1.15', '', 'Point', 'France', '12-4----', 'FRLRH', 'La Rochelle', 'La Rochelle', 'AF', '33930'),
(163, '49.5', '0.1', '', 'Point', 'France', '12345---', 'FRLEH', 'Le Havre', 'Le Havre', 'AF', '35976285.665610015'),
(164, '43.3', '5.4', '', 'Point', 'France', '12-45---', 'FRMRS', 'Marseille', 'Marseille', 'AF', '629024'),
(165, '47.333333333333336', '-2.15', '', 'Point', 'France', '123-----', 'FRMTX', 'Montoir-de-Bretagne', 'Montoir-de-Bretagne', 'AF', '1130547.1665700004'),
(166, '42.516666666666666', '3.116666666666667', '', 'Point', 'France', '12------', 'FRPOV', 'Port-Vendres', 'Port-Vendres', 'AF', '21450'),
(167, '49.5', '0.5', '', 'Point', 'France', '1-3-----', 'FRRAD', 'Radicatel', 'Radicatel', 'RL', '42900.000003'),
(168, '49.45', '1.1', '', 'Point', 'France', '1-34----', 'FRURO', 'Rouen', 'Rouen', 'AF', '34842'),
(169, '43.4', '3.7', '', 'Point', 'France', '123-----', 'FRSET', 'S�te', 'Sete', 'AF', '34041'),
(170, '43.11666666666667', '5.933333333333334', '', 'Point', 'France', '12-4----', 'FRTLN', 'Toulon', 'Toulon', 'AF', '1080'),
(171, '57.13333333333333', '-2.1', '', 'Point', 'United Kingdom', '1--4----', 'GBABD', 'Aberdeen', 'Aberdeen', 'AF', '48681'),
(172, '54.983333333333334', '-5.916666666666667', '', 'Point', 'United Kingdom', '1--4-6--', 'GBBEL', 'Belfast', 'Belfast', 'AF', '137826'),
(173, '56', '-3.716666666666667', '', 'Point', 'United Kingdom', '1-------', 'GBGRG', 'Grangemouth', 'Grangemouth', 'AF', '192244'),
(174, '55.93333333333333', '-4.75', '', 'Point', 'United Kingdom', '1-------', 'GBGRK', 'Greenock', 'Greenock', 'AF', '275567.66664999997'),
(175, '53.733333333333334', '-0.316666666666667', '', 'Point', 'United Kingdom', '1-------', 'GBHUL', 'Hull', 'Hull', 'AF', '219740.33333800005'),
(176, '53.6', '-0.216666666666667', '', 'Point', 'United Kingdom', '1-------', 'GBIMM', 'Immingham', 'Immingham', 'AF', '329625'),
(177, '53.416666666666664', '-3', '', 'Point', 'United Kingdom', '1--4----', 'GBLIV', 'Liverpool', 'Liverpool', 'AF', '1673890.2916200003'),
(178, '51.5', '0.483333333333333', '', 'Point', 'United Kingdom', '123--6--', 'GBLGP', 'London Gateway Port', 'London Gateway Port', 'RL', '21704403.092420008'),
(179, '54.583333333333336', '-1.15', '', 'Point', 'United Kingdom', '1-------', 'GBTEE', 'Teesport', 'Teesport', 'AF', '556920'),
(180, '55', '-1.433333333333333', '', 'Point', 'United Kingdom', '1-------', 'GBTYN', 'Tyne', 'Tyne', 'RQ', '31668'),
(181, '4.85', '-52.266666666666666', '', 'Point', 'French Guiana', '1-------', 'GFDDC', 'D�grad des Cannes', 'Degrad des Cannes', 'RL', '286520'),
(182, '64.18333333333334', '-51.75', '', 'Point', 'Greenland', '1-34----', 'GLGOH', 'Nuuk (Godthaab)', 'Nuuk (Godthaab)', 'AI', '23426'),
(183, '16.266666666666666', '-61.516666666666666', '', 'Point', 'Guadeloupe', '1--45---', 'GPPTP', 'Point-�-Pitre Apt', 'Point-a-Pitre Apt', 'AF', '1970512.9165490004'),
(184, '35.333333333333336', '25.166666666666668', '', 'Point', 'Greece', '1--4----', 'GRHER', 'Heraklion (Iraklion)', 'Heraklion (Iraklion)', 'AI', '23582'),
(185, '35.333333333333336', '25.166666666666668', '', 'Point', 'Greece', '1--4----', 'GRHER', 'Iraklion (Heraklion)', 'Iraklion (Heraklion)', 'AI', '23582'),
(186, '37.93333333333333', '23.616666666666667', '', 'Point', 'Greece', '1-------', 'GRPIR', 'Piraeus', 'Piraeus', 'AI', '25227137.508840002'),
(187, '40.63333333333333', '22.95', '', 'Point', 'Greece', '1--45---', 'GRSKG', 'Thessalon�ki', 'Thessaloniki', 'AI', '790815.9999900002'),
(188, '39.36666666666667', '22.95', '', 'Point', 'Greece', '1--4----', 'GRVOL', 'V�los', 'Volos', 'AI', '23582'),
(189, '15.7', '-88.61666666666666', '', 'Point', 'Guatemala', '1-------', 'GTSTC', 'Puerto Santo Tom�s de Castilla', 'Puerto Santo Tomas de Castilla', 'AI', '1241734.0000599998'),
(190, '13.433333333333334', '144.68333333333334', '', 'Point', 'Guam', '--3-----', 'GUPIT', 'Piti', 'Piti', 'RL', '52903.5'),
(191, '11.85', '-15.583333333333334', '', 'Point', 'Guinea-Bissau', '1-345---', 'GWOXB', 'Bissau', 'Bissau', 'AI', '114309'),
(192, '43.05', '17.433333333333334', '', 'Point', 'Croatia', '123-----', 'HRPLE', 'Ploce', 'Ploce', 'RL', '136773'),
(193, '45.333333333333336', '14.4', '', 'Point', 'Croatia', '1234----', 'HRRJK', 'Rijeka', 'Rijeka', 'AI', '3818455.3333799997'),
(194, '43.5', '16.45', '', 'Point', 'Croatia', '1234----', 'HRSPU', 'Split', 'Split', 'AI', '63609'),
(195, '19.75', '-72.2', '', 'Point', 'Haiti', '1--4----', 'HTCAP', 'Cap-Ha�tien', 'Cap-Haitien', 'AI', '47268'),
(196, '18.483333333333334', '-72.43333333333334', '', 'Point', 'Haiti', '1-------', 'HTLFF', 'Lafiteau', 'Lafiteau', 'AI', '1098127.3333000003'),
(197, '-1.283333333333333', '116.83333333333333', '', 'Point', 'Indonesia', '1--4----', 'IDBPN', 'Balikpapan', 'Balikpapan', 'AI', '77320.75'),
(198, '1.083333333333333', '104.03333333333333', '', 'Point', 'Indonesia', '1-3-----', 'IDBTM', 'Batam Island', 'Batam Island', 'RL', '7335.5'),
(199, '-8.866666666666667', '116.71666666666667', '', 'Point', 'Indonesia', '1-------', 'IDBEN', 'Benete', 'Benete', 'RL', '12681.75'),
(200, '-8.766666666666667', '115.21666666666667', '', 'Point', 'Indonesia', '1-------', 'IDBOA', 'Benoa', 'Benoa', 'RL', '6747'),
(201, '-6.133333333333334', '106.83333333333333', '', 'Point', 'Indonesia', '12345---', 'IDJKT', 'Jakarta, Java', 'Jakarta, Java', 'AI', '12060454.99297'),
(202, '-2.533333333333333', '140.7', '', 'Point', 'Indonesia', '1-345---', 'IDDJJ', 'Jayapura, Irian Jaya', 'Jayapura, Irian Jaya', 'AI', '136162'),
(203, '-2.733333333333333', '111.71666666666667', '', 'Point', 'Indonesia', '1-3-----', 'IDKUM', 'Kumai', 'Kumai', 'RL', '4238'),
(204, '-5.116666666666666', '119.4', '', 'Point', 'Indonesia', '1-3-----', 'IDMAK', 'Makassar', 'Makassar', 'RL', '664450'),
(205, '-0.95', '100.35', '', 'Point', 'Indonesia', '1234----', 'IDPDG', 'Padang', 'Padang', 'AI', '74470.25'),
(206, '1.066666666666667', '102.86666666666666', '', 'Point', 'Indonesia', '1-3-----', 'IDPER', 'Perawang', 'Perawang', 'RL', '3627'),
(207, '-6.966666666666667', '110.48333333333333', '', 'Point', 'Indonesia', '1-345---', 'IDSRG', 'Semarang', 'Semarang', 'AI', '2529727.4165999996'),
(208, '-7.233333333333333', '112.75', '', 'Point', 'Indonesia', '123456--', 'IDSUB', 'Surabaya', 'Surabaya', 'AI', '5004081.142750002'),
(209, '0.916666666666667', '104.45', '', 'Point', 'Indonesia', '1--4----', 'IDTNJ', 'Tanjungpinang', 'Tanjungpinang', 'AI', '3068'),
(210, '-4.75', '136.55', '', 'Point', 'Indonesia', '1-------', 'IDTMK', 'Timika', 'Timika', 'RQ', '3240'),
(211, '-5.633333333333333', '132.73333333333332', '', 'Point', 'Indonesia', '1-------', 'IDTUA', 'Tual', 'Tual', 'RQ', '12207'),
(212, '52.25', '-7.1', '', 'Point', 'Ireland', '1-345---', 'IEWAT', 'Waterford', 'Waterford', 'AF', '86515'),
(213, '32.8', '34.983333333333334', '', 'Point', 'Israel', '1--45---', 'ILHFA', 'Haifa', 'Haifa', 'AI', '8470527.068129998'),
(214, '13.083333333333334', '80.28333333333333', '', 'Point', 'India', '12345---', 'INMAA', 'Chennai (ex Madras)', 'Chennai (ex Madras)', 'AA', '2818763.316799999'),
(215, '9.966666666666667', '76.23333333333333', '', 'Point', 'India', '1234-6--', 'INCOK', 'Cochin', 'Cochin', 'AA', '2453568.08328'),
(216, '21.09641041428134', '72.62343557464672', '', 'Point', 'India', '--3--6--', 'INHZR', 'Hazira', 'Hazira', 'RL', '5911162.58614'),
(217, '23.033333333333335', '70.21666666666667', '', 'Point', 'India', '1234-6--', 'INIXY', 'Kandla', 'Kandla', 'AA', '817280.5'),
(218, '13.3', '80.38333333333334', '', 'Point', 'India', '123-----', 'INKTP', 'Kattupalli Port', 'Kattupalli Port', 'RL', '1964901.8999300003'),
(219, '22.566666666666666', '88.35', '', 'Point', 'India', '1--45---', 'INCCU', 'Kolkata (ex Calcutta)', 'Kolkata (ex Calcutta)', 'AA', '303853.53334'),
(220, '15.4', '73.78333333333333', '', 'Point', 'India', '123-----', 'INMRM', 'Marmagao (Marmugao)', 'Marmagao (Marmugao)', 'AA', '100178'),
(221, '15.4', '73.78333333333333', '', 'Point', 'India', '123-----', 'INMRM', 'Marmugao (Marmagao)', 'Marmugao (Marmagao)', 'AA', '100178'),
(222, '18.966666666666665', '72.81666666666666', '', 'Point', 'India', '123456--', 'INBOM', 'Mumbai (ex Bombay)', 'Mumbai (ex Bombay)', 'AA', '126915.25'),
(223, '20.316666666666666', '86.61666666666666', '', 'Point', 'India', '123-----', 'INPRT', 'Paradip Garh', 'Paradip Garh', 'AA', '28080'),
(224, '20.966666666666665', '71.55', '', 'Point', 'India', '123-----', 'INPAV', 'Pipavav (Victor) Port', 'Pipavav (Victor) Port', 'AA', '6333654.363870003'),
(225, '8.783333333333333', '78.13333333333334', '', 'Point', 'India', '123--6--', 'INTUT', 'Tuticorin', 'Tuticorin', 'AA', '1224891'),
(226, '17.7', '83.3', '', 'Point', 'India', '1234-6--', 'INVTZ', 'Visakhapatnam', 'Visakhapatnam', 'AA', '2172514.4999899995'),
(227, '30.033333333333335', '47.93333333333333', '', 'Point', 'Iraq', '123-----', 'IQUQR', 'Umm Qasr Port', 'Umm Qasr Port', 'RL', '3640547.5715799998'),
(228, '27.466666666666665', '52.6', '', 'Point', 'Iran, Islamic Republic of', '1-3-----', 'IRASA', 'Asaluyeh', 'Asaluyeh', 'RL', '3060'),
(229, '27.183333333333334', '56.266666666666666', '', 'Point', 'Iran, Islamic Republic of', '1--4----', 'IRBND', 'Bandar Abbas', 'Bandar Abbas', 'AI', '1154182.75'),
(230, '30.433333333333334', '49.1', '', 'Point', 'Iran, Islamic Republic of', '1-34----', 'IRBKM', 'Bandar Khomeini', 'Bandar Khomeini', 'RL', '85644'),
(231, '28.966666666666665', '50.833333333333336', '', 'Point', 'Iran, Islamic Republic of', '1-34----', 'IRBUZ', 'Bushehr', 'Bushehr', 'AI', '85644'),
(232, '64.15', '-21.95', '', 'Point', 'Iceland', '1-------', 'ISREY', 'Reykjav�k', 'Reykjavik', 'AC', '327138.50000099995'),
(233, '43.63333333333333', '13.5', '', 'Point', 'Italy', '1-34----', 'ITAOI', 'Ancona', 'Ancona', 'AI', '1251219.66666'),
(234, '41.13333333333333', '16.85', '', 'Point', 'Italy', '1-34----', 'ITBRI', 'Bari', 'Bari', 'AI', '123851'),
(235, '39.21666666666667', '9.116666666666667', '', 'Point', 'Italy', '1-34----', 'ITCAG', 'Cagliari', 'Cagliari', 'AI', '61347'),
(236, '37.5', '15.1', '', 'Point', 'Italy', '1-------', 'ITCTA', 'Catania', 'Catania', 'AI', '112515'),
(237, '42.1', '11.8', '', 'Point', 'Italy', '1-------', 'ITCVV', 'Civitavecchia', 'Civitavecchia', 'AI', '2179445.6662'),
(238, '44.416666666666664', '8.95', '', 'Point', 'Italy', '12345---', 'ITGOA', 'Genova', 'Genova', 'AI', '23896971.132049996'),
(239, '38.416666666666664', '15.9', '', 'Point', 'Italy', '1-------', 'ITGIT', 'Gioia Tauro', 'Gioia Tauro', 'AI', '16628557.647730002'),
(240, '44.11666666666667', '9.833333333333334', '', 'Point', 'Italy', '1-------', 'ITSPE', 'La Spezia', 'La Spezia', 'AI', '12785874.433700003'),
(241, '43.55', '10.316666666666666', '', 'Point', 'Italy', '1-------', 'ITLIV', 'Livorno', 'Livorno', 'AI', '8253720.2853500005'),
(242, '40.833333333333336', '14.25', '', 'Point', 'Italy', '1234----', 'ITNAP', 'Napoli', 'Napoli', 'AI', '4010591.4281000006'),
(243, '40.916666666666664', '9.516666666666667', '', 'Point', 'Italy', '1234----', 'ITOLB', 'Olbia', 'Olbia', 'RL', '11076'),
(244, '38.11666666666667', '13.366666666666667', '', 'Point', 'Italy', '1--4----', 'ITPMO', 'Palermo', 'Palermo', 'AI', '35997'),
(245, '44.28333333333333', '8.5', '', 'Point', 'Italy', '123-----', 'ITSVN', 'Savona', 'Savona', 'AI', '43661'),
(246, '38.016666666666666', '12.483333333333333', '', 'Point', 'Italy', '1--4----', 'ITTPS', 'Trapani', 'Trapani', 'AI', '41808'),
(247, '44.266666666666666', '8.45', '', 'Point', 'Italy', '123-----', 'ITVDL', 'Vado Ligure', 'Vado Ligure', 'RL', '1281768.42842'),
(248, '45.43333333333333', '12.333333333333334', '', 'Point', 'Italy', '12345--B', 'ITVCE', 'Venezia', 'Venezia', 'AI', '1408195.66666'),
(249, '29.533333333333335', '35', '', 'Point', 'Jordan', '1--4----', 'JOAQJ', 'Al \'Aqabah', 'Al \'Aqabah', 'RL', '5019094.23184'),
(250, '34.18333333333333', '133.1', '', 'Point', 'Japan', '--3-----', 'JPHTD', 'Hakata', 'Hakata', 'RL', '3054288.2499700007'),
(251, '32.05', '130.6', '', 'Point', 'Japan', '--3-----', 'JPISS', 'Isa', 'Isa', 'AF', '362101.99997'),
(252, '33.833333333333336', '130.83333333333334', '', 'Point', 'Japan', '12345---', 'JPKKJ', 'Kitakyushu', 'Kitakyushu', 'AF', '476762'),
(253, '34.68333333333333', '135.16666666666666', '', 'Point', 'Japan', '12345---', 'JPUKB', 'Kobe', 'Kobe', 'AF', '16494507.892490005'),
(254, '34.03333333333333', '131.58333333333334', '', 'Point', 'Japan', '123-----', 'JPMJR', 'Mitajiri', 'Mitajiri', 'AF', '18720'),
(255, '33.9', '130.96666666666667', '', 'Point', 'Japan', '123-5---', 'JPMOJ', 'Moji/Kitakyushu', 'Moji/Kitakyushu', 'AF', '2497337.91658'),
(256, '34.666666666666664', '135.5', '', 'Point', 'Japan', '1--45---', 'JPOSA', 'Osaka', 'Osaka', 'AF', '9088752.833390001'),
(257, '31.816666666666666', '130.25', '', 'Point', 'Japan', '1-------', 'JPSEN', 'Satsumasendai', 'Satsumasendai', 'AF', '1041560.0000199999'),
(258, '35.68333333333333', '139.75', '', 'Point', 'Japan', '12345---', 'JPTYO', 'Tokyo', 'Tokyo', 'AF', '20969567.58289999'),
(259, '35.45', '139.65', '', 'Point', 'Japan', '12345---', 'JPYOK', 'Yokohama', 'Yokohama', 'AF', '26921996.624540005'),
(260, '10.6', '103.51666666666667', '', 'Point', 'Cambodia', '1-34--7-', 'KHKOS', 'K�mp�ng Sa�m', 'Kampong Saom', 'AI', '1342444.99985'),
(261, '-12.15', '44.38333333333333', '', 'Point', 'Comoros', '1-3-----', 'KMMUT', 'Mutsamudu, Anjouan', 'Mutsamudu, Anjouan', 'RL', '143131.33335'),
(262, '17.133333333333333', '-62.61666666666667', '', 'Point', 'Saint Kitts and Nevis', '1--4----', 'KNCHA', 'Charlestown', 'Charlestown', 'RL', '230958'),
(263, '35.13333333333333', '129.05', '', 'Point', 'Korea, Republic of', '1234567-', 'KRPUS', 'Busan', 'Busan', 'AF', '97226625.829958'),
(264, '37', '126.36666666666666', '', 'Point', 'Korea, Republic of', '1-------', 'KRTSN', 'Daesan/Seosan', 'Daesan/Seosan', 'AF', '391261'),
(265, '36.96666666666667', '126.78333333333333', '', 'Point', 'Korea, Republic of', '1-3-----', 'KRTJI', 'Dangjin', 'Dangjin', 'AF', '80514'),
(266, '35.983333333333334', '126.71666666666667', '', 'Point', 'Korea, Republic of', '1234----', 'KRKUV', 'Gunsan', 'Gunsan', 'AF', '367380'),
(267, '34.93333333333333', '127.7', '', 'Point', 'Korea, Republic of', '123-----', 'KRKAN', 'Gwangyang', 'Gwangyang', 'AF', '16515872.093510004'),
(268, '37.45', '126.61666666666666', '', 'Point', 'Korea, Republic of', '123-----', 'KRINC', 'Incheon', 'Incheon', 'AF', '7323842.77368'),
(269, '35.2', '128.56666666666666', '', 'Point', 'Korea, Republic of', '123-----', 'KRMAS', 'Masan', 'Masan', 'AF', '292464'),
(270, '34.8', '126.38333333333334', '', 'Point', 'Korea, Republic of', '123-----', 'KRMOK', 'Mokpo', 'Mokpo', 'AF', '64792'),
(271, '36.03333333333333', '129.36666666666667', '', 'Point', 'Korea, Republic of', '1234----', 'KRKPO', 'Pohang', 'Pohang', 'AF', '704296.6666100001'),
(272, '36.96666666666667', '127.1', '', 'Point', 'Korea, Republic of', '123--6--', 'KRPTK', 'Pyeongtaek', 'Pyeongtaek', 'AF', '201565.00002000004'),
(273, '35.53333333333333', '129.31666666666666', '', 'Point', 'Korea, Republic of', '1234----', 'KRUSN', 'Ulsan', 'Ulsan', 'AF', '4923083.74997'),
(274, '29.033333333333335', '48.13333333333333', '', 'Point', 'Kuwait', '1-3--6--', 'KWSAA', 'Shuaiba', 'Shuaiba', 'RL', '770515'),
(275, '29.35', '47.93333333333333', '', 'Point', 'Kuwait', '1-------', 'KWSWK', 'Shuwaikh', 'Shuwaikh', 'RL', '272129'),
(276, '19.3', '-81.38333333333334', '', 'Point', 'Cayman Islands', '1-34----', 'KYGEC', 'Georgetown, Grand Cayman', 'Georgetown, Grand Cayman', 'AI', '20059'),
(277, '33.833333333333336', '35.483333333333334', '', 'Point', 'Lebanon', '1--45---', 'LBBEY', 'Beirut', 'Beirut', 'AI', '8332419.504399998'),
(278, '14.016666666666667', '-60.96666666666667', '', 'Point', 'Saint Lucia', '1-3-----', 'LCCAS', 'Castries', 'Castries', 'RL', '395089.06669'),
(279, '6.916666666666667', '79.85', '', 'Point', 'Sri Lanka', '12345---', 'LKCMB', 'Colombo', 'Colombo', 'AI', '40970827.24107001'),
(280, '6.3', '-10.8', '', 'Point', 'Liberia', '1-345---', 'LRMLW', 'Monrovia', 'Monrovia', 'AI', '467272.0000200001'),
(281, '32.65', '14.266666666666667', '', 'Point', 'Libya', '1-3-----', 'LYKHO', 'Al Khums', 'Al Khums', 'RL', '230254.00001'),
(282, '33.583333333333336', '-7.6', '', 'Point', 'Morocco', '1--45---', 'MACAS', 'Casablanca', 'Casablanca', 'AI', '2434027.9715000005'),
(283, '45.46666666666667', '28.183333333333334', '', 'Point', 'Moldova, Republic of', '1-3-----', 'MDGIU', 'Giurgiulesti', 'Giurgiulesti', 'RL', '1560'),
(284, '42.083333333333336', '19.083333333333332', '', 'Point', 'Montenegro', '123-----', 'MEBAR', 'Bar', 'Bar', 'RL', '257803'),
(285, '-25.066666666666666', '46.95', '', 'Point', 'Madagascar', '1-------', 'MGEHL', 'Ehoala', 'Ehoala', 'RL', '19864'),
(286, '-13.333333333333334', '48.25', '', 'Point', 'Madagascar', '1-34----', 'MGNOS', 'Nosy-Be', 'Nosy-Be', 'AI', '60888'),
(287, '7.1', '171.38333333333333', '', 'Point', 'Marshall Islands', '1--4----', 'MHMAJ', 'Majuro', 'Majuro', 'AI', '238090.66668200004'),
(288, '16.65', '96.25', '', 'Point', 'Myanmar', '123-----', 'MMTLA', 'Thilawa', 'Thilawa', 'RL', '629785.0000199999'),
(289, '16.65', '96.25', '', 'Point', 'Myanmar', '123-----', 'MMTLA', 'Thilawa', 'Thilawa', 'RL', '629785.0000199999'),
(290, '35.833333333333336', '14.533333333333333', '', 'Point', 'Malta', '1-------', 'MTMAR', 'Marsaxlokk', 'Marsaxlokk', 'AA', '12264680.76361'),
(291, '-19.683333333333334', '63.416666666666664', '', 'Point', 'Mauritius', '1-3-----', 'MUPMA', 'Port Mathurin', 'Port Mathurin', 'RL', '3451.5'),
(292, '4.166666666666667', '73.5', '', 'Point', 'Maldives', '1--45---', 'MVMLE', 'Male', 'Male', 'AI', '224938.42858000004'),
(293, '22.4', '-97.91666666666667', '', 'Point', 'Mexico', '1-3-----', 'MXATM', 'Altamira', 'Altamira', 'RL', '6907067.843176002'),
(294, '18.133333333333333', '-94.4', '', 'Point', 'Mexico', '1--4----', 'MXCOA', 'Coatzacoalcos', 'Coatzacoalcos', 'AI', '9100'),
(295, '31.85', '-116.6', '', 'Point', 'Mexico', '1--4----', 'MXESE', 'Ensenada', 'Ensenada', 'AI', '3482019.6660800003'),
(296, '27.916666666666668', '-110.88333333333334', '', 'Point', 'Mexico', '1--4----', 'MXGYM', 'Guaymas', 'Guaymas', 'AI', '15320'),
(297, '17.95', '-102.18333333333334', '', 'Point', 'Mexico', '1-------', 'MXLZC', 'L�zaro C�rdenas', 'Lazaro Cardenas', 'AI', '9280527.09983'),
(298, '19.05', '-104.3', '', 'Point', 'Mexico', '1-34----', 'MXZLO', 'Manzanillo', 'Manzanillo', 'AI', '14861828.233399997'),
(299, '23.4', '-106.4', '', 'Point', 'Mexico', '1--4----', 'MXMZT', 'Mazatlan', 'Mazatlan', 'AI', '258563'),
(300, '18.183333333333334', '-92.2', '', 'Point', 'Mexico', '--3-----', 'MXPRO', 'Paraiso', 'Paraiso', 'RL', '771394.2'),
(301, '14.716666666666667', '-92.41666666666667', '', 'Point', 'Mexico', '1-3-----', 'MXPMD', 'Puerto Madero', 'Puerto Madero', 'AI', '82680'),
(302, '20.833333333333332', '-86.86666666666666', '', 'Point', 'Mexico', '1-3-----', 'MXPMS', 'Puerto Morelos', 'Puerto Morelos', 'RL', '13533'),
(303, '22.25', '-97.86666666666666', '', 'Point', 'Mexico', '1--4----', 'MXTAM', 'Tampico', 'Tampico', 'AI', '33951'),
(304, '20.95', '-97.4', '', 'Point', 'Mexico', '1-------', 'MXTUX', 'Tuxpan', 'Tuxpan', 'AI', '21541'),
(305, '19.2', '-96.08333333333333', '', 'Point', 'Mexico', '1-345---', 'MXVER', 'Veracruz', 'Veracruz', 'AI', '8795504.270856'),
(306, '5.416666666666667', '100.31666666666666', '', 'Point', 'Malaysia', '1--4----', 'MYPEN', 'Penang (Georgetown)', 'Penang (Georgetown)', 'AI', '3938506'),
(307, '3', '101.4', '', 'Point', 'Malaysia', '123-5---', 'MYPKG', 'Port Klang (Pelabuhan Klang)', 'Port Klang (Pelabuhan Klang)', 'RL', '58866748.817210026'),
(308, '1.366666666666667', '103.55', '', 'Point', 'Malaysia', '123-----', 'MYTPP', 'Tanjung Pelepas', 'Tanjung Pelepas', 'RL', '36861511.88853998'),
(309, '-26.65', '15.166666666666666', '', 'Point', 'Namibia', '1--4----', 'NALUD', 'L�deritz', 'Luderitz', 'AI', '43992'),
(310, '-22.266666666666666', '166.45', '', 'Point', 'New Caledonia', '1--45---', 'NCNOU', 'Noum�a', 'Noumea', 'AI', '1152154.3332800004'),
(311, '-22.266666666666666', '166.45', '', 'Point', 'New Caledonia', '1--45---', 'NCNOU', 'Noum�a', 'Noumea', 'AI', '1152154.3332800004'),
(312, '6.45', '3.1', '', 'Point', 'Nigeria', '--3-----', 'NGLKK', 'Lekki', 'Lekki', 'RL', '23036'),
(313, '4.716666666666667', '7.15', '', 'Point', 'Nigeria', '1-3-----', 'NGONN', 'Onne', 'Onne', 'RL', '1341939.73318'),
(314, '12.15', '-84.21666666666667', '', 'Point', 'Nicaragua', '1-3--6--', 'NIRAM', 'Rama', 'Rama', 'RL', '9106.5'),
(315, '52.4', '4.816666666666666', '', 'Point', 'Netherlands', '12345---', 'NLAMS', 'Amsterdam', 'Amsterdam', 'AF', '87949.33333499999'),
(316, '51.88333333333333', '4.283333333333333', '', 'Point', 'Netherlands', '1-3-----', 'NLBOT', 'Botlek', 'Botlek', 'AF', '33735'),
(317, '52.46666666666667', '4.6', '', 'Point', 'Netherlands', '123-----', 'NLIJM', 'IJmuiden/Velsen', 'IJmuiden/Velsen', 'AF', '9516'),
(318, '51.68333333333333', '4.566666666666666', '', 'Point', 'Netherlands', '123-----', 'NLMOE', 'Moerdijk', 'Moerdijk', 'AF', '172497'),
(319, '51.916666666666664', '4.5', '', 'Point', 'Netherlands', '12345---', 'NLRTM', 'Rotterdam', 'Rotterdam', 'AF', '60986246.19882'),
(320, '51.46666666666667', '3.816666666666666', '', 'Point', 'Netherlands', '1-3-----', 'NLTNZ', 'Terneuzen', 'Terneuzen', 'AF', '24232'),
(321, '51.45', '3.7', '', 'Point', 'Netherlands', '123-----', 'NLVLI', 'Vlissingen', 'Vlissingen', 'AF', '935022.4000120001'),
(322, '62.46666666666667', '6.15', '', 'Point', 'Norway', '1-34----', 'NOAES', '�lesund', 'Alesund', 'AF', '450729.5'),
(323, '61.233333333333334', '7.7', '', 'Point', 'Norway', '1-3-----', 'NOARD', '�rdalstangen', 'Ardalstangen', 'AA', '23400'),
(324, '63.05', '7.666666666666667', '', 'Point', 'Norway', '1-------', 'NOAVE', 'Aver�y', 'Averoy', 'AA', '34164'),
(325, '60.38333333333333', '5.316666666666666', '', 'Point', 'Norway', '1234----', 'NOBGO', 'Bergen', 'Bergen', 'AA', '330739.5'),
(326, '67.28333333333333', '14.366666666666667', '', 'Point', 'Norway', '1234----', 'NOBOO', 'Bod�', 'Bodo', 'AA', '9516'),
(327, '59.05', '9.7', '', 'Point', 'Norway', '1-3-----', 'NOBVK', 'Brevik', 'Brevik', 'AA', '50128'),
(328, '59.733333333333334', '10.233333333333333', '', 'Point', 'Norway', '123-----', 'NODRM', 'Drammen', 'Drammen', 'AA', '145713'),
(329, '58.45', '6', '', 'Point', 'Norway', '1-3-----', 'NOEGE', 'Egersund', 'Egersund', 'AA', '142428'),
(330, '61.6', '5.016666666666667', '', 'Point', 'Norway', '1-34----', 'NOFRO', 'Flor�', 'Floro', 'AA', '203580'),
(331, '59.2', '10.916666666666666', '', 'Point', 'Norway', '123-----', 'NOFRK', 'Fredrikstad', 'Fredrikstad', 'AA', '111033'),
(332, '60.2', '5.616666666666667', '', 'Point', 'Norway', '1-------', 'NOFUS', 'Fusa', 'Fusa', 'AA', '99528'),
(333, '66.8', '13.933333333333334', '', 'Point', 'Norway', '1-3-----', 'NOGLO', 'Glomfjord', 'Glomfjord', 'AA', '34164'),
(334, '70.65', '23.666666666666668', '', 'Point', 'Norway', '1-34----', 'NOHFT', 'Hammerfest', 'Hammerfest', 'AA', '9516'),
(335, '68.78333333333333', '16.533333333333335', '', 'Point', 'Norway', '1-3-----', 'NOHRD', 'Harstad', 'Harstad', 'AA', '9516'),
(336, '59.4', '5.25', '', 'Point', 'Norway', '1-34----', 'NOHAU', 'Haugesund', 'Haugesund', 'AA', '337486.5'),
(337, '59.3', '5.316666666666666', '', 'Point', 'Norway', '1-3-----', 'NOHVI', 'H�vik', 'Havik', 'AA', '116610'),
(338, '59.6', '9.183333333333334', '', 'Point', 'Norway', '--3-----', 'NOHLA', 'Holla', 'Holla', 'RL', '45630'),
(339, '61.21666666666667', '6.05', '', 'Point', 'Norway', '1-3-----', 'NOHYR', 'H�yanger', 'Hoyanger', 'AA', '39357.5'),
(340, '59.233333333333334', '10.45', '', 'Point', 'Norway', '1-3-----', 'NOHOY', 'Hus�y - T�nsberg', 'Husoy - Tonsberg', 'AA', '17160'),
(341, '62.38333333333333', '6.55', '', 'Point', 'Norway', '1-3-----', 'NOIKR', 'Ikornnes', 'Ikornnes', 'AA', '69888'),
(342, '58.13333333333333', '7.983333333333333', '', 'Point', 'Norway', '123-----', 'NOKRS', 'Kristiansand', 'Kristiansand', 'AA', '86460'),
(343, '59.03333333333333', '10.016666666666667', '', 'Point', 'Norway', '123-----', 'NOLAR', 'Larvik', 'Larvik', 'AA', '123903'),
(344, '61.93333333333333', '5.1', '', 'Point', 'Norway', '1-3-----', 'NOMAY', 'M�l�y', 'Maloy', 'AF', '347613.5'),
(345, '62.733333333333334', '7.15', '', 'Point', 'Norway', '1-34----', 'NOMOL', 'Molde', 'Molde', 'AA', '9516'),
(346, '65.83333333333333', '13.2', '', 'Point', 'Norway', '1234----', 'NOMJF', 'Mosj�en', 'Mosjoen', 'AF', '42276'),
(347, '59.416666666666664', '10.65', '', 'Point', 'Norway', '123-----', 'NOMSS', 'Moss', 'Moss', 'AA', '51012'),
(348, '60.06666666666667', '6.533333333333333', '', 'Point', 'Norway', '1-3-----', 'NOODD', 'Odda', 'Odda', 'AA', '19240'),
(349, '63.31666666666667', '9.833333333333334', '', 'Point', 'Norway', '1-3-----', 'NOORK', 'Orkanger', 'Orkanger', 'AA', '132567.5'),
(350, '59.9', '10.733333333333333', '', 'Point', 'Norway', '12345---', 'NOOSL', 'Oslo', 'Oslo', 'AA', '370877'),
(351, '67.36666666666666', '15.583333333333334', '', 'Point', 'Norway', '1-3-----', 'NOSAT', 'Salten', 'Salten', 'AA', '34164'),
(352, '58.96666666666667', '5.75', '', 'Point', 'Norway', '1234----', 'NOSVG', 'Stavanger', 'Stavanger', 'AI', '99528'),
(353, '68.56666666666666', '14.9', '', 'Point', 'Norway', '1-34----', 'NOSKN', 'Stokmarknes', 'Stokmarknes', 'AA', '34164'),
(354, '62.666666666666664', '8.55', '', 'Point', 'Norway', '1-3-----', 'NOSUN', 'Sunndals�ra', 'Sunndalsora', 'AF', '107250'),
(355, '61.766666666666666', '5.283333333333333', '', 'Point', 'Norway', '1-3-----', 'NOSVE', 'Svelgen', 'Svelgen', 'AA', '34164'),
(356, '68.21666666666667', '14.55', '', 'Point', 'Norway', '1-34----', 'NOSVJ', 'Svolv�r', 'Svolvar', 'AA', '9516'),
(357, '58.916666666666664', '5.583333333333333', '', 'Point', 'Norway', '1-3-----', 'NOTAE', 'Tananger', 'Tananger', 'AA', '348445.5'),
(358, '69.66666666666667', '18.966666666666665', '', 'Point', 'Norway', '1-34----', 'NOTOS', 'Troms�', 'Tromso', 'AI', '9516'),
(359, '63.43333333333333', '10.4', '', 'Point', 'Norway', '1234----', 'NOTRD', 'Trondheim', 'Trondheim', 'AA', '9516'),
(360, '-0.55', '166.91666666666666', '', 'Point', 'Nauru', '1--45---', 'NRINU', 'Nauru Island', 'Nauru Island', 'AI', '3756'),
(361, '-36.833333333333336', '174.8', '', 'Point', 'New Zealand', '12345---', 'NZAKL', 'Auckland', 'Auckland', 'AC', '3839723.354839999'),
(362, '-46.6', '168.31666666666666', '', 'Point', 'New Zealand', '123-----', 'NZBLU', 'Bluff', 'Bluff', 'AC', '537012.66663'),
(363, '-43.6', '172.71666666666667', '', 'Point', 'New Zealand', '1-3-----', 'NZLYT', 'Lyttelton', 'Lyttelton', 'AC', '2992885.6903999997'),
(364, '-35.833333333333336', '174.5', '', 'Point', 'New Zealand', '1-3-----', 'NZMAP', 'Marsden Point', 'Marsden Point', 'AC', '722904.00003'),
(365, '-39.46666666666667', '176.9', '', 'Point', 'New Zealand', '1--4----', 'NZNPE', 'Napier', 'Napier', 'AC', '3423163.569289999'),
(366, '-41.25', '173.26666666666668', '', 'Point', 'New Zealand', '1-34----', 'NZNSN', 'Nelson', 'Nelson', 'AC', '1229461.9998700004'),
(367, '-45.81666666666667', '170.6', '', 'Point', 'New Zealand', '1-------', 'NZPOE', 'Port Chalmers', 'Port Chalmers', 'AC', '1736542.9262700006'),
(368, '-37.68333333333333', '176.16666666666666', '', 'Point', 'New Zealand', '1234----', 'NZTRG', 'Tauranga', 'Tauranga', 'AI', '6568750.56919'),
(369, '-44.38333333333333', '171.25', '', 'Point', 'New Zealand', '1234----', 'NZTIU', 'Timaru', 'Timaru', 'AC', '1399570.2597300003'),
(370, '-41.266666666666666', '174.78333333333333', '', 'Point', 'New Zealand', '1234----', 'NZWLG', 'Wellington', 'Wellington', 'AC', '1605903.30931'),
(371, '9.35', '-79.86666666666666', '', 'Point', 'Panama', '1-345---', 'PAONX', 'Col�n', 'Colon', 'AI', '5425996.688040001'),
(372, '9.35', '-79.9', '', 'Point', 'Panama', '1-------', 'PACTB', 'Crist�bal', 'Cristobal', 'AI', '7696418.251089999'),
(373, '8.966666666666667', '-79.53333333333333', '', 'Point', 'Panama', '1-345---', 'PAPTY', 'Panam�, Ciudad de', 'Panama, Ciudad de', 'AI', '13494'),
(374, '8.95', '-79.56666666666666', '', 'Point', 'Panama', '1-------', 'PAROD', 'Rodman', 'Rodman', 'RL', '4784764.0453200005'),
(375, '-16.45', '-151.75', '', 'Point', 'French Polynesia', '1--4----', 'PFBOB', 'Bora Bora', 'Bora Bora', 'AI', '726.75'),
(376, '-17.55', '-149.61666666666667', '', 'Point', 'French Polynesia', '1--45---', 'PFPPT', 'Papeete', 'Papeete', 'AI', '1092395.0833000003'),
(377, '-5.216666666666667', '145.78333333333333', '', 'Point', 'Papua New Guinea', '1--4----', 'PGMAG', 'Madang', 'Madang', 'AI', '168130'),
(378, '-9.433333333333334', '147.1', '', 'Point', 'Papua New Guinea', '1-------', 'PGMTK', 'Motukea Island', 'Motukea Island', 'RL', '301007.5');
INSERT INTO `ports` (`id`, `latitude`, `longitude`, `altitude`, `geometry`, `country`, `function`, `locode`, `name`, `nameWoDiac`, `status`, `outflows`) VALUES
(379, '13.75', '121.05', '', 'Point', 'Philippines', '1-3--6--', 'PHBTG', 'Batangas/Luzon', 'Batangas/Luzon', 'AI', '1811559.5'),
(380, '6.116666666666666', '125.15', '', 'Point', 'Philippines', '1-34----', 'PHGES', 'General Santos', 'General Santos', 'AI', '925870.83341'),
(381, '8.533333333333333', '124.75', '', 'Point', 'Philippines', '1-3-----', 'PHTGO', 'Tagoloan', 'Tagoloan', 'RL', '12150'),
(382, '54.5', '18.55', '', 'Point', 'Poland', '123-----', 'PLGDY', 'Gdynia', 'Gdynia', 'RL', '1377819.1666200003'),
(383, '53.9', '14.25', '', 'Point', 'Poland', '123-----', 'PLSWI', 'Swinoujscie', 'Swinoujscie', 'RL', '16263'),
(384, '18.45', '-66.08333333333333', '', 'Point', 'Puerto Rico', '1--45---', 'PRSJU', 'San Juan', 'San Juan', 'AI', '914875.50003'),
(385, '32.733333333333334', '-16.733333333333334', '', 'Point', 'Portugal', '1-3-----', 'PTCNL', 'Cani�al', 'Canical', 'RL', '70018'),
(386, '40.15', '-8.866666666666667', '', 'Point', 'Portugal', '123-----', 'PTFDF', 'Figueira da Foz', 'Figueira da Foz', 'AI', '26754'),
(387, '38.53333333333333', '-28.633333333333333', '', 'Point', 'Portugal', '1-34----', 'PTHOR', 'Horta', 'Horta', 'AI', '32292'),
(388, '41.18333333333333', '-8.683333333333334', '', 'Point', 'Portugal', '123-----', 'PTLEI', 'Leix�es', 'Leixoes', 'AI', '1619530.783304'),
(389, '38.71666666666667', '-9.133333333333333', '', 'Point', 'Portugal', '12345---', 'PTLIS', 'Lisboa', 'Lisboa', 'AI', '1373631.1667299997'),
(390, '41.68333333333333', '-8.416666666666666', '', 'Point', 'Portugal', '--3-----', 'PTPIC', 'Pico', 'Pico', 'RL', '23192'),
(391, '37.733333333333334', '-25.666666666666668', '', 'Point', 'Portugal', '1-345---', 'PTPDL', 'Ponta Delgada', 'Ponta Delgada', 'AI', '109096'),
(392, '33.06666666666667', '-16.333333333333332', '', 'Point', 'Portugal', '1--4---B', 'PTPXO', 'Porto Santo Island', 'Porto Santo Island', 'AI', '28236'),
(393, '39.05', '-27.966666666666665', '', 'Point', 'Portugal', '1-3-----', 'PTPRG', 'Praia da Graciosa', 'Praia da Graciosa', 'AI', '19500'),
(394, '38.733333333333334', '-27.066666666666666', '', 'Point', 'Portugal', '1-3-----', 'PTPRV', 'Praia da Vit�ria', 'Praia da Vitoria', 'AI', '109096'),
(395, '39.45', '-31.116666666666667', '', 'Point', 'Portugal', '1-3-----', 'PTSCF', 'Santa Cruz das Flores', 'Santa Cruz das Flores', 'RL', '16146'),
(396, '38.53333333333333', '-8.9', '', 'Point', 'Portugal', '123-----', 'PTSET', 'Set�bal', 'Setubal', 'AI', '443319.5'),
(397, '37.95', '-8.866666666666667', '', 'Point', 'Portugal', '1234----', 'PTSIE', 'Sines', 'Sines', 'AI', '11424189.365200002'),
(398, '38.68333333333333', '-28.216666666666665', '', 'Point', 'Portugal', '1-3-----', 'PTVEL', 'Velas', 'Velas', 'AI', '47190'),
(399, '36.93333333333333', '-25.15', '', 'Point', 'Portugal', '1-3-----', 'PTVDP', 'Vila do Porto', 'Vila do Porto', 'RL', '13468'),
(400, '-25.266666666666666', '-57.666666666666664', '', 'Point', 'Paraguay', '1--45---', 'PYASU', 'Asunci�n', 'Asuncion', 'AI', '13793'),
(401, '25', '51.61666666666667', '', 'Point', 'Qatar', '1-------', 'QAHMD', 'BGN/PCGN1956 - HAMAD', 'BGN/PCGN1956 - HAMAD', 'RL', '11570563.360890001'),
(402, '25.633333333333333', '51.916666666666664', '', 'Point', 'Qatar', '1----6--', 'QAMES', 'Mesaieed', 'Mesaieed', 'RQ', '87230'),
(403, '44.18333333333333', '28.65', '', 'Point', 'Romania', '1234-6--', 'ROCND', 'Constanta', 'Constanta', 'AI', '4202750.066810001'),
(404, '59.9', '29.733333333333334', '', 'Point', 'Russian Federation', '123-----', 'RUBRK', 'Lomonosov', 'Lomonosov', 'RL', '172926'),
(405, '44.71666666666667', '37.766666666666666', '', 'Point', 'Russian Federation', '123--6--', 'RUNVS', 'Novorossiysk', 'Novorossiysk', 'RL', '2856095.6668099994'),
(406, '59.88333333333333', '30.25', '', 'Point', 'Russian Federation', '12345---', 'RULED', 'Saint Petersburg (ex Leningrad)', 'Saint Petersburg (ex Leningrad)', 'AI', '2197863.904679'),
(407, '59.666666666666664', '28.316666666666666', '', 'Point', 'Russian Federation', '123-----', 'RUULU', 'Ust\'-Luga', 'Ust\'-Luga', 'RL', '217892.99998'),
(408, '42.766666666666666', '133.05', '', 'Point', 'Russian Federation', '1-------', 'RUVYP', 'Vostochnyy Port', 'Vostochnyy Port', 'RL', '694044.0000000001'),
(409, '42.61666666666667', '131.08333333333334', '', 'Point', 'Russian Federation', '1-------', 'RUZAR', 'Zarubino', 'Zarubino', 'RL', '8476'),
(410, '26.416666666666668', '50.1', '', 'Point', 'Saudi Arabia', '12345---', 'SADMM', 'Ad Dammam', 'Ad Dammam', 'RL', '11255729.646892'),
(411, '21.533333333333335', '39.166666666666664', '', 'Point', 'Saudi Arabia', '1--45---', 'SAJED', 'Jeddah', 'Jeddah', 'AI', '28479677.91178001'),
(412, '22.4', '39.083333333333336', '', 'Point', 'Saudi Arabia', '1-3-----', 'SAKAC', 'King Abdullah City', 'King Abdullah City', 'RQ', '13582128.147299998'),
(413, '24.083333333333332', '38.03333333333333', '', 'Point', 'Saudi Arabia', '1-34----', 'SAYNB', 'Yanbu al-Bahr', 'Yanbu al-Bahr', 'AI', '49257'),
(414, '55.916666666666664', '14.283333333333333', '', 'Point', 'Sweden', '123-----', 'SEAHU', '�hus', 'Ahus', 'AA', '33696'),
(415, '60.666666666666664', '17.166666666666668', '', 'Point', 'Sweden', '1--4----', 'SEGVX', 'G�vle', 'Gavle', 'AA', '278876'),
(416, '57.71666666666667', '11.966666666666667', '', 'Point', 'Sweden', '12345---', 'SEGOT', 'G�teborg', 'Goteborg', 'AA', '3614371.42828'),
(417, '56.666666666666664', '12.85', '', 'Point', 'Sweden', '1234----', 'SEHAD', 'Halmstad', 'Halmstad', 'AA', '48750'),
(418, '59.36666666666667', '13.5', '', 'Point', 'Sweden', '1--4----', 'SEKSD', 'Karlstad', 'Karlstad', 'AA', '3312'),
(419, '58.6', '16.183333333333334', '', 'Point', 'Sweden', '1234----', 'SENRK', 'Norrk�ping', 'Norrkoping', 'AA', '296309'),
(420, '57.266666666666666', '16.433333333333334', '', 'Point', 'Sweden', '123-----', 'SEOSK', 'Oskarshamn', 'Oskarshamn', 'AA', '84688.5'),
(421, '58.666666666666664', '17.1', '', 'Point', 'Sweden', '123-----', 'SEOXE', 'Oxel�sund', 'Oxelosund', 'AA', '73031.83333499999'),
(422, '65.33333333333333', '21.5', '', 'Point', 'Sweden', '123-----', 'SEPIT', 'Pite�', 'Pitea', 'AA', '67392'),
(423, '59.2', '17.616666666666667', '', 'Point', 'Sweden', '123--6--', 'SESOE', 'S�dert�lje', 'Sodertalje', 'AA', '54799.333335'),
(424, '59.333333333333336', '18.05', '', 'Point', 'Sweden', '12345---', 'SESTO', 'Stockholm', 'Stockholm', 'AA', '227955'),
(425, '62.38333333333333', '17.3', '', 'Point', 'Sweden', '1-34----', 'SESDL', 'Sundsvall', 'Sundsvall', 'AA', '51928.5'),
(426, '63.833333333333336', '20.25', '', 'Point', 'Sweden', '1234----', 'SEUME', 'Ume�', 'Umea', 'AI', '51928.5'),
(427, '59.61666666666667', '16.55', '', 'Point', 'Sweden', '1234----', 'SEVST', 'V�ster�s', 'Vasteras', 'AA', '21103.333335000003'),
(428, '35.516666666666666', '35.78333333333333', '', 'Point', 'Syrian Arab Republic', '1--4----', 'SYLTK', 'Latakia', 'Latakia', 'AI', '719300'),
(429, '34.9', '35.9', '', 'Point', 'Syrian Arab Republic', '1-3-----', 'SYTTS', 'Tartus', 'Tartus', 'RL', '103493'),
(430, '13.75', '100.51666666666667', '', 'Point', 'Thailand', '12345---', 'THBKK', 'Bangkok', 'Bangkok', 'AI', '4526246.83351'),
(431, '13.083333333333334', '100.88333333333334', '', 'Point', 'Thailand', '1-3-----', 'THLCH', 'Laem Chabang', 'Laem Chabang', 'RL', '21757591.196550008'),
(432, '8.116666666666667', '98.31666666666666', '', 'Point', 'Thailand', '---4----', 'THHKT', 'Phuket International Apt', 'Phuket International Apt', 'AA', '44898.75'),
(433, '13.65', '100.53333333333333', '', 'Point', 'Thailand', '1-3-----', 'THSCS', 'Sahathai Coastal Seaport', 'Sahathai Coastal Seaport', 'RQ', '91563.33335'),
(434, '-8.55', '125.56666666666666', '', 'Point', 'Timor-Leste', '1-34----', 'TLDIL', 'Dili', 'Dili', 'RL', '34187.75'),
(435, '-21.133333333333333', '-175.2', '', 'Point', 'Tonga', '1--45---', 'TOTBU', 'Nuku\'alofa', 'Nuku\'alofa', 'AI', '178599.5'),
(436, '41.03333333333333', '39.166666666666664', '', 'Point', 'Turkey', '--3-----', 'TRPAM', 'Ambarli', 'Ambarli', 'RL', '14411413.266529994'),
(437, '36.833333333333336', '30.6', '', 'Point', 'Turkey', '1234----', 'TRAYT', 'Antalya', 'Antalya', 'AI', '111670'),
(438, '40.35', '27.966666666666665', '', 'Point', 'Turkey', '1234----', 'TRBDM', 'Bandirma', 'Bandirma', 'AI', '19968'),
(439, '37.5', '34.05', '', 'Point', 'Turkey', '--3-----', 'TRELI', 'Eregli', 'Eregli', 'RL', '46215'),
(440, '40.766666666666666', '29.7', '', 'Point', 'Turkey', '123-----', 'TREYP', 'Evyap Port /Kocaeli', 'Evyap Port /Kocaeli', 'RL', '2234864.6663'),
(441, '40.78333333333333', '29.416666666666668', '', 'Point', 'Turkey', '123-----', 'TRGEB', 'Gebze', 'Gebze', 'RL', '3850254.1414999994'),
(442, '40.416666666666664', '29.15', '', 'Point', 'Turkey', '1-------', 'TRGEM', 'Gemlik', 'Gemlik', 'RL', '5852461.241410001'),
(443, '36.583333333333336', '36.166666666666664', '', 'Point', 'Turkey', '123-----', 'TRISK', 'Iskenderun', 'Iskenderun', 'RL', '5577045.5832400005'),
(444, '38.416666666666664', '27.15', '', 'Point', 'Turkey', '12345---', 'TRIZM', 'Izmir', 'Izmir', 'AI', '3559402.8750300007'),
(445, '40.78333333333333', '29.95', '', 'Point', 'Turkey', '123-----', 'TRIZT', 'Izmit', 'Izmit', 'RL', '8619638.166509997'),
(446, '40.95', '28.816666666666666', '', 'Point', 'Turkey', '123-----', 'TRKMX', 'Kumport', 'Kumport', 'RQ', '829400'),
(447, '38.75', '26.916666666666668', '', 'Point', 'Turkey', '1-------', 'TRLMA', 'Limas', 'Limas', 'RQ', '31720'),
(448, '41.016666666666666', '28.95', '', 'Point', 'Turkey', '123-----', 'TRMAD', 'Mardas', 'Mardas', 'RQ', '103532'),
(449, '36.71666666666667', '34.63333333333333', '', 'Point', 'Turkey', '123-----', 'TRMER', 'Mersin', 'Mersin', 'RL', '9929684.132790001'),
(450, '41.28333333333333', '36.333333333333336', '', 'Point', 'Turkey', '1--4----', 'TRSSX', 'Samsun', 'Samsun', 'AI', '105306.5'),
(451, '40.96666666666667', '27.516666666666666', '', 'Point', 'Turkey', '1234----', 'TRTEK', 'Tekirdag', 'Tekirdag', 'AI', '4941615.374979999'),
(452, '41', '39.733333333333334', '', 'Point', 'Turkey', '1-34----', 'TRTZX', 'Trabzon', 'Trabzon', 'AI', '14760'),
(453, '40.766666666666666', '29.533333333333335', '', 'Point', 'Turkey', '1-3-----', 'TRYPO', 'Yilport', 'Yilport', 'RL', '253751.33331'),
(454, '10.65', '-61.516666666666666', '', 'Point', 'Trinidad and Tobago', '1--45---', 'TTPOS', 'Port-of-Spain', 'Port-of-Spain', 'AI', '1136813'),
(455, '10.65', '-61.516666666666666', '', 'Point', 'Trinidad and Tobago', '1--45---', 'TTPOS', 'Port-of-Spain', 'Port-of-Spain', 'AI', '1136813'),
(456, '25.033333333333335', '121.51666666666667', '', 'Point', 'Taiwan, Province of China', '1--45---', 'TWTPE', 'Taipei', 'Taipei', 'AI', '10793107.077210007'),
(457, '-6.8', '39.28333333333333', '', 'Point', 'Tanzania, United Republic of', '12345---', 'TZDAR', 'Dar es Salaam', 'Dar es Salaam', 'AI', '1404403.5674399997'),
(458, '46.31666666666667', '30.666666666666668', '', 'Point', 'Ukraine', '123-----', 'UAILK', 'Chornomorsk', 'Chornomorsk', 'AA', '1398819.49998'),
(459, '46.5', '30.75', '', 'Point', 'Ukraine', '1234-6--', 'UAODS', 'Odesa', 'Odesa', 'AA', '2843490.8999800007'),
(460, '46.6', '31.016666666666666', '', 'Point', 'Ukraine', '1-------', 'UAYUZ', 'Yuzhnyi', 'Yuzhnyi', 'AA', '1861645.5'),
(461, '39.28333333333333', '-76.61666666666666', '', 'Point', 'United States', '123-----', 'USBAL', 'Baltimore', 'Baltimore', 'RL', '6053080.24489'),
(462, '43.266666666666666', '-72.58333333333333', '', 'Point', 'United States', '-23-----', 'USACL', 'Chester', 'Chester', 'RL', '109902'),
(463, '44.91896389779203', '-67.0004603662156', '', 'Point', 'United States', '--3----B', 'USEPI', 'Eastport', 'Eastport', 'RN', '28364'),
(464, '30.666666666666668', '-81.45', '', 'Point', 'United States', '1-3-----', 'USFEB', 'Fernandina Beach', 'Fernandina Beach', 'RL', '2700'),
(465, '30.37815645773978', '-89.08490622032289', '', 'Point', 'United States', '--3--6--', 'USGFP', 'Gulfport', 'Gulfport', 'RQ', '179625.33335'),
(466, '21.3', '-157.85', '', 'Point', 'United States', '1-345---', 'USHNL', 'Honolulu', 'Honolulu', 'AI', '808514.83334'),
(467, '61.63333333333333', '-149.81666666666666', '', 'Point', 'United States', '-23--6--', 'USHKA', 'Houston', 'Houston', 'RL', '14456458.251239998'),
(468, '33.766666666666666', '-118.18333333333334', '', 'Point', 'United States', '1234----', 'USLGB', 'Long Beach', 'Long Beach', 'AI', '12114713.79308'),
(469, '40.7', '-74', '', 'Point', 'United States', '12345---', 'USNYC', 'New York', 'New York', 'AI', '27396473.86529'),
(470, '42', '-73.2', '', 'Point', 'United States', '--3--6--', 'USNFF', 'Norfolk', 'Norfolk', 'RL', '20779844.87701'),
(471, '37.932904795821436', '-122.22025462962964', '', 'Point', 'United States', '-23-----', 'USKND', 'Oakland', 'Oakland', 'RL', '17163885.23512'),
(472, '44.15', '-75.71666666666667', '', 'Point', 'United States', '-23--6--', 'USPDP', 'Philadelphia', 'Philadelphia', 'RL', '5743740.183582998'),
(473, '26.1', '-80.13333333333334', '', 'Point', 'United States', '1-34----', 'USPEF', 'Port Everglades', 'Port Everglades', 'RN', '3155879.738120001'),
(474, '34.13333333333333', '-119.18333333333334', '', 'Point', 'United States', '1234-6--', 'USNTD', 'Port Hueneme', 'Port Hueneme', 'AI', '585733.2'),
(475, '27.633333333333333', '-82.55', '', 'Point', 'United States', '1-3-----', 'USPME', 'Port Manatee', 'Port Manatee', 'RL', '88523.5'),
(476, '32.7', '-117.15', '', 'Point', 'United States', '1-34----', 'USSAN', 'San Diego', 'San Diego', 'AI', '60060'),
(477, '37.95', '-121.28333333333333', '', 'Point', 'United States', '1-34----', 'USSCK', 'Stockton', 'Stockton', 'AI', '27774'),
(478, '34.21666666666667', '-77.93333333333334', '', 'Point', 'United States', '1--4----', 'USILM', 'Wilmington', 'Wilmington', 'AI', '2749421.5816'),
(479, '-34.233333333333334', '-58.06666666666667', '', 'Point', 'Uruguay', '--3-----', 'UYPTP', 'Punta Pereyra', 'Punta Pereyra', 'RQ', '7800'),
(480, '13.133333333333333', '-61.21666666666667', '', 'Point', 'Saint Vincent and the Grenadines', '1--45---', 'VCKTN', 'Kingstown', 'Kingstown', 'RL', '225040.4'),
(481, '8.35', '-62.666666666666664', '', 'Point', 'Venezuela, Bolivarian Republic of', '1--4----', 'VEPLA', 'Pal�a', 'Palua', 'AI', '15540'),
(482, '17.75', '-64.75', '', 'Point', 'Virgin Islands, U.S.', '1-------', 'VICTD', 'Christiansted, Saint Croix', 'Christiansted, Saint Croix', 'AI', '11076'),
(483, '15.4', '108.7', '', 'Point', 'Viet Nam', '--3-----', 'VNC8Q', 'Chu Lai', 'Chu Lai', 'RL', '233142'),
(484, '16.066666666666666', '108.21666666666667', '', 'Point', 'Viet Nam', '1--4----', 'VNDAD', 'Da Nang', 'Da Nang', 'AI', '3019963.9167599995'),
(485, '10.766666666666667', '106.66666666666667', '', 'Point', 'Viet Nam', '1-3456--', 'VNSGN', 'Ho Chi Minh City', 'Ho Chi Minh City', 'AI', '12782452.750279998'),
(486, '19.333333333333332', '105.83333333333333', '', 'Point', 'Viet Nam', '1-3-----', 'VNNGH', 'Nghi Son', 'Nghi Son', 'RL', '43602'),
(487, '13.766666666666667', '109.21666666666667', '', 'Point', 'Viet Nam', '1-34----', 'VNUIH', 'Qui Nhon', 'Qui Nhon', 'AI', '418626'),
(488, '10.35', '107.06666666666666', '', 'Point', 'Viet Nam', '1-34----', 'VNVUT', 'Vung Tau', 'Vung Tau', 'RL', '21025136.034170005'),
(489, '-14.316666666666666', '-178.08333333333334', '', 'Point', 'Wallis and Futuna', '---4----', 'WFFUT', 'Vele Futuna I. Apt', 'Vele Futuna I. Apt', 'AI', '10200'),
(490, '-12.716666666666667', '45.166666666666664', '', 'Point', 'Mayotte', '1-3-----', 'YTLON', 'Longoni', 'Longoni', 'AA', '298158.99997999996'),
(491, '-33.916666666666664', '18.416666666666668', '', 'Point', 'South Africa', '12345---', 'ZACPT', 'Cape Town', 'Cape Town', 'AF', '4902763.6243'),
(492, '-33.766666666666666', '25.666666666666668', '', 'Point', 'South Africa', '-----6--', 'ZAZBA', 'Coega', 'Coega', 'RL', '3467734.66681'),
(493, '-29.85', '31.016666666666666', '', 'Point', 'South Africa', '12345---', 'ZADUR', 'Durban', 'Durban', 'AI', '8754191.121859998'),
(494, '25.40177', '55.47878', '', 'Point', 'United Arab Emirates', '1-3-----', 'AEAJM', 'Ajman', 'Ajman', 'RL', '73567'),
(495, '25.00255', '55.10811', '', 'Point', 'United Arab Emirates', '1-------', 'AEJEA', 'Jebel Ali', 'Jebel Ali', 'QQ', '44524119.850148'),
(496, '18.17648', '-63.09375', '', 'Point', 'Anguilla', '---45---', 'AIAXA', 'Anguilla', 'Anguilla', 'AI', '230958'),
(497, '41.32355', '19.45469', '', 'Point', 'Albania', '1-------', 'ALDRZ', 'Durr�s', 'Durres', 'RL', '134307'),
(498, '41.32355', '19.45469', '', 'Point', 'Albania', '1-------', 'ALDRZ', 'Durr�s', 'Durres', 'RL', '134307'),
(499, '-5.55', '12.2', '', 'Point', 'Angola', '1--4----', 'AOCAB', 'Cabinda', 'Cabinda', 'AI', '2673.25'),
(500, '-12.3644', '13.53601', '', 'Point', 'Angola', '1---5---', 'AOLOB', 'Lobito', 'Lobito', 'RL', '210369.4'),
(501, '-8.83682', '13.23432', '', 'Point', 'Angola', '1--45---', 'AOLAD', 'Luanda', 'Luanda', 'AI', '2439604.518850001'),
(502, '-5.396406481852449', '12.19802179783948', '', 'Point', 'Angola', '0-------', 'AOMAL', 'Malongo', 'Malongo', 'RQ', '8707.5'),
(503, '-15.19611', '12.15222', '', 'Point', 'Angola', '1--4----', 'AOMSZ', 'Namibe', 'Namibe', 'AI', '61242.5'),
(504, '-6.1349', '12.36894', '', 'Point', 'Angola', '1--4----', 'AOSZA', 'Soyo', 'Soyo', 'AI', '79583.4'),
(505, '-41.13', '146.87', '', 'Point', 'Australia', '123-----', 'AUBEL', 'Bell Bay', 'Bell Bay', 'AC', '537012.66663'),
(506, '-41.05584', '145.90375', '', 'Point', 'Australia', '1--4----', 'AUBWT', 'Burnie', 'Burnie', 'AC', '54600'),
(507, '-16.92366', '145.76613', '', 'Point', 'Australia', '1--4----', 'AUCNS', 'Cairns', 'Cairns', 'AC', '806'),
(508, '-20.66275', '116.71256', '', 'Point', 'Australia', '1-------', 'AUDAM', 'Dampier', 'Dampier', 'AC', '2273.75'),
(509, '-41.17695', '146.35152', '', 'Point', 'Australia', '1--4----', 'AUDPO', 'Devonport', 'Devonport', 'AC', '11960'),
(510, '-32.05632', '115.74557', '', 'Point', 'Australia', '1--4----', 'AUFRE', 'Fremantle', 'Fremantle', 'AC', '4485214.600379998'),
(511, '-38.14711', '144.36069', '', 'Point', 'Australia', '1--4----', 'AUGEX', 'Geelong', 'Geelong', 'AC', '3084'),
(512, '-32.92953', '151.7801', '', 'Point', 'Australia', '1--4----', 'AUNTL', 'Newcastle', 'Newcastle', 'AI', '69717'),
(513, '-33.97447', '151.22277', '', 'Point', 'Australia', '123-----', 'AUPBT', 'Port Botany', 'Port Botany', 'AC', '47151'),
(514, '-34.4818', '150.9012', '', 'Point', 'Australia', '1--4----', 'AUPKL', 'Port Kembla', 'Port Kembla', 'AC', '33267'),
(515, '-19.26639', '146.80569', '', 'Point', 'Australia', '1--4----', 'AUTSV', 'Townsville', 'Townsville', 'AI', '227206.58331800002'),
(516, '-12.62346', '141.87883', '', 'Point', 'Australia', '1--4----', 'AUWEI', 'Weipa', 'Weipa', 'AC', '806'),
(517, '12.52398', '-70.02703', '', 'Point', 'Aruba', '1---5---', 'AWORJ', 'Oranjestad', 'Oranjestad', 'AI', '721990.3'),
(518, '13.10732', '-59.62021', '', 'Point', 'Barbados', '1--45---', 'BBBGI', 'Bridgetown', 'Bridgetown', 'AI', '687251.0666899999'),
(519, '22.47223', '89.61095', '', 'Point', 'Bangladesh', '1-------', 'BDMGL', 'Mongla', 'Mongla', 'RQ', '65143'),
(520, '42.50606', '27.46781', '', 'Point', 'Bulgaria', '1-------', 'BGBOJ', 'Burgas', 'Burgas', 'AC', '535001.99998'),
(521, '43.21667', '27.91667', '', 'Point', 'Bulgaria', '1--4----', 'BGVAR', 'Varna', 'Varna', 'AI', '147810'),
(522, '6.36536', '2.41833', '', 'Point', 'Benin', '1--45---', 'BJCOO', 'Cotonou', 'Cotonou', 'AI', '4812454.664329999'),
(523, '32.2949', '-64.78303', '', 'Point', 'Bermuda', '1--45---', 'BMBDA', 'Hamilton', 'Hamilton', 'AI', '13100'),
(524, '-3.71722', '-38.54306', '', 'Point', 'Brazil', '1--4----', 'BRFOR', 'Fortaleza', 'Fortaleza', 'AI', '278482.75'),
(525, '-14.79364', '-39.03949', '', 'Point', 'Brazil', '1--4----', 'BRIOS', 'Ilheus', 'Ilheus', 'AI', '36877.75'),
(526, '-28.24', '-48.67028', '', 'Point', 'Brazil', '1-------', 'BRIBB', 'Imbituba', 'Imbituba', 'AI', '378681.33330999996'),
(527, '-26.90778', '-48.66194', '', 'Point', 'Brazil', '1--4----', 'BRITJ', 'Itajai', 'Itajai', 'AI', '4871215.699889999'),
(528, '-3.10194', '-60.025', '', 'Point', 'Brazil', '1--4----', 'BRMAO', 'Manaus', 'Manaus', 'AI', '1385527.97796'),
(529, '-5.795', '-35.20944', '', 'Point', 'Brazil', '1--4----', 'BRNAT', 'Natal', 'Natal', 'AI', '241605'),
(530, '-22.90642', '-43.18223', '', 'Point', 'Brazil', '1--4----', 'BRRIG', 'Rio Grande', 'Rio Grande', 'AI', '10184119.863509998'),
(531, '-12.97111', '-38.51083', '', 'Point', 'Brazil', '1--4----', 'BRSSA', 'Salvador', 'Salvador', 'AI', '8800539.57322'),
(532, '-12.74083', '-38.62083', '', 'Point', 'Brazil', '1-------', 'BRSUA', 'Suape', 'Suape', 'RQ', '5878585.39043'),
(533, '17.49952', '-88.19756', '', 'Point', 'Belize', '1--45---', 'BZBZE', 'Belize City', 'Belize City', 'AI', '469495'),
(534, '44.6464', '-63.57291', '', 'Point', 'Canada', '1--4----', 'CAHAL', 'Halifax', 'Halifax', 'AS', '4454972.467041'),
(535, '45.50884', '-73.58781', '', 'Point', 'Canada', '1--45---', 'CAMTR', 'Montreal', 'Montreal', 'AS', '2304234.075'),
(536, '49.20678', '-122.91092', '', 'Point', 'Canada', '1-------', 'CANWE', 'New Westminster', 'New Westminster', 'AS', '27774'),
(537, '54.31507', '-130.32098', '', 'Point', 'Canada', '1--4----', 'CAPRR', 'Prince Rupert', 'Prince Rupert', 'AS', '2510218.7498600003'),
(538, '50.11817', '-122.95396', '', 'Point', 'Canada', '1--4----', 'CASQA', 'Squamish', 'Squamish', 'AS', '9606'),
(539, '43.70011', '-79.4163', '', 'Point', 'Canada', '1--45---', 'CATOR', 'Toronto', 'Toronto', 'AS', '5720'),
(540, '49.24966', '-123.11934', '', 'Point', 'Canada', '1--45---', 'CAVAN', 'Vancouver', 'Vancouver', 'AS', '11959843.503790002'),
(541, '-18.85195', '-159.79293', '', 'Point', 'Cook Islands', '1--45---', 'CKAIT', 'Aitutaki', 'Aitutaki', 'AI', '40320'),
(542, '-21.2075', '-159.77545', '', 'Point', 'Cook Islands', '1--45---', 'CKRAR', 'Rarotonga', 'Rarotonga', 'AI', '41157'),
(543, '4.04827', '9.70428', '', 'Point', 'Cameroon', '1--45---', 'CMDLA', 'Douala', 'Douala', 'AI', '1089387.80006'),
(544, '2.93725', '9.90765', '', 'Point', 'Cameroon', '1--4----', 'CMKBI', 'Kribi', 'Kribi', 'AI', '1338743.54556'),
(545, '10.96854', '-74.78132', '', 'Point', 'Colombia', '1--45---', 'COBAQ', 'Barranquilla', 'Barranquilla', 'AI', '1238849.999953'),
(546, '3.8801', '-77.03116', '', 'Point', 'Colombia', '1--4----', 'COBUN', 'Buenaventura', 'Buenaventura', 'AI', '12125518.600159997'),
(547, '10.39972', '-75.51444', '', 'Point', 'Colombia', '1--4----', 'COCTG', 'Cartagena', 'Cartagena', 'AI', '16624367.157963'),
(548, '11.24079', '-74.19904', '', 'Point', 'Colombia', '1--4----', 'COSMR', 'Santa Marta', 'Santa Marta', 'AI', '1906046.5665720007'),
(549, '20.65776', '-74.95075', '', 'Point', 'Cuba', '---4----', 'CUMOA', 'Moa', 'Moa', 'AI', '65431.8'),
(550, '20.02083', '-75.82667', '', 'Point', 'Cuba', '1--4----', 'CUSCU', 'Santiago de Cuba', 'Santiago de Cuba', 'AI', '63230'),
(551, '16.75754', '-22.98348', '', 'Point', 'Cabo Verde', '0-------', 'CVPAL', 'Palmeira', 'Palmeira', 'RQ', '13234'),
(552, '14.93152', '-23.51254', '', 'Point', 'Cabo Verde', '1--4----', 'CVRAI', 'Praia', 'Praia', 'AI', '114309'),
(553, '16.17611', '-22.91722', '', 'Point', 'Cabo Verde', '0-------', 'CVSAR', 'Sal Rei', 'Sal Rei', 'RQ', '25421.5'),
(554, '53.07582', '8.80717', '', 'Point', 'Germany', '12345---', 'DEBRE', 'Bremen', 'Bremen', 'AF', '197153.69999199998'),
(555, '53.53615', '8.59298', '', 'Point', 'Germany', '1234----', 'DEBRV', 'Bremerhaven', 'Bremerhaven', 'AF', '21710907.495360006'),
(556, '53.55073', '9.99302', '', 'Point', 'Germany', '12345---', 'DEHAM', 'Hamburg', 'Hamburg', 'AF', '42669313.48603998'),
(557, '53.86893', '10.68729', '', 'Point', 'Germany', '12345---', 'DELBC', 'L�beck', 'Lubeck', 'AF', '295233.5'),
(558, '53.96304', '10.8709', '', 'Point', 'Germany', '123-----', 'DETRV', 'Travem�nde', 'Travemunde', 'AF', '73746'),
(559, '11.58901', '43.14503', '', 'Point', 'Djibouti', '1--45---', 'DJJIB', 'Djibouti', 'Djibouti', 'AI', '4852561.035250001'),
(560, '57.048', '9.9187', '', 'Point', 'Denmark', '12345---', 'DKAAL', 'Aalborg', 'Aalborg', 'AF', '74932'),
(561, '55.47028', '8.45187', '', 'Point', 'Denmark', '1234----', 'DKEBJ', 'Esbjerg', 'Esbjerg', 'AF', '28620'),
(562, '55.56568', '9.75257', '', 'Point', 'Denmark', '12--5---', 'DKFRC', 'Fredericia', 'Fredericia', 'AF', '245869'),
(563, '56.41578', '10.87825', '', 'Point', 'Denmark', '123-----', 'DKGRE', 'Grenaa', 'Grenaa', 'AF', '16263'),
(564, '55.96397', '11.85044', '', 'Point', 'Denmark', '123-----', 'DKHUN', 'Hundested', 'Hundested', 'AF', '16263'),
(565, '57.72093', '10.58394', '', 'Point', 'Denmark', '12------', 'DKSKA', 'Skagen', 'Skagen', 'AF', '56420'),
(566, '15.30174', '-61.38808', '', 'Point', 'Dominica', '1-------', 'DMRSU', 'Roseau', 'Roseau', 'AI', '370965.4'),
(567, '18.45', '-69.6', '', 'Point', 'Dominican Republic', '1-------', 'DOBCC', 'Boca Chica', 'Boca Chica', 'AI', '333493.3333'),
(568, '19.79344', '-70.6884', '', 'Point', 'Dominican Republic', '1-------', 'DOPOP', 'Puerto Plata', 'Puerto Plata', 'AI', '712651.3333'),
(569, '35.93115', '0.08918', '', 'Point', 'Algeria', '1-------', 'DZMOS', 'Mostaganem', 'Mostaganem', 'QQ', '20553.75'),
(570, '35.69906', '-0.63588', '', 'Point', 'Algeria', '1--4----', 'DZORN', 'Oran', 'Oran', 'AI', '210402.15'),
(571, '31.13133', '29.82126', '', 'Point', 'Egypt', '1-------', 'EGEDK', 'El Dekheila', 'El Dekheila', 'RQ', '265833.75'),
(572, '31.26531', '32.3019', '', 'Point', 'Egypt', '1--4----', 'EGPSD', 'Port Said', 'Port Said', 'AI', '20587604.955879994'),
(573, '36.13326', '-5.45051', '', 'Point', 'Spain', '1-------', 'ESALG', 'Algeciras', 'Algeciras', 'AI', '27490011.70193002'),
(574, '38.34517', '-0.48149', '', 'Point', 'Spain', '12345---', 'ESALC', 'Alicante', 'Alicante', 'AI', '317642'),
(575, '41.38879', '2.15899', '', 'Point', 'Spain', '12345---', 'ESBCN', 'Barcelona', 'Barcelona', 'AI', '22873062.028564'),
(576, '36.52672', '-6.2891', '', 'Point', 'Spain', '1-------', 'ESCAD', 'Cadiz', 'Cadiz', 'AI', '248618.5'),
(577, '35.88919', '-5.32042', '', 'Point', 'Spain', '1-------', 'ESCEU', 'Ceuta', 'Ceuta', 'AI', '45500'),
(578, '37.26638', '-6.94004', '', 'Point', 'Spain', '123-----', 'ESHUV', 'Huelva', 'Huelva', 'AI', '191763'),
(579, '28.50038', '-13.86272', '', 'Point', 'Spain', '1--4----', 'ESFUE', 'Puerto del Rosario-Fuerteventura', 'Puerto del Rosario-Fuerteventura', 'AI', '219128'),
(580, '28.46824', '-16.25462', '', 'Point', 'Spain', '1---5---', 'ESSCT', 'Santa Cruz de Tenerife', 'Santa Cruz de Tenerife', 'AI', '640000'),
(581, '43.46472', '-3.80444', '', 'Point', 'Spain', '1234----', 'ESSDR', 'Santander', 'Santander', 'AI', '23634'),
(582, '37.38283', '-5.97317', '', 'Point', 'Spain', '12345---', 'ESSVQ', 'Sevilla', 'Sevilla', 'AI', '49842'),
(583, '41.11667', '1.25', '', 'Point', 'Spain', '1234----', 'ESTAR', 'Tarragona', 'Tarragona', 'AI', '977262'),
(584, '39.46975', '-0.37739', '', 'Point', 'Spain', '12345---', 'ESVLC', 'Valencia', 'Valencia', 'AI', '32174699.419024'),
(585, '42.23282', '-8.72264', '', 'Point', 'Spain', '1--4----', 'ESVGO', 'Vigo', 'Vigo', 'AI', '929140.333324'),
(586, '59.83333', '22.95', '', 'Point', 'Finland', '1-------', 'FIHKO', 'Hang� (Hanko)', 'Hango (Hanko)', 'AI', '134144'),
(587, '59.83333', '22.95', '', 'Point', 'Finland', '1-------', 'FIHKO', 'Hanko (Hang�)', 'Hanko (Hango)', 'AI', '134144'),
(588, '60.16952', '24.93545', '', 'Point', 'Finland', '1-------', 'FIHEL', 'Helsingfors (Helsinki)', 'Helsingfors (Helsinki)', 'AI', '745328.9999500001'),
(589, '60.16952', '24.93545', '', 'Point', 'Finland', '1-------', 'FIHEL', 'Helsinki (Helsingfors)', 'Helsinki (Helsingfors)', 'AI', '745328.9999500001'),
(590, '60.41392', '26.24664', '', 'Point', 'Finland', '1-3-----', 'FIVKO', 'Valko (Valkom)', 'Valko (Valkom)', 'AC', '84688.5'),
(591, '60.41392', '26.24664', '', 'Point', 'Finland', '1-3-----', 'FIVKO', 'Valkom (Valko)', 'Valkom (Valko)', 'AC', '84688.5'),
(592, '0.39241', '9.45356', '', 'Point', 'Gabon', '1--45---', 'GALBV', 'Libreville', 'Libreville', 'AI', '414222.00002999994'),
(593, '-0.71933', '8.78151', '', 'Point', 'Gabon', '1--45---', 'GAPOG', 'Port Gentil', 'Port Gentil', 'AI', '148566.9'),
(594, '55.12708', '-1.50856', '', 'Point', 'United Kingdom', '1-------', 'GBBLY', 'Blyth', 'Blyth', 'AF', '13208'),
(595, '51.45523', '-2.59665', '', 'Point', 'United Kingdom', '1234----', 'GBBRS', 'Bristol', 'Bristol', 'AF', '213286.66665'),
(596, '51.12598', '1.31257', '', 'Point', 'United Kingdom', '1---5---', 'GBDVR', 'Dover', 'Dover', 'AF', '17290'),
(597, '51.96375', '1.3511', '', 'Point', 'United Kingdom', '1-------', 'GBFXT', 'Felixstowe', 'Felixstowe', 'AF', '23949484.180700015'),
(598, '50.33634', '-4.6386', '', 'Point', 'United Kingdom', '1-------', 'GBFOY', 'Fowey', 'Fowey', 'AF', '4941'),
(599, '51.94194', '1.28437', '', 'Point', 'United Kingdom', '1-------', 'GBHRW', 'Harwich', 'Harwich', 'AF', '61540'),
(600, '50.71429', '-1.98458', '', 'Point', 'United Kingdom', '1-------', 'GBPOO', 'Poole', 'Poole', 'AF', '8502'),
(601, '50.79899', '-1.09125', '', 'Point', 'United Kingdom', '1--4----', 'GBPME', 'Portsmouth', 'Portsmouth', 'AF', '142997.400009'),
(602, '58.61277', '-3.54627', '', 'Point', 'United Kingdom', '1-------', 'GBSCR', 'Scrabster', 'Scrabster', 'AF', '9204'),
(603, '51.44042', '0.76252', '', 'Point', 'United Kingdom', '1-------', 'GBSHS', 'Sheerness', 'Sheerness', 'AF', '21112'),
(604, '50.90395', '-1.40428', '', 'Point', 'United Kingdom', '1--4----', 'GBSOU', 'Southampton', 'Southampton', 'AF', '12580879.097799998'),
(605, '51.46248', '0.35856', '', 'Point', 'United Kingdom', '1-------', 'GBTIL', 'Tilbury', 'Tilbury', 'AF', '1408139'),
(606, '12.05288', '-61.75226', '', 'Point', 'Grenada', '1-------', 'GDSTG', 'Saint George\'s', 'Saint George\'s', 'AI', '454265.06669'),
(607, '41.64228', '41.63392', '', 'Point', 'Georgia', '1--4----', 'GEBUS', 'Batumi', 'Batumi', 'AI', '176479.99998'),
(608, '42.14272', '41.67384', '', 'Point', 'Georgia', '1-------', 'GEPTI', 'Poti', 'Poti', 'QQ', '241566'),
(609, '4.89816', '-1.76029', '', 'Point', 'Ghana', '1--45---', 'GHTKD', 'Takoradi', 'Takoradi', 'AI', '343811.4'),
(610, '5.6698', '-0.01657', '', 'Point', 'Ghana', '1-------', 'GHTEM', 'Tema', 'Tema', 'QQ', '7407893.36449'),
(611, '36.14474', '-5.35257', '', 'Point', 'Gibraltar', '1--45---', 'GIGIB', 'Gibraltar', 'Gibraltar', 'AI', '67977'),
(612, '66.93946', '-53.6735', '', 'Point', 'Greenland', '1--4----', 'GLJHS', 'Sisimiut (Holsteinsborg)', 'Sisimiut (Holsteinsborg)', 'AI', '23426'),
(613, '13.45274', '-16.57803', '', 'Point', 'Gambia', '1--45---', 'GMBJL', 'Banjul', 'Banjul', 'AI', '184275'),
(614, '9.53795', '-13.67729', '', 'Point', 'Guinea', '1--45---', 'GNCKY', 'Conakry', 'Conakry', 'AI', '676607.9047600002'),
(615, '1.86391', '9.76582', '', 'Point', 'Equatorial Guinea', '1--45---', 'GQBSG', 'Bata', 'Bata', 'RQ', '454067'),
(616, '3.75578', '8.78166', '', 'Point', 'Equatorial Guinea', '1--4----', 'GQSSG', 'Malabo', 'Malabo', 'AI', '133795.9'),
(617, '15.72778', '-88.59444', '', 'Point', 'Guatemala', '1--4----', 'GTPBR', 'Puerto Barrios', 'Puerto Barrios', 'AI', '547993.333366'),
(618, '6.80448', '-58.15527', '', 'Point', 'Guyana', '1--45---', 'GYGEO', 'Georgetown', 'Georgetown', 'AI', '428041.33332200005'),
(619, '22.27832', '114.17469', '', 'Point', 'Hong Kong', '1--45---', 'HKHKG', 'Hong Kong', 'Hong Kong', 'AI', '80530648.25273904'),
(620, '16.01667', '-85.96667', '', 'Point', 'Honduras', '1-------', 'HNPCA', 'Puerto Castilla', 'Puerto Castilla', 'RQ', '75387'),
(621, '15.82562', '-87.92968', '', 'Point', 'Honduras', '1---5---', 'HNPCR', 'Puerto Cort�s', 'Puerto Cortes', 'AI', '1674222.3333919998'),
(622, '13.42417', '-87.44722', '', 'Point', 'Honduras', '1-------', 'HNSLO', 'San Lorenzo', 'San Lorenzo', 'RQ', '67860'),
(623, '18.54349', '-72.33881', '', 'Point', 'Haiti', '1--45---', 'HTPAP', 'Port-au-Prince', 'Port-au-Prince', 'AI', '783664.9166400002'),
(624, '-3.31987', '114.59075', '', 'Point', 'Indonesia', '1--4----', 'IDBDJ', 'Banjarmasin', 'Banjarmasin', 'AI', '17848'),
(625, '3.7755', '98.6832', '', 'Point', 'Indonesia', '1-------', 'IDBLW', 'Belawan, Sumatra', 'Belawan, Sumatra', 'QQ', '494328.25003'),
(626, '1.44059', '125.12824', '', 'Point', 'Indonesia', '1-------', 'IDBIT', 'Bitung, Sulawesi', 'Bitung, Sulawesi', 'QQ', '215154.58334'),
(627, '-0.8985', '123.3908', '', 'Point', 'Indonesia', '1--4----', 'IDGTO', 'Gorontalo, Sulawesi', 'Gorontalo, Sulawesi', 'AI', '42718.00001'),
(628, '-3.9778', '122.51507', '', 'Point', 'Indonesia', '1--4----', 'IDKDI', 'Kendari, Sulawesi', 'Kendari, Sulawesi', 'AI', '7988.5'),
(629, '-0.9516', '122.7875', '', 'Point', 'Indonesia', '1--4----', 'IDLUW', 'Luwuk', 'Luwuk', 'AI', '720'),
(630, '3.58333', '98.66667', '', 'Point', 'Indonesia', '1--45---', 'IDMES', 'Medan, Sumatra', 'Medan, Sumatra', 'AI', '45136'),
(631, '-2.91673', '104.7458', '', 'Point', 'Indonesia', '1--4----', 'IDPLM', 'Palembang, Sumatra', 'Palembang, Sumatra', 'AI', '106646.75'),
(632, '0.3087', '100.6199', '', 'Point', 'Indonesia', '1-------', 'IDPNJ', 'Panjang', 'Panjang', 'RQ', '1532041.4998899996'),
(633, '-0.03194', '109.325', '', 'Point', 'Indonesia', '1--45---', 'IDPNK', 'Pontianak, Kalimantan', 'Pontianak, Kalimantan', 'AI', '35776'),
(634, '-0.49167', '117.14583', '', 'Point', 'Indonesia', '1--4----', 'IDSRI', 'Samarinda, Kalimantan', 'Samarinda, Kalimantan', 'AI', '34320'),
(635, '-0.87956', '131.26104', '', 'Point', 'Indonesia', '1--4----', 'IDSOQ', 'Sorong', 'Sorong', 'AI', '125268'),
(636, '3.31332', '117.59152', '', 'Point', 'Indonesia', '1-------', 'IDTRK', 'Tarakan, Kalimantan', 'Tarakan, Kalimantan', 'QQ', '5213'),
(637, '1.2718', '121.1679', '', 'Point', 'Indonesia', '1--4----', 'IDTLI', 'Tolitoli', 'Tolitoli', 'AI', '3328'),
(638, '51.89797', '-8.47061', '', 'Point', 'Ireland', '1--45---', 'IEORK', 'Cork', 'Cork', 'AF', '316459'),
(639, '53.33306', '-6.24889', '', 'Point', 'Ireland', '12-45---', 'IEDUB', 'Dublin', 'Dublin', 'AF', '453417.25'),
(640, '31.79213', '34.64966', '', 'Point', 'Israel', '1-------', 'ILASH', 'Ashdod', 'Ashdod', 'QQ', '5463055.083080001'),
(641, '13.24751', '80.32835', '', 'Point', 'India', '1-------', 'INENR', 'Ennore', 'Ennore', 'AA', '263657.33332'),
(642, '22.06046', '88.10975', '', 'Point', 'India', '1-------', 'INHAL', 'Haldia', 'Haldia', 'AA', '182909.25'),
(643, '14.28874', '80.12388', '', 'Point', 'India', '1-------', 'INKRI', 'Krishnapatnam', 'Krishnapatnam', 'AA', '2290663.6664799997'),
(644, '12.91723', '74.85603', '', 'Point', 'India', '1--4----', 'INIXE', 'Mangalore', 'Mangalore', 'AA', '139500'),
(645, '22.83918', '69.7219', '', 'Point', 'India', '1-------', 'INMUN', 'Mundra', 'Mundra', 'AA', '19811914.337299995'),
(646, '11.66613', '92.74635', '', 'Point', 'India', '1--4----', 'INIXZ', 'Port Blair', 'Port Blair', 'AA', '14150.5'),
(647, '30.44783', '48.04246', '', 'Point', 'Iraq', '1-------', 'IQALF', 'Abu Al Fulus', 'Abu Al Fulus', 'RQ', '14131'),
(648, '30.50852', '47.7804', '', 'Point', 'Iraq', '1-------', 'IQBSR', 'Basra', 'Basra', 'AI', '7524'),
(649, '64.92427', '-23.26313', '', 'Point', 'Iceland', '1-------', 'ISGRF', 'Grundarfj�rdur', 'Grundarfjordur', 'AC', '280000.5'),
(650, '65.03164', '-14.21832', '', 'Point', 'Iceland', '1-------', 'ISRFJ', 'Reydarfj�rdur', 'Reydarfjordur', 'AC', '157748.5'),
(651, '44.03837', '10.04142', '', 'Point', 'Italy', '1-------', 'ITMDC', 'Marina di Carrara', 'Marina di Carrara', 'AI', '164793'),
(652, '45.80463', '13.53292', '', 'Point', 'Italy', '1-------', 'ITMNF', 'Monfalcone', 'Monfalcone', 'AI', '23587.5'),
(653, '40.84394', '14.0952', '', 'Point', 'Italy', '1-------', 'ITPOZ', 'Pozzuoli', 'Pozzuoli', 'AI', '42042'),
(654, '44.41344', '12.20121', '', 'Point', 'Italy', '1-------', 'ITRAN', 'Ravenna', 'Ravenna', 'AI', '1216610.5'),
(655, '40.67545', '14.79328', '', 'Point', 'Italy', '1-3-----', 'ITSAL', 'Salerno', 'Salerno', 'AI', '2238415.25'),
(656, '45.64953', '13.77678', '', 'Point', 'Italy', '1--4----', 'ITTRS', 'Trieste', 'Trieste', 'AI', '4531748'),
(657, '17.99702', '-76.79358', '', 'Point', 'Jamaica', '1--45---', 'JMKIN', 'Kingston', 'Kingston', 'AI', '8626072.544909995'),
(658, '18.47116', '-77.91883', '', 'Point', 'Jamaica', '1--4----', 'JMMBJ', 'Montego Bay', 'Montego Bay', 'AI', '628021.3333'),
(659, '44.02127', '144.26971', '', 'Point', 'Japan', '1-------', 'JPABU', 'Aburatsu', 'Aburatsu', 'AF', '53352'),
(660, '39.71667', '140.11667', '', 'Point', 'Japan', '1--4----', 'JPAXT', 'Akita', 'Akita', 'AF', '278377.66667'),
(661, '35.6', '140.11667', '', 'Point', 'Japan', '1-------', 'JPCHB', 'Chiba', 'Chiba', 'AF', '607568'),
(662, '34.48333', '133.36667', '', 'Point', 'Japan', '1-------', 'JPFKY', 'Fukuyama, Hiroshima', 'Fukuyama, Hiroshima', 'AF', '508612'),
(663, '40.5', '141.5', '', 'Point', 'Japan', '1--4----', 'JPHHE', 'Hachinohe', 'Hachinohe', 'AF', '291243.33335000003'),
(664, '34.4', '132.45', '', 'Point', 'Japan', '1--4----', 'JPHIJ', 'Hiroshima', 'Hiroshima', 'AF', '658970'),
(665, '36.6', '140.65', '', 'Point', 'Japan', '1-------', 'JPHTC', 'Hitachi', 'Hitachi', 'AF', '110110'),
(666, '32.43333', '131.66667', '', 'Point', 'Japan', '1-------', 'JPHSM', 'Hososhima', 'Hososhima', 'AF', '354289'),
(667, '34.07001', '133.00023', '', 'Point', 'Japan', '1-------', 'JPIMB', 'Imabari', 'Imabari', 'AF', '83772'),
(668, '33.27362', '129.87877', '', 'Point', 'Japan', '1-------', 'JPIMI', 'Imari', 'Imari', 'AF', '232752'),
(669, '34.16297', '132.22', '', 'Point', 'Japan', '1-------', 'JPIWK', 'Iwakuni', 'Iwakuni', 'AF', '248404'),
(670, '36.6', '136.61667', '', 'Point', 'Japan', '1-------', 'JPKNZ', 'Kanazawa', 'Kanazawa', 'AF', '500785.99996999995'),
(671, '35.96536', '140.64474', '', 'Point', 'Japan', '1-------', 'JPKSM', 'Kashima, Ibaraki', 'Kashima, Ibaraki', 'AF', '103584'),
(672, '35.52056', '139.71722', '', 'Point', 'Japan', '1-------', 'JPKWS', 'Kawasaki', 'Kawasaki', 'AF', '1377583.99995'),
(673, '33.55', '133.53333', '', 'Point', 'Japan', '1--4----', 'JPKCZ', 'Kochi', 'Kochi', 'AF', '97578'),
(674, '32.80589', '130.69181', '', 'Point', 'Japan', '1--4----', 'JPKMJ', 'Kumamoto', 'Kumamoto', 'AF', '44460'),
(675, '35.45', '135.33333', '', 'Point', 'Japan', '1-------', 'JPMAI', 'Maizuru', 'Maizuru', 'AF', '113464'),
(676, '33.83916', '132.76574', '', 'Point', 'Japan', '1--4----', 'JPMYJ', 'Matsuyama', 'Matsuyama', 'AF', '213629'),
(677, '33.05207', '130.47791', '', 'Point', 'Japan', '1-------', 'JPMII', 'Miike, Fukuoka', 'Miike, Fukuoka', 'AF', '16640'),
(678, '34.5298', '133.73896', '', 'Point', 'Japan', '1-------', 'JPMIZ', 'Mizushima', 'Mizushima', 'AF', '727415'),
(679, '42.31722', '140.98806', '', 'Point', 'Japan', '1-------', 'JPMUR', 'Muroran', 'Muroran', 'AF', '115517.99996999998'),
(680, '32.75', '129.88333', '', 'Point', 'Japan', '1--4----', 'JPNGS', 'Nagasaki', 'Nagasaki', 'AF', '44460'),
(681, '35.18147', '136.90641', '', 'Point', 'Japan', '1--45---', 'JPNGO', 'Nagoya, Aichi', 'Nagoya, Aichi', 'AF', '14485316.083789002'),
(682, '26.21667', '127.68333', '', 'Point', 'Japan', '1--45---', 'JPNAH', 'Naha, Okinawa', 'Naha, Okinawa', 'AF', '770354'),
(683, '37.18333', '138.25', '', 'Point', 'Japan', '1-------', 'JPNAO', 'Naoetsu', 'Naoetsu', 'AF', '166443.33335'),
(684, '37.88637', '139.00589', '', 'Point', 'Japan', '1-------', 'JPKIJ', 'Niigata', 'Niigata', 'AF', '632488.99997'),
(685, '33.23333', '131.6', '', 'Point', 'Japan', '1--4----', 'JPOIT', 'Oita', 'Oita', 'AF', '336869'),
(686, '34.59882', '138.21934', '', 'Point', 'Japan', '1-------', 'JPOMZ', 'Omaezaki', 'Omaezaki', 'AF', '642421'),
(687, '36.95', '140.9', '', 'Point', 'Japan', '1-------', 'JPONA', 'Onahama', 'Onahama', 'AF', '204940.6667'),
(688, '34.20754', '132.22063', '', 'Point', 'Japan', '1-------', 'JPOTK', 'Otake', 'Otake', 'AF', '36348'),
(689, '43.18944', '141.00222', '', 'Point', 'Japan', '1--4----', 'JPOTR', 'Otaru', 'Otaru', 'AF', '78000'),
(690, '35.53774', '133.23094', '', 'Point', 'Japan', '1-------', 'JPSMN', 'Sakaiminato', 'Sakaiminato', 'AF', '329679.99997'),
(691, '38.91667', '139.855', '', 'Point', 'Japan', '1-------', 'JPSKT', 'Sakata', 'Sakata', 'AF', '421338.66667'),
(692, '31.476', '131.10114', '', 'Point', 'Japan', '1-------', 'JPSBS', 'Shibushi', 'Shibushi', 'AF', '490971'),
(693, '43.00611', '142.88472', '', 'Point', 'Japan', '1-------', 'JPSMZ', 'Shimizu', 'Shimizu', 'AF', '5351577.999760001'),
(694, '34.33333', '134.05', '', 'Point', 'Japan', '1--4----', 'JPTAK', 'Takamatsu', 'Takamatsu', 'AF', '188292'),
(695, '34.06667', '134.56667', '', 'Point', 'Japan', '1--4----', 'JPTKS', 'Tokushima', 'Tokushima', 'AF', '148044'),
(696, '34.05', '131.81667', '', 'Point', 'Japan', '1-------', 'JPTKY', 'Tokuyama', 'Tokuyama', 'AF', '456888.25'),
(697, '42.63694', '141.60333', '', 'Point', 'Japan', '1--4----', 'JPTMK', 'Tomakomai', 'Tomakomai', 'AF', '929244.33332'),
(698, '34.76667', '137.38333', '', 'Point', 'Japan', '1-------', 'JPTHS', 'Toyohashi', 'Toyohashi', 'AF', '181584'),
(699, '35.64547', '136.0558', '', 'Point', 'Japan', '1-------', 'JPTRG', 'Tsuruga', 'Tsuruga', 'AF', '121550'),
(700, '33.94306', '131.25111', '', 'Point', 'Japan', '1--4----', 'JPUBJ', 'Ube', 'Ube', 'AF', '22490'),
(701, '34.23333', '135.16667', '', 'Point', 'Japan', '1-------', 'JPWAK', 'Wakayama', 'Wakayama', 'AF', '63765'),
(702, '32.50439', '130.59952', '', 'Point', 'Japan', '1-------', 'JPYAT', 'Yatsushiro', 'Yatsushiro', 'AF', '61100'),
(703, '34.96667', '136.61667', '', 'Point', 'Japan', '1-------', 'JPYKK', 'Yokkaichi', 'Yokkaichi', 'AF', '3523652.1667400002'),
(704, '-4.05466', '39.66359', '', 'Point', 'Kenya', '1--45---', 'KEMBA', 'Mombasa', 'Mombasa', 'AI', '2290456.63883'),
(705, '1.3278', '172.97696', '', 'Point', 'Kiribati', '1--4----', 'KITRW', 'Tarawa', 'Tarawa', 'AI', '136326'),
(706, '-11.70216', '43.25506', '', 'Point', 'Comoros', '1--45---', 'KMYVA', 'Moroni', 'Moroni', 'AI', '131275.33335'),
(707, '34.43352', '35.84415', '', 'Point', 'Lebanon', '1--4----', 'LBKYE', 'Tripoli', 'Tripoli', 'AI', '2038156.25'),
(708, '55.7068', '21.13912', '', 'Point', 'Lithuania', '1--4----', 'LTKLJ', 'Klaipeda', 'Klaipeda', 'AI', '1242325.5'),
(709, '56.946', '24.10589', '', 'Point', 'Latvia', '1--45---', 'LVRIX', 'Riga', 'Riga', 'AI', '944970'),
(710, '32.11486', '20.06859', '', 'Point', 'Libya', '1--45---', 'LYBEN', 'Bingazi (Benghazi)', 'Bingazi (Benghazi)', 'AI', '296981'),
(711, '32.37535', '15.09254', '', 'Point', 'Libya', '1--4----', 'LYMRA', 'Misurata', 'Misurata', 'AI', '757750.0000100001'),
(712, '32.88743', '13.18733', '', 'Point', 'Libya', '1--4----', 'LYTIP', 'Tripoli', 'Tripoli', 'AI', '281045'),
(713, '30.42018', '-9.59815', '', 'Point', 'Morocco', '1--4----', 'MAAGA', 'Agadir', 'Agadir', 'AI', '593660.57139'),
(714, '35.16813', '-2.93352', '', 'Point', 'Morocco', '1-------', 'MANDR', 'Nador', 'Nador', 'AI', '45500'),
(715, '35.82674', '-5.56323', '', 'Point', 'Morocco', '123-----', 'MAPTM', 'Tanger Med', 'Tanger Med', 'AI', '29213268.307420008'),
(716, '-12.31732', '49.29188', '', 'Point', 'Madagascar', '1--4----', 'MGDIE', 'Antsiranana', 'Antsiranana', 'AI', '113468'),
(717, '-15.71667', '46.31667', '', 'Point', 'Madagascar', '1--4----', 'MGMJN', 'Majunga (Mahajanga)', 'Majunga (Mahajanga)', 'AI', '125324'),
(718, '-18.1492', '49.40234', '', 'Point', 'Madagascar', '1--45---', 'MGTMM', 'Tamatave (Toamasina)', 'Tamatave (Toamasina)', 'AI', '396084'),
(719, '-23.35', '43.66667', '', 'Point', 'Madagascar', '1--4----', 'MGTLE', 'Tulear (Toliara)', 'Tulear (Toliara)', 'AI', '19864'),
(720, '8.77479', '167.73919', '', 'Point', 'Marshall Islands', '---4----', 'MHKWA', 'Kwajalein', 'Kwajalein', 'AI', '48316.66667'),
(721, '16.80528', '96.15611', '', 'Point', 'Myanmar', '1--45---', 'MMRGN', 'Yangon', 'Yangon', 'AI', '937558.0000499999'),
(722, '16.80528', '96.15611', '', 'Point', 'Myanmar', '1--45---', 'MMRGN', 'Yangon', 'Yangon', 'AI', '937558.0000499999'),
(723, '14.60365', '-61.07418', '', 'Point', 'Martinique', '1-345---', 'MQFDF', 'Fort-de-France', 'Fort-de-France', 'AI', '1924423.5832689998'),
(724, '20.94188', '-17.03842', '', 'Point', 'Mauritania', '1--4----', 'MRNDB', 'Nouadhibou', 'Nouadhibou', 'AI', '197029.5'),
(725, '18.08581', '-15.9785', '', 'Point', 'Mauritania', '1--45---', 'MRNKC', 'Nouakchott', 'Nouakchott', 'AI', '334524'),
(726, '16.70555', '-62.21292', '', 'Point', 'Montserrat', '1---5---', 'MSPLY', 'Plymouth', 'Plymouth', 'RQ', '230958'),
(727, '-20.16194', '57.49889', '', 'Point', 'Mauritius', '1--4----', 'MUPLU', 'Port Louis', 'Port Louis', 'QQ', '7415942.385499997'),
(728, '3.16667', '113.03333', '', 'Point', 'Malaysia', '1-------', 'MYBTU', 'Bintulu, Sarawak', 'Bintulu, Sarawak', 'AI', '670234.5'),
(729, '5.9749', '116.0724', '', 'Point', 'Malaysia', '1-345---', 'MYBKI', 'Kota Kinabalu, Sabah', 'Kota Kinabalu, Sabah', 'AI', '710049.1667'),
(730, '1.55', '110.33333', '', 'Point', 'Malaysia', '1--45---', 'MYKCH', 'Kuching, Sarawak', 'Kuching, Sarawak', 'AI', '276603.6'),
(731, '5.28883', '115.26924', '', 'Point', 'Malaysia', '1--4----', 'MYLBU', 'Labuan, Sabah', 'Labuan, Sabah', 'AI', '68835'),
(732, '2.196', '102.2405', '', 'Point', 'Malaysia', '1--4----', 'MYMKZ', 'Malacca', 'Malacca', 'AI', '2862'),
(733, '1.4726', '103.878', '', 'Point', 'Malaysia', '1-------', 'MYPGU', 'Pasir Gudang, Johor', 'Pasir Gudang, Johor', 'QQ', '3893274.6667500003'),
(734, '5.8402', '118.1179', '', 'Point', 'Malaysia', '1--4----', 'MYSDK', 'Sandakan, Sabah', 'Sandakan, Sabah', 'AI', '18720'),
(735, '2.3', '111.81667', '', 'Point', 'Malaysia', '1--4----', 'MYSBW', 'Sibu, Sarawak', 'Sibu, Sarawak', 'AI', '2250'),
(736, '4.24482', '117.89115', '', 'Point', 'Malaysia', '1--4----', 'MYTWU', 'Tawau, Sabah', 'Tawau, Sabah', 'AI', '241236.6667'),
(737, '-19.84361', '34.83889', '', 'Point', 'Mozambique', '1--45---', 'MZBEW', 'Beira', 'Beira', 'AI', '862537.00003'),
(738, '-25.96553', '32.58322', '', 'Point', 'Mozambique', '1--45---', 'MZMPM', 'Maputo', 'Maputo', 'AI', '871116.2000499999'),
(739, '-14.56257', '40.68538', '', 'Point', 'Mozambique', '1--4----', 'MZMNC', 'Nacala', 'Nacala', 'AI', '668056.9999800001'),
(740, '-17.87861', '36.88833', '', 'Point', 'Mozambique', '1--4----', 'MZUEL', 'Quelimane', 'Quelimane', 'AI', '8034'),
(741, '-22.9575', '14.50528', '', 'Point', 'Namibia', '1-------', 'NAWVB', 'Walvis Bay', 'Walvis Bay', 'QQ', '2144542.8666100004'),
(742, '6.4488', '3.35901', '', 'Point', 'Nigeria', '1-------', 'NGAPP', 'Apapa', 'Apapa', 'QQ', '1959193.7340199992'),
(743, '4.95893', '8.32695', '', 'Point', 'Nigeria', '1--4----', 'NGCBQ', 'Calabar', 'Calabar', 'AI', '7150'),
(744, '6.45407', '3.39467', '', 'Point', 'Nigeria', '1--45---', 'NGLOS', 'Lagos', 'Lagos', 'AI', '1767326.6668199997'),
(745, '4.77742', '7.0134', '', 'Point', 'Nigeria', '1--4----', 'NGPHC', 'Port Harcourt', 'Port Harcourt', 'AI', '46634.9'),
(746, '12.4825', '-87.17304', '', 'Point', 'Nicaragua', '1---5---', 'NICIO', 'Corinto', 'Corinto', 'AI', '510767.4'),
(747, '62.89225', '8.08604', '', 'Point', 'Norway', '1-------', 'NOGJM', 'Gjemnes', 'Gjemnes', 'AI', '135486'),
(748, '17.01505', '54.09237', '', 'Point', 'Oman', '1--4----', 'OMSLL', 'Salalah', 'Salalah', 'AI', '20488113.65606999'),
(749, '24.34745', '56.70937', '', 'Point', 'Oman', '1-------', 'OMSOH', 'Sohar', 'Sohar', 'QQ', '5253518.9085'),
(750, '9.30091', '-82.4018', '', 'Point', 'Panama', '1-------', 'PAPAM', 'Almirante', 'Almirante', 'AI', '265850'),
(751, '8.94814', '-79.56672', '', 'Point', 'Panama', '1-------', 'PABLB', 'Balboa', 'Balboa', 'AI', '13017890.895410001'),
(752, '9.37091', '-79.88168', '', 'Point', 'Panama', '--3-----', 'PACSO', 'Coco Solo', 'Coco Solo', 'RQ', '340795'),
(753, '7.53667', '-81.16667', '', 'Point', 'Panama', '123-----', 'PAMIT', 'Manzanillo', 'Manzanillo', 'AI', '13509667.60666'),
(754, '-12.05659', '-77.11814', '', 'Point', 'Peru', '1-------', 'PECLL', 'Callao', 'Callao', 'AI', '15247664.79189'),
(755, '-17.63185', '-71.34108', '', 'Point', 'Peru', '1--4----', 'PEILQ', 'Ilo', 'Ilo', 'AI', '83616'),
(756, '-3.74912', '-73.25383', '', 'Point', 'Peru', '1--4----', 'PEIQT', 'Iquitos', 'Iquitos', 'AI', '9675'),
(757, '-16.99639', '-72.10563', '', 'Point', 'Peru', '1-------', 'PEMRI', 'Matarani', 'Matarani', 'AI', '98962.5'),
(758, '-5.08917', '-81.11444', '', 'Point', 'Peru', '1-------', 'PEPAI', 'Paita', 'Paita', 'AI', '1763103.4120800004'),
(759, '-13.71029', '-76.20538', '', 'Point', 'Peru', '1--4----', 'PEPIO', 'Pisco', 'Pisco', 'AI', '121628'),
(760, '-10.31509', '150.45742', '', 'Point', 'Papua New Guinea', '1--4----', 'PGGUR', 'Alotau', 'Alotau', 'AI', '15808'),
(761, '-5.43261', '154.67098', '', 'Point', 'Papua New Guinea', '1--4----', 'PGBUA', 'Buka', 'Buka', 'AI', '15808'),
(762, '-5.55085', '150.13766', '', 'Point', 'Papua New Guinea', '1-------', 'PGKIM', 'Kimbe', 'Kimbe', 'QQ', '99364'),
(763, '-6.72333', '146.99611', '', 'Point', 'Papua New Guinea', '1--4----', 'PGLAE', 'Lae', 'Lae', 'AI', '836183.916653'),
(764, '-9.47723', '147.15089', '', 'Point', 'Papua New Guinea', '1--4----', 'PGPOM', 'Port Moresby', 'Port Moresby', 'AI', '402247.083312'),
(765, '-4.20037', '152.16297', '', 'Point', 'Papua New Guinea', '1--4----', 'PGRAB', 'Rabaul', 'Rabaul', 'AI', '115172'),
(766, '-3.54964', '143.63229', '', 'Point', 'Papua New Guinea', '1--4----', 'PGWWK', 'Wewak', 'Wewak', 'AI', '43795'),
(767, '10.66667', '122.95', '', 'Point', 'Philippines', '1--4----', 'PHBCD', 'Bacolod, Negros', 'Bacolod, Negros', 'AI', '18806'),
(768, '8.48222', '124.64722', '', 'Point', 'Philippines', '1--4----', 'PHCGY', 'Cagayan de Oro, Mindanao', 'Cagayan de Oro, Mindanao', 'AI', '1437089.1667599997'),
(769, '10.31672', '123.89071', '', 'Point', 'Philippines', '1--4----', 'PHCEB', 'Cebu', 'Cebu', 'AI', '1378464'),
(770, '7.22361', '124.24639', '', 'Point', 'Philippines', '1--4----', 'PHCBO', 'Cotabato, Mindanao', 'Cotabato, Mindanao', 'AI', '29328'),
(771, '9.30722', '123.30261', '', 'Point', 'Philippines', '1--4----', 'PHDGT', 'Dumaguete', 'Dumaguete', 'AI', '27546'),
(772, '14.6042', '120.9822', '', 'Point', 'Philippines', '1--45---', 'PHMNL', 'Manila', 'Manila', 'AI', '7135131.143180001'),
(773, '8.1481', '123.8405', '', 'Point', 'Philippines', '1--4----', 'PHOZC', 'Ozamis, Mindanao', 'Ozamis, Mindanao', 'AI', '10976'),
(774, '7.3534', '124.22088', '', 'Point', 'Philippines', '1-3-----', 'PHPLC', 'Polloc', 'Polloc', 'RQ', '11193'),
(775, '9.73917', '118.73528', '', 'Point', 'Philippines', '1--4----', 'PHPPS', 'Puerto Princesa, Palawan', 'Puerto Princesa, Palawan', 'AI', '9100'),
(776, '14.78899', '120.27987', '', 'Point', 'Philippines', '1--4----', 'PHSFS', 'Subic Bay', 'Subic Bay', 'AI', '1621178'),
(777, '9.65556', '123.85219', '', 'Point', 'Philippines', '1--4----', 'PHTAG', 'Tagbilaran, Bohol', 'Tagbilaran, Bohol', 'AI', '4320');
INSERT INTO `ports` (`id`, `latitude`, `longitude`, `altitude`, `geometry`, `country`, `function`, `locode`, `name`, `nameWoDiac`, `status`, `outflows`) VALUES
(778, '6.91028', '122.07389', '', 'Point', 'Philippines', '1--4----', 'PHZAM', 'Zamboanga', 'Zamboanga', 'AI', '67509'),
(779, '25.12163', '62.32541', '', 'Point', 'Pakistan', '1-34----', 'PKGWD', 'Gwadar', 'Gwadar', 'AI', '145535'),
(780, '24.8608', '67.0104', '', 'Point', 'Pakistan', '12345---', 'PKKHI', 'Karachi', 'Karachi', 'AI', '11738106.441340001'),
(781, '54.35227', '18.64912', '', 'Point', 'Poland', '1--4----', 'PLGDN', 'Gdansk', 'Gdansk', 'AI', '6373121.049906003'),
(782, '53.42894', '14.55302', '', 'Point', 'Poland', '1--45---', 'PLSZZ', 'Szczecin', 'Szczecin', 'AI', '101530'),
(783, '7.33978', '134.47326', '', 'Point', 'Palau', '1--4----', 'PWROR', 'Koror', 'Koror', 'AI', '30420'),
(784, '64.5401', '40.5433', '', 'Point', 'Russian Federation', '1--4----', 'RUARH', 'Arkhangelsk', 'Arkhangelsk', 'AI', '390'),
(785, '69.40583', '86.17778', '', 'Point', 'Russian Federation', '1-------', 'RUDUD', 'Dudinka', 'Dudinka', 'QQ', '16796'),
(786, '54.70649', '20.51095', '', 'Point', 'Russian Federation', '1--4----', 'RUKGD', 'Kaliningrad', 'Kaliningrad', 'AI', '133061.5'),
(787, '46.6342', '142.77722', '', 'Point', 'Russian Federation', '1-------', 'RUKOR', 'Korsakov', 'Korsakov', 'QQ', '19067'),
(788, '59.5638', '150.80347', '', 'Point', 'Russian Federation', '---4----', 'RUGDX', 'Magadan', 'Magadan', 'AI', '27664'),
(789, '53.04444', '158.65076', '', 'Point', 'Russian Federation', '1--4----', 'RUPKC', 'Petropavlovsk-Kamchatskiy', 'Petropavlovsk-Kamchatskiy', 'AI', '10478'),
(790, '43.10562', '131.87353', '', 'Point', 'Russian Federation', '1--4----', 'RUVVO', 'Vladivostok', 'Vladivostok', 'AI', '1273681.4999099998'),
(791, '27.0174', '49.62251', '', 'Point', 'Saudi Arabia', '1-------', 'SAJUB', 'Jubail', 'Jubail', 'QQ', '6234394.595049998'),
(792, '-4.62001', '55.45501', '', 'Point', 'Seychelles', '1-------', 'SCPOV', 'Port Victoria', 'Port Victoria', 'QQ', '611771.7619100001'),
(793, '19.61745', '37.21644', '', 'Point', 'Sudan', '1--45---', 'SDPZU', 'Port Sudan', 'Port Sudan', 'AI', '308535'),
(794, '56.04673', '12.69437', '', 'Point', 'Sweden', '12-4----', 'SEHEL', 'Helsingborg', 'Helsingborg', 'AI', '634088'),
(795, '57.10557', '12.25078', '', 'Point', 'Sweden', '123-----', 'SEVAG', 'Varberg', 'Varberg', 'AA', '82628'),
(796, '1.28967', '103.85007', '', 'Point', 'Singapore', '1--45---', 'SGSIN', 'Singapore', 'Singapore', 'AI', '126673817.40886995'),
(797, '45.54694', '13.72944', '', 'Point', 'Slovenia', '1-------', 'SIKOP', 'Koper', 'Koper', 'RL', '4814941.166689999'),
(798, '8.48714', '-13.2356', '', 'Point', 'Sierra Leone', '1--45---', 'SLFNA', 'Freetown', 'Freetown', 'AI', '292305'),
(799, '14.6937', '-17.44406', '', 'Point', 'Senegal', '1--45---', 'SNDKR', 'Dakar', 'Dakar', 'AI', '2417263.262'),
(800, '10.43959', '45.01432', '', 'Point', 'Somalia', '1--4----', 'SOBBO', 'Berbera', 'Berbera', 'AI', '215094.5'),
(801, '-0.35817', '42.54536', '', 'Point', 'Somalia', '1--4----', 'SOKMU', 'Kismayu', 'Kismayu', 'AI', '188773'),
(802, '2.03711', '45.34375', '', 'Point', 'Somalia', '1--45---', 'SOMGQ', 'Mogadishu', 'Mogadishu', 'AI', '437501.99997999996'),
(803, '5.86638', '-55.16682', '', 'Point', 'Suriname', '1--45---', 'SRPBM', 'Paramaribo', 'Paramaribo', 'AI', '538931.333322'),
(804, '5.86638', '-55.16682', '', 'Point', 'Suriname', '1--45---', 'SRPBM', 'Paramaribo', 'Paramaribo', 'AI', '538931.333322'),
(805, '13.59278', '-89.8275', '', 'Point', 'El Salvador', '1-3-----', 'SVAQJ', 'Acajutla', 'Acajutla', 'AI', '495947.4'),
(806, '13.68935', '-89.18718', '', 'Point', 'El Salvador', '1--45---', 'SVSAL', 'San Salvador', 'San Salvador', 'AI', '388752'),
(807, '6.12874', '1.22154', '', 'Point', 'Togo', '1--45---', 'TGLFW', 'Lome', 'Lome', 'AI', '6445382.413440002'),
(808, '13.17372', '100.93111', '', 'Point', 'Thailand', '1-------', 'THSRI', 'Sriracha', 'Sriracha', 'QQ', '58522.5'),
(809, '37.27442', '9.87391', '', 'Point', 'Tunisia', '1234----', 'TNBIZ', 'Bizerte', 'Bizerte', 'QQ', '106117.5'),
(810, '34.74056', '10.76028', '', 'Point', 'Tunisia', '1234----', 'TNSFA', 'Sfax', 'Sfax', 'AI', '72212.33334'),
(811, '35.82539', '10.63699', '', 'Point', 'Tunisia', '1234----', 'TNSUS', 'Sousse', 'Sousse', 'QQ', '43545'),
(812, '36.81897', '10.16579', '', 'Point', 'Tunisia', '12345---', 'TNTUN', 'Tunis', 'Tunis', 'AI', '59748'),
(813, '38.79975', '26.97203', '', 'Point', 'Turkey', '1-------', 'TRALI', 'Aliaga', 'Aliaga', 'RL', '8740753.932889998'),
(814, '40.75694', '29.81472', '', 'Point', 'Turkey', '1-3-----', 'TRDRC', 'Derince', 'Derince', 'QQ', '303927'),
(815, '40.99596', '29.02459', '', 'Point', 'Turkey', '1-3-----', 'TRHAY', 'Haydarpasa', 'Haydarpasa', 'QQ', '220592.66669000004'),
(816, '39.08361', '31.14194', '', 'Point', 'Turkey', '1-------', 'TRYAR', 'Yarimca', 'Yarimca', 'QQ', '895813.9999800001'),
(817, '61.21806', '-149.90028', '', 'Point', 'United States', '1--45---', 'USANC', 'Anchorage', 'Anchorage', 'AI', '61671.99999'),
(818, '30.08605', '-94.10185', '', 'Point', 'United States', '1--4----', 'USBPT', 'Beaumont', 'Beaumont', 'AI', '34041'),
(819, '42.35843', '-71.05977', '', 'Point', 'United States', '1--45---', 'USBOS', 'Boston', 'Boston', 'AI', '1565893.3335999998'),
(820, '40.48622', '-74.45182', '', 'Point', 'United States', '--3-----', 'USBCK', 'Brunswick', 'Brunswick', 'RL', '48681'),
(821, '39.92595', '-75.11962', '', 'Point', 'United States', '--3-----', 'USCAT', 'Camden', 'Camden', 'RQ', '176498'),
(822, '32.78501734256295', '-79.92442667527311', '', 'Point', 'United States', '1--4----', 'USCHS', 'Charleston', 'Charleston', 'AI', '23192728.69687001'),
(823, '41.4995', '-81.69541', '', 'Point', 'United States', '--3-----', 'USCAV', 'Cleveland', 'Cleveland', 'RQ', '1974'),
(824, '27.80058', '-97.39638', '', 'Point', 'United States', '1--4----', 'USCRP', 'Corpus Christi', 'Corpus Christi', 'AI', '53712'),
(825, '53.8898', '-166.5422', '', 'Point', 'United States', '1--4----', 'USDUT', 'Dutch Harbor', 'Dutch Harbor', 'AI', '378795.99999'),
(826, '47.97898', '-122.20208', '', 'Point', 'United States', '1-34----', 'USPAE', 'Everett', 'Everett', 'AI', '152295.00003000002'),
(827, '43.85702', '-70.10311', '', 'Point', 'United States', '---4----', 'USFEP', 'Freeport', 'Freeport', 'AI', '751787.11119'),
(828, '29.30135', '-94.7977', '', 'Point', 'United States', '1--4----', 'USGLS', 'Galveston', 'Galveston', 'AI', '47326.5'),
(829, '42.61405', '-70.66313', '', 'Point', 'United States', '1-3-----', 'USGLC', 'Gloucester City', 'Gloucester City', 'RN', '59686.5'),
(830, '30.33218', '-81.65565', '', 'Point', 'United States', '---4----', 'USIJX', 'Jacksonville', 'Jacksonville', 'AI', '5087986.30442'),
(831, '57.78852', '-152.40533', '', 'Point', 'United States', '---4----', 'USADQ', 'Kodiak', 'Kodiak', 'AI', '61671.99999'),
(832, '34.05223', '-118.24368', '', 'Point', 'United States', '1--45---', 'USLAX', 'Los Angeles', 'Los Angeles', 'AI', '12755714.04884'),
(833, '25.77427', '-80.19366', '', 'Point', 'United States', '1--45---', 'USMIA', 'Miami', 'Miami', 'AI', '6651073.40288'),
(834, '30.69436', '-88.04305', '', 'Point', 'United States', '1--4----', 'USMOB', 'Mobile', 'Mobile', 'AI', '3378854.4003'),
(835, '34.72294', '-76.72604', '', 'Point', 'United States', '1-3-----', 'USMRH', 'Morehead City', 'Morehead City', 'RN', '44898.75'),
(836, '29.95465', '-90.07507', '', 'Point', 'United States', '12345---', 'USMSY', 'New Orleans', 'New Orleans', 'AI', '8818359.613815997'),
(837, '30.15946', '-85.65983', '', 'Point', 'United States', '1--4----', 'USPFN', 'Panama City', 'Panama City', 'AI', '82722'),
(838, '45.52345', '-122.67621', '', 'Point', 'United States', '1--4----', 'USPWM', 'Portland', 'Portland', 'AI', '27248.000001'),
(839, '45.52345', '-122.67621', '', 'Point', 'United States', '1--4----', 'USPDX', 'Portland', 'Portland', 'AI', '336570'),
(840, '32.08354', '-81.09983', '', 'Point', 'United States', '1--4----', 'USSAV', 'Savannah', 'Savannah', 'AI', '26558703.755599998'),
(841, '47.60621', '-122.33207', '', 'Point', 'United States', '1--45---', 'USSEA', 'Seattle', 'Seattle', 'AI', '10283805.920580002'),
(842, '47.25288', '-122.44429', '', 'Point', 'United States', '1--4----', 'USTIW', 'Tacoma', 'Tacoma', 'AI', '4139226.61899'),
(843, '27.94752', '-82.45843', '', 'Point', 'United States', '1--45---', 'USTPA', 'Tampa', 'Tampa', 'AI', '1911998.4003'),
(844, '45.63873', '-122.66149', '', 'Point', 'United States', '1-3-----', 'USVAN', 'Vancouver', 'Vancouver', 'RN', '65700'),
(845, '26.71534', '-80.05337', '', 'Point', 'United States', '1--4----', 'USPBI', 'West Palm Beach', 'West Palm Beach', 'AI', '222144'),
(846, '39.74595', '-75.54659', '', 'Point', 'United States', '1--4----', 'USILG', 'Wilmington', 'Wilmington', 'AI', '290589'),
(847, '-34.90328', '-56.18816', '', 'Point', 'Uruguay', '1--45---', 'UYMVD', 'Montevideo', 'Montevideo', 'AF', '11543641.215'),
(848, '18.3419', '-64.9307', '', 'Point', 'Virgin Islands, U.S.', '1-------', 'VICHA', 'Charlotte Amalie, Saint Thomas', 'Charlotte Amalie, Saint Thomas', 'AI', '307918'),
(849, '20.86481', '106.68345', '', 'Point', 'Viet Nam', '1-------', 'VNHPH', 'Haiphong', 'Haiphong', 'AI', '10072807.932540001'),
(850, '-17.73648', '168.31366', '', 'Point', 'Vanuatu', '1--45---', 'VUVLI', 'Port Vila', 'Port Vila', 'AI', '453739'),
(851, '-15.51989', '167.16235', '', 'Point', 'Vanuatu', '1-------', 'VUSAN', 'Santo', 'Santo', 'RQ', '206498.5'),
(852, '-13.83333', '-171.76666', '', 'Point', 'Samoa', '1--45---', 'WSAPW', 'Apia', 'Apia', 'AI', '339021.5'),
(853, '12.77944', '45.03667', '', 'Point', 'Yemen', '1--45---', 'YEADE', 'Aden', 'Aden', 'AI', '126082.5'),
(854, '14.54248', '49.12424', '', 'Point', 'Yemen', '1--4----', 'YEMKX', 'Mukalla', 'Mukalla', 'AI', '30745'),
(855, '-33.01529', '27.91162', '', 'Point', 'South Africa', '1234----', 'ZAELS', 'East London', 'East London', 'AF', '15600'),
(856, '-33.96109', '25.61494', '', 'Point', 'South Africa', '1--45---', 'ZAPLZ', 'Port Elizabeth', 'Port Elizabeth', 'AF', '2557154.46211'),
(857, '-28.78301', '32.03768', '', 'Point', 'South Africa', '1--4----', 'ZARCB', 'Richards Bay', 'Richards Bay', 'AF', '164538.86664000002');

-- --------------------------------------------------------

--
-- Table structure for table `reports`
--

CREATE TABLE `reports` (
  `id` int(11) NOT NULL,
  `vessel_id` int(11) DEFAULT NULL,
  `container_id` int(11) DEFAULT NULL,
  `voy` varchar(50) DEFAULT NULL,
  `ref_number` varchar(255) DEFAULT NULL,
  `report_type` varchar(255) DEFAULT NULL,
  `created_at` timestamp NULL DEFAULT NULL,
  `updated_at` timestamp NULL DEFAULT NULL
) ENGINE=InnoDB DEFAULT CHARSET=utf8mb4;

--
-- Dumping data for table `reports`
--

INSERT INTO `reports` (`id`, `vessel_id`, `container_id`, `voy`, `ref_number`, `report_type`, `created_at`, `updated_at`) VALUES
(1, 20, 18, 'IP123R', '7213-01', 'export_form', '2021-06-22 13:42:20', '2021-06-22 13:42:20'),
(2, 22, 21, 'OEH9FWIMA', '7213-02', 'export_form', '2021-06-22 14:17:41', '2021-06-22 14:17:41'),
(3, 23, 22, '2123W', '7213-03', 'export_form', '2021-06-22 14:43:33', '2021-06-22 14:43:33'),
(4, 24, 23, '004E', '7213-04', 'export_form', '2021-06-22 15:02:22', '2021-06-22 15:02:22'),
(5, 24, 24, '004E', '7213-05', 'export_form', '2021-06-23 09:28:55', '2021-06-23 09:28:55'),
(6, 38, 36, 'OFF36EIMA', '7213-06', 'export_form', '2021-06-23 09:59:40', '2021-06-23 09:59:40'),
(7, 39, 25, '158W', '7214-01', 'import_vehicle_form', '2021-06-23 10:35:17', '2021-06-23 10:35:17'),
(8, 26, 26, 'OMX97WIM', '7214-02', 'import_package_form', '2021-06-23 10:52:25', '2021-06-23 10:52:25'),
(9, 40, 37, '2117', '7215-01', 'import_package_form', '2021-06-23 13:40:26', '2021-06-23 13:40:26'),
(10, 26, 38, 'OMX97', '7215-02', 'import_package_form', '2021-06-23 13:50:07', '2021-06-23 13:50:07'),
(11, 41, 39, '2119', '7215-03', 'import_package_form', '2021-06-23 13:57:06', '2021-06-23 13:57:06'),
(12, 42, 40, '024', '7215-04', 'import_package_form', '2021-06-23 14:01:39', '2021-06-23 14:01:39'),
(13, 43, 41, '061W', '7215-05', 'import_package_form', '2021-06-23 14:07:28', '2021-06-23 14:07:28'),
(14, 42, 42, '024', '7215-06', 'import_package_form', '2021-06-23 14:12:07', '2021-06-23 14:12:07'),
(15, 44, 43, '2102E', '7215-07', 'import_package_form', '2021-06-23 14:16:41', '2021-06-23 14:16:41'),
(16, 45, 44, '120N', '7215-08', 'import_vehicle_form', '2021-06-23 14:31:19', '2021-06-23 14:31:19'),
(17, 7, 45, '2121w', '7216-01', 'import_vehicle_form', '2021-06-23 15:01:41', '2021-06-23 15:01:41'),
(18, 7, 46, '2121w', '7216-02', 'import_vehicle_form', '2021-06-23 15:07:42', '2021-06-23 15:07:42'),
(19, 7, 47, '2121w', '7216-03', 'import_vehicle_form', '2021-06-23 15:15:32', '2021-06-23 15:15:32'),
(20, 46, 48, '144E', '7216-04', 'import_vehicle_form', '2021-06-23 15:23:48', '2021-06-23 15:23:48'),
(21, 7, 49, '2121w', '7216-05', 'import_vehicle_form', '2021-06-23 15:32:28', '2021-06-23 15:32:28'),
(22, 7, 50, '2121', '7216-06', 'import_package_form', '2021-06-23 15:42:20', '2021-06-23 15:42:20'),
(23, 7, 51, '2119W', '7216-07', 'import_package_form', '2021-06-23 15:46:41', '2021-06-23 15:46:41'),
(24, 47, 52, '210W', '7217-01', 'import_package_form', '2021-06-24 09:26:15', '2021-06-24 09:26:15'),
(25, 42, 53, '024', '7217-02', 'import_package_form', '2021-06-24 09:42:55', '2021-06-24 09:42:55'),
(26, 48, 54, '058', '7217-03', 'import_package_form', '2021-06-24 09:53:47', '2021-06-24 09:53:47'),
(27, 49, 55, 'v-01w', '7218-01', 'import_vehicle_form', '2021-06-24 10:09:59', '2021-06-24 10:09:59'),
(28, 11, 56, '1218', '7218-02', 'import_vehicle_form', '2021-06-24 10:15:43', '2021-06-24 10:15:43'),
(29, 50, 57, 'w172', '7218-03', 'import_vehicle_form', '2021-06-24 10:59:31', '2021-06-24 10:59:31'),
(30, 49, 58, '01', '7219-01', 'import_package_form', '2021-06-24 11:58:52', '2021-06-24 11:58:52');

-- --------------------------------------------------------

--
-- Table structure for table `users`
--

CREATE TABLE `users` (
  `id` int(11) NOT NULL,
  `userTypeId` int(11) DEFAULT NULL,
  `name` varchar(100) NOT NULL,
  `email` varchar(100) NOT NULL,
  `password` varchar(100) NOT NULL,
  `email_verified_at` timestamp NULL DEFAULT NULL,
  `remember_token` varchar(100) DEFAULT NULL,
  `created_at` timestamp NULL DEFAULT NULL,
  `updated_at` timestamp NULL DEFAULT NULL,
  `deleted_at` timestamp NULL DEFAULT NULL
) ENGINE=InnoDB DEFAULT CHARSET=utf8mb4;

--
-- Dumping data for table `users`
--

INSERT INTO `users` (`id`, `userTypeId`, `name`, `email`, `password`, `email_verified_at`, `remember_token`, `created_at`, `updated_at`, `deleted_at`) VALUES
(1, 1, 'test', 'admin@united.com', '$2y$10$USM804Ba4qsz12ico5oPueLnTu3urXHp36u2pfRw5C7DRIYAE8JbG', NULL, 'lHobPOnrkCoyVgJe9mBQWJGKY3GOtQyJiMXgDVjAAV8IdbexkUoPnu6PsSEe', '2021-02-16 08:20:56', '2021-04-08 15:25:31', NULL),
(2, 3, 'Inspector', 'inspector@gmail.com', '$2y$10$M2x0xZbR9wEG8fGGJtf3N.fjxMm/Op6LDF6Mnk1d3912HFfSWUrna', NULL, NULL, '2021-03-04 06:29:28', '2021-03-04 06:29:28', NULL),
(3, 2, 'alishba', 'alishba@gmail.com', '$2y$10$0EtRNKA0j2xAHPh1fUXFuuWXOGRp2BmpDvPOZOy5of5NU1X5eHtlq', NULL, NULL, '2021-06-17 12:12:04', '2021-06-17 12:12:13', '2021-06-17 12:12:13');

-- --------------------------------------------------------

--
-- Table structure for table `usertype`
--

CREATE TABLE `usertype` (
  `id` int(11) NOT NULL,
  `name` varchar(100) NOT NULL
) ENGINE=InnoDB DEFAULT CHARSET=utf8mb4;

--
-- Dumping data for table `usertype`
--

INSERT INTO `usertype` (`id`, `name`) VALUES
(1, 'Admin'),
(2, 'Supervisor'),
(3, 'Inspector');

-- --------------------------------------------------------

--
-- Table structure for table `vessels`
--

CREATE TABLE `vessels` (
  `id` int(11) NOT NULL,
  `name` varchar(100) NOT NULL,
  `deleted_at` timestamp NULL DEFAULT NULL
) ENGINE=InnoDB DEFAULT CHARSET=utf8mb4;

--
-- Dumping data for table `vessels`
--

INSERT INTO `vessels` (`id`, `name`, `deleted_at`) VALUES
(1, 'kmtc colombo', NULL),
(2, 'kmtc colombo', NULL),
(3, 'greenwich bridge', NULL),
(4, 'dsf', NULL),
(5, 'csl sophie', NULL),
(6, 'ital liricia', NULL),
(7, 'ningbo express', NULL),
(8, 'ym eternity', NULL),
(9, 'ggg', NULL),
(11, 'tsingtao express', NULL),
(13, 'kmtc colombo-10', NULL),
(16, 'safff', NULL),
(17, 'hassan', NULL),
(18, 'vessel 2.0', NULL),
(19, 'mol globe', NULL),
(20, 'msc pina', NULL),
(21, 'jukku', NULL),
(22, 'nagoya express', NULL),
(23, 'yantian express', NULL),
(24, 'glen canyon', NULL),
(25, 'every dainty', NULL),
(26, 'apl chongqing', NULL),
(27, 'kmtc colombo-26', NULL),
(28, 'bvhvhb', NULL),
(29, 'gvvhv', NULL),
(30, 'vgvhvyv', NULL),
(31, 'zjsjsk', NULL),
(32, 'hhhh', NULL),
(33, 'jh', NULL),
(34, 'y g', NULL),
(35, 'vessa', NULL),
(36, 'fgdfdd', NULL),
(37, 'ffrr', NULL),
(38, 'cma cgm rigoletto', NULL),
(39, 'ever dainty', NULL),
(40, 'actuaria', NULL),
(41, 'nord spring', NULL),
(42, 'oel kedarnath', NULL),
(43, 'hyundai paramount', NULL),
(44, 'kota lumba', NULL),
(45, 'cape carmel', NULL),
(46, 'mol generosity', NULL),
(47, 'mol growth', NULL),
(48, 'xin yan tian', NULL),
(49, 'bea schulte', NULL),
(50, 'ever ursula', NULL),
(51, 'kmtc colombo-50', NULL);

--
-- Indexes for dumped tables
--

--
-- Indexes for table `agents`
--
ALTER TABLE `agents`
  ADD PRIMARY KEY (`id`);

--
-- Indexes for table `containers`
--
ALTER TABLE `containers`
  ADD PRIMARY KEY (`id`),
  ADD KEY `item_type_foreign_key` (`itemtype_Id`);

--
-- Indexes for table `exportcargodetails`
--
ALTER TABLE `exportcargodetails`
  ADD PRIMARY KEY (`id`),
  ADD KEY `userId` (`userId`,`exportCargoId`,`itemTypeId`,`remarkUserId`),
  ADD KEY `exportCargoId` (`exportCargoId`),
  ADD KEY `remarkUserId` (`remarkUserId`),
  ADD KEY `itemTypeId` (`itemTypeId`);

--
-- Indexes for table `exportcargoes`
--
ALTER TABLE `exportcargoes`
  ADD PRIMARY KEY (`id`),
  ADD KEY `vesselId` (`vesselId`,`agentId`,`frieghtForwarderId`,`portId`),
  ADD KEY `userId` (`userId`),
  ADD KEY `agentId` (`agentId`),
  ADD KEY `portId` (`portId`),
  ADD KEY `frieghtForwarderId` (`frieghtForwarderId`);

--
-- Indexes for table `exportcertificate`
--
ALTER TABLE `exportcertificate`
  ADD PRIMARY KEY (`id`),
  ADD KEY `exportCargoId` (`exportCargoId`);

--
-- Indexes for table `failed_jobs`
--
ALTER TABLE `failed_jobs`
  ADD PRIMARY KEY (`id`);

--
-- Indexes for table `frieghtforwarders`
--
ALTER TABLE `frieghtforwarders`
  ADD PRIMARY KEY (`id`);

--
-- Indexes for table `importcargodetails`
--
ALTER TABLE `importcargodetails`
  ADD PRIMARY KEY (`id`),
  ADD KEY `userId` (`userId`,`importCargoId`,`remarkUserId`),
  ADD KEY `importCargoId` (`importCargoId`),
  ADD KEY `remarkUserId` (`remarkUserId`);

--
-- Indexes for table `importcargoes`
--
ALTER TABLE `importcargoes`
  ADD PRIMARY KEY (`id`),
  ADD KEY `importcargoes_ibfk_1` (`userId`),
  ADD KEY `importcargoes_ibfk_2` (`vesselId`),
  ADD KEY `importcargoes_ibfk_3` (`containerId`);

--
-- Indexes for table `itemtypes`
--
ALTER TABLE `itemtypes`
  ADD PRIMARY KEY (`id`);

--
-- Indexes for table `migrations`
--
ALTER TABLE `migrations`
  ADD PRIMARY KEY (`id`);

--
-- Indexes for table `oauth_access_tokens`
--
ALTER TABLE `oauth_access_tokens`
  ADD PRIMARY KEY (`id`),
  ADD KEY `oauth_access_tokens_user_id_index` (`user_id`);

--
-- Indexes for table `oauth_auth_codes`
--
ALTER TABLE `oauth_auth_codes`
  ADD PRIMARY KEY (`id`),
  ADD KEY `oauth_auth_codes_user_id_index` (`user_id`);

--
-- Indexes for table `oauth_clients`
--
ALTER TABLE `oauth_clients`
  ADD PRIMARY KEY (`id`),
  ADD KEY `oauth_clients_user_id_index` (`user_id`);

--
-- Indexes for table `oauth_personal_access_clients`
--
ALTER TABLE `oauth_personal_access_clients`
  ADD PRIMARY KEY (`id`);

--
-- Indexes for table `oauth_refresh_tokens`
--
ALTER TABLE `oauth_refresh_tokens`
  ADD PRIMARY KEY (`id`),
  ADD KEY `oauth_refresh_tokens_access_token_id_index` (`access_token_id`);

--
-- Indexes for table `password_resets`
--
ALTER TABLE `password_resets`
  ADD KEY `password_resets_email_index` (`email`);

--
-- Indexes for table `ports`
--
ALTER TABLE `ports`
  ADD PRIMARY KEY (`id`);

--
-- Indexes for table `reports`
--
ALTER TABLE `reports`
  ADD PRIMARY KEY (`id`);

--
-- Indexes for table `users`
--
ALTER TABLE `users`
  ADD PRIMARY KEY (`id`);

--
-- Indexes for table `usertype`
--
ALTER TABLE `usertype`
  ADD PRIMARY KEY (`id`);

--
-- Indexes for table `vessels`
--
ALTER TABLE `vessels`
  ADD PRIMARY KEY (`id`);

--
-- AUTO_INCREMENT for dumped tables
--

--
-- AUTO_INCREMENT for table `agents`
--
ALTER TABLE `agents`
  MODIFY `id` int(11) NOT NULL AUTO_INCREMENT, AUTO_INCREMENT=64;

--
-- AUTO_INCREMENT for table `containers`
--
ALTER TABLE `containers`
  MODIFY `id` int(11) NOT NULL AUTO_INCREMENT, AUTO_INCREMENT=59;

--
-- AUTO_INCREMENT for table `exportcargodetails`
--
ALTER TABLE `exportcargodetails`
  MODIFY `id` int(11) NOT NULL AUTO_INCREMENT, AUTO_INCREMENT=116;

--
-- AUTO_INCREMENT for table `exportcargoes`
--
ALTER TABLE `exportcargoes`
  MODIFY `id` int(11) NOT NULL AUTO_INCREMENT, AUTO_INCREMENT=39;

--
-- AUTO_INCREMENT for table `exportcertificate`
--
ALTER TABLE `exportcertificate`
  MODIFY `id` int(11) NOT NULL AUTO_INCREMENT, AUTO_INCREMENT=39;

--
-- AUTO_INCREMENT for table `failed_jobs`
--
ALTER TABLE `failed_jobs`
  MODIFY `id` bigint(20) UNSIGNED NOT NULL AUTO_INCREMENT;

--
-- AUTO_INCREMENT for table `frieghtforwarders`
--
ALTER TABLE `frieghtforwarders`
  MODIFY `id` int(11) NOT NULL AUTO_INCREMENT, AUTO_INCREMENT=65;

--
-- AUTO_INCREMENT for table `importcargodetails`
--
ALTER TABLE `importcargodetails`
  MODIFY `id` int(11) NOT NULL AUTO_INCREMENT, AUTO_INCREMENT=172;

--
-- AUTO_INCREMENT for table `importcargoes`
--
ALTER TABLE `importcargoes`
  MODIFY `id` int(11) NOT NULL AUTO_INCREMENT, AUTO_INCREMENT=38;

--
-- AUTO_INCREMENT for table `itemtypes`
--
ALTER TABLE `itemtypes`
  MODIFY `id` int(11) NOT NULL AUTO_INCREMENT, AUTO_INCREMENT=6;

--
-- AUTO_INCREMENT for table `migrations`
--
ALTER TABLE `migrations`
  MODIFY `id` int(10) UNSIGNED NOT NULL AUTO_INCREMENT;

--
-- AUTO_INCREMENT for table `oauth_personal_access_clients`
--
ALTER TABLE `oauth_personal_access_clients`
  MODIFY `id` bigint(20) UNSIGNED NOT NULL AUTO_INCREMENT, AUTO_INCREMENT=2;

--
-- AUTO_INCREMENT for table `ports`
--
ALTER TABLE `ports`
  MODIFY `id` int(11) NOT NULL AUTO_INCREMENT, AUTO_INCREMENT=858;

--
-- AUTO_INCREMENT for table `reports`
--
ALTER TABLE `reports`
  MODIFY `id` int(11) NOT NULL AUTO_INCREMENT, AUTO_INCREMENT=31;

--
-- AUTO_INCREMENT for table `users`
--
ALTER TABLE `users`
  MODIFY `id` int(11) NOT NULL AUTO_INCREMENT, AUTO_INCREMENT=4;

--
-- AUTO_INCREMENT for table `usertype`
--
ALTER TABLE `usertype`
  MODIFY `id` int(11) NOT NULL AUTO_INCREMENT, AUTO_INCREMENT=4;

--
-- AUTO_INCREMENT for table `vessels`
--
ALTER TABLE `vessels`
  MODIFY `id` int(11) NOT NULL AUTO_INCREMENT, AUTO_INCREMENT=52;

--
-- Constraints for dumped tables
--

--
-- Constraints for table `containers`
--
ALTER TABLE `containers`
  ADD CONSTRAINT `item_type_foreign_key` FOREIGN KEY (`itemtype_id`) REFERENCES `itemtypes` (`id`);

--
-- Constraints for table `exportcargodetails`
--
ALTER TABLE `exportcargodetails`
  ADD CONSTRAINT `exportcargodetails_ibfk_1` FOREIGN KEY (`exportCargoId`) REFERENCES `exportcargoes` (`id`),
  ADD CONSTRAINT `exportcargodetails_ibfk_2` FOREIGN KEY (`userId`) REFERENCES `users` (`id`),
  ADD CONSTRAINT `exportcargodetails_ibfk_3` FOREIGN KEY (`remarkUserId`) REFERENCES `users` (`id`),
  ADD CONSTRAINT `exportcargodetails_ibfk_4` FOREIGN KEY (`itemTypeId`) REFERENCES `itemtypes` (`id`);

--
-- Constraints for table `importcargodetails`
--
ALTER TABLE `importcargodetails`
  ADD CONSTRAINT `importcargodetails_ibfk_1` FOREIGN KEY (`userId`) REFERENCES `users` (`id`),
  ADD CONSTRAINT `importcargodetails_ibfk_3` FOREIGN KEY (`remarkUserId`) REFERENCES `users` (`id`);
COMMIT;

/*!40101 SET CHARACTER_SET_CLIENT=@OLD_CHARACTER_SET_CLIENT */;
/*!40101 SET CHARACTER_SET_RESULTS=@OLD_CHARACTER_SET_RESULTS */;
/*!40101 SET COLLATION_CONNECTION=@OLD_COLLATION_CONNECTION */;
